:020000040800F2
:10800000605E0120558200085D8200085F820008E2
:108010006182000863820008658200080000000099
:108020000000000000000000000000009D8100082A
:108030006982000800000000F181000841A40008E6
:108040006F8200086F8200086F82000895A1000807
:108050006F8200086F8200086F8200086F8200083C
:108060006F8200086F8200086F8200086F8200082C
:108070006F8200086F8200086F8200086F8200081C
:108080006F8200086F8200086F8200086F8200080C
:10809000399100086F8200086F8200086F82000823
:1080A0006F8200086F8200086F8200086F820008EC
:1080B0006F820008DDA400086F8200086F8200084C
:1080C0006F8200086F8200086F8200086F820008CC
:1080D0006F82000851A600088DA6000895A600082A
:1080E0006F8200086D9D00086F8200086F82000893
:1080F0006F8200086F8200086F8200086F8200089C
:108100006F82000851A300086F8200086F82000888
:1081100011A6000849A600086F8200086F820008B7
:108120006F8200086F8200086F8200086F8200086B
:108130006F8200086F8200086F8200086F8200085B
:108140006F8200086F8200086F8200086F8200084B
:108150006F8200086F8200086F820008CDA60008B9
:108160006F8200086F8200086F8200086F8200082B
:108170006F8200086F8200086F8200086F8200081B
:108180006F8200086F820008DFF80CD000F0AEFDAF
:108190000048004709910008605E01202A4B1968D9
:1081A0000868B0E8F04F80F30988BFF36F8F4FF095
:1081B000000080F311887047000000000648006846
:1081C000006880F3088862B661B6BFF34F8FBFF3D3
:1081D0006F8F00DF00BF00BF08ED00E0DFF80C008C
:1081E000016841F470010160704700BF88ED00E054
:1081F000EFF30980BFF36F8F134B1A681EF0100F57
:1082000008BF20ED108A20E9F04F106008B44FF04D
:10821000100080F31188BFF34F8FBFF36F8F08F00A
:10822000A9FE4FF0000080F3118808BC19680868A7
:10823000B0E8F04F1EF0100F08BFB0EC108A80F3CA
:108240000988BFF36F8F7047DC000020EFF30580D3
:10825000704700000648804706480047FEE7FEE7F3
:10826000FEE7FEE7FEE7FEE7FEE7FEE7FEE7FEE7E6
:1082700075A400088981000838B5D0E90221491E9B
:1082800001EB410102EBC1014268C1EB011102EBBC
:1082900081010268C1EB011102EB8102D0E90431D6
:1082A00001EB410103EB81013023A1F5527191FBF8
:1082B000F3F4174D6C4302EBC41291FBF3F403FB90
:1082C000141100921A2902DB124B1A4400920C225C
:1082D00091FBF2F3104C6343009C04EBC313009337
:1082E00091FBF2F302FB13110C4A08E0491E40F225
:1082F000A324535C6343009C04EBC3130093002945
:10830000F4DC0146684600F0BBFB009838BD000075
:108310003F0C0F008051010067C203006821010873
:1083200040EA01039B0703D009E008C9121F08C0F7
:10833000042AFAD203E011F8013B00F8013B521E77
:10834000F9D27047D2B201E000F8012B491EFBD2EE
:1083500070470022F6E710B513460A460446194650
:10836000FFF7F0FF204610BD30B505462A460B4604
:1083700012F8010B13F8014B08B1A042F8D01CB160
:10838000002802D06D1CF1E7284630BD421C10F8D1
:10839000011B0029FBD1801A704700000FB400B503
:1083A0008DB010A909900B9000914FF0FF300A900A
:1083B00000200C9005480690054807906A4609A8D9
:1083C0000F9900F0B7FB0DB05DF814FB518B00085E
:1083D0006F8B00082DE9FF5F1D464FF0FF3BD5E98D
:1083E000014691465F464FF00008A9697F1C01983D
:1083F0008847296A824688470028F6D1BAF1FF3FAC
:108400000CD024F4C064002E19DD600614D5BAF136
:108410002B0F09D0BAF12D0F0ED103E0584604B04E
:10842000BDE8F09F44F48064A9697F1C01988847E7
:10843000761E8246002E02DDBAF1300F03D0B9F16C
:10844000000F26D032E0A969761E44F400747F1C28
:10845000019888478246002E05DDBAF1780F06D0D4
:10846000BAF1580F03D0B9F1000F10D01EE0B9F1E6
:10847000000F02D0B9F1100F18D1A969761E24F4AB
:1084800000747F1C019888478246102002E0082073
:1084900000E00A20814609E008FB0908A969761E68
:1084A00044F400747F1C019888478246002E05DD45
:1084B0004946504600F02AFB0028EDDAE9690198A8
:1084C0008847A00502D46FF00100A8E7E00725D196
:1084D000600613D5600502D5C8F1000000E04046F3
:1084E00029680A1D2A600968220501D5087015E06F
:1084F000220701D5088011E008600FE02868011DFF
:1085000029600068210502D580F8008006E0210777
:1085100002D5A0F8008001E0C0F8008038467EE770
:108520002DE9FF5FD2E901A74FF000089169994654
:108530001446DDF838B0464601988847054659EAA2
:108540000B0005D009E0A169761C01988847054613
:10855000216A284688470028F5D1681C03D05FEAC5
:10856000CA7005D015E04FF0FF3004B0BDE8F09FB1
:108570002068011D2160D0F800800AE05FEACA701F
:1085800001D108F8015BA169761C7F1E019888471C
:108590000546002F1ADD681C18D0B9F1000F0DD068
:1085A000E81705EBD060421120F01F0059F82210A7
:1085B0002A1A012090400142E0D107E0BBF1000FF0
:1085C000DCD1216A284688470028D7D0E169019884
:1085D0008847BBF1000F07D1002E05DD5FEACA70A6
:1085E00002D1002188F80010A068B84203DDBBF179
:1085F000000F03D017B16FF00100B6E73046B4E7C3
:108600002DE9FE4F804681EA0300C00F0C46009022
:1086100021F0004123F00045B8EB0200A94105D24A
:108620004046214690461C460B46024623F0004039
:10863000104347D0270DC7F30A00C3F30A51029035
:10864000401A019040286BDAC3F3130040F4801BFA
:108650000098924620B10023D2EB030A63EB0B0B88
:1086600001985946C0F14002504600F0D2F9064642
:108670000D4650465946019A00F0EAF910EB080001
:108680006141002487EA115284EAE7731A4340D01B
:10869000009A62B3019A012A4FEA075215DC001BC7
:1086A00061EB02014FF0004202EA0752CDE90042BD
:1086B000001C41F5801132462B4600F078FA03B0D9
:1086C000BDE8F08F40462146F9E7001B61EB02014F
:1086D000001C41F5801300185B412018A2F500171B
:1086E00047EB030140EAD570B6196D4111E06D0802
:1086F0004FEA360645EAC0754FEA0752001B61EBA8
:108700000201001C41F5801149084FEA30000019B0
:10871000514132462B4603B0BDE8F04F00F038BA65
:108720000098012240000023D0EB020263EBE073CB
:10873000009821464FEAE074B8EB000061EB0401B9
:10874000E9E783F000435BE781F0004158E72DE95A
:10875000FE4F81EA030404F0004421F0004100943C
:108760004FF0000B23F0004350EA01045ED052EAC0
:1087700003045BD0C3F30A54C1F30A552C44A4F29A
:10878000F3340194A0FB0254C1F3130141F48011AE
:10879000C3F3130343F4801301FB024400FB034EB5
:1087A000840A970A44EA815447EA8357A4FB07687E
:1087B00002958D0A05FB07854FEA932C04FB0C54A8
:1087C0002705029D4FEA065847EA1637B5EB08051C
:1087D0006EEB070C870E920E47EA811742EA83126E
:1087E000A7FB0201B6EB0B0164EB00042B0D43EA7F
:1087F0000C335E1844EB1C50DA465146E7FB02018D
:10880000C5F313044FEA0B3343EA14534FEA04321F
:10881000019C43EA0603A4F10C040294009CCDE9F8
:1088200000B400F0C4F903B0BDE8F08F00200146A9
:10883000F9E72DE9F04D81EA030404F0004B21F043
:10884000004514464FF0000A23F0004150EA0502AB
:1088500020D054EA01021DD0C5F30A570246C5F3E1
:108860001303C1F31300C1F30A5640F4801543F417
:108870008013A7EB0608101BD64608F2FD3873EBF1
:10888000050002D308F1010801E092185B41B8F13C
:10889000000F03DA00200146BDE8F08D00204FF400
:1088A0008011064684460EE0171B73EB050705D3BF
:1088B000121B63EB050306434CEA010C49084FEA1F
:1088C000300092185B4150EA0107EDD152EA0300F3
:1088D00012D082EA040083EA0501084305D0101B88
:1088E000AB4106D20122002306E000224FF00043F4
:1088F00002E06FF0010253101AEB06004CEB085136
:1089000010EB0A0041EB0B01BDE8F04D00F040B95F
:108910000EB5C10F80EAE0700844CA07002140F29A
:1089200033438DE80E000A460B4600F040F903B0D1
:1089300000BD0EB540F2334102910021CDE9001196
:108940000A460B4600F033F903B000BDC1F30A52EA
:1089500010B5C1F3130140F2FF3341F480119A4284
:1089600001DA002010BD40F233439A42A2F23342B2
:1089700003DC524200F05CF810BD904010BD0000D6
:1089800030B5041E71F1000404DB4FF00044404296
:1089900064EB0101141E73F1000405DB1C464FF06B
:1089A0000043524263EB0403994208BF904230BD3A
:1089B0002DE9F05F0546002092469B468846064614
:1089C000814640241BE0284641464746224600F0A7
:1089D0002FF853465A46C01A914110D311461846F3
:1089E000224600F016F82D1A67EB01084F46224682
:1089F0000120002100F00DF817EB00094E41201E68
:108A0000A4F10104DFDC484631462A464346BDE86E
:108A1000F09F202A04DB203A00FA02F10020704780
:108A20009140C2F1200320FA03F3194390407047AC
:108A3000202A04DB203A21FA02F00021704721FAB3
:108A400002F3D040C2F1200291400843194670471A
:108A5000202A06DBCB17203A41FA02F043EAE07302
:108A600006E041FA02F3D040C2F1200291400843EF
:108A700019467047014900F003B80000305A012040
:108A800010B500683C22B0FBF2F302FB1303B0FB0D
:108A9000F2F00B60B0FBF2F302FB1303B0FBF2F059
:108AA00018224B60B0FBF2F302FB1303B0FBF2F0B1
:108AB000021D8B600723B2FBF3F403FB142280003A
:108AC00040F2B55300F66C308A61B0FBF3F2B0FBB4
:108AD000F3F403FB1400443280084A61C8613B2868
:108AE00002D3920700D0401C0022074C13460A61B3
:108AF000E25C824203D8801A5B1C0B61F8E7401CE1
:108B0000C860084610BD0000982201083A2800D22B
:108B1000303820F02002412A01D3A2F137008842E8
:108B200001D34FF0FF3070470268114413780160A1
:108B300018467047D160044951610449116200210F
:108B40001161114600F0EAB8298B0008118D000868
:108B5000426842B1016811F8013B23B1521EC0E9DD
:108B60000012184670470121C160881E7047426894
:108B70005AB1C368016843B983688B4205D0491E66
:108B8000521CC0E90012002070474FF0FF307047C0
:108B900010B5141E73F1000408DA401C41F1000105
:108BA00092185B411A4301D120F0010010BD2DE95C
:108BB000F04D92469B4611B1B1FA81F202E0B0FA53
:108BC00080F220329046FFF724FF04460F4640EA29
:108BD0000A0041EA0B0153465A46084313D0114696
:108BE00053EA010019D0C8F140025046FFF720FFB8
:108BF00005460E46504659464246FFF70AFF0843CF
:108C000005D0012004E020463946BDE8F08D002063
:108C1000054346EAE0762C4337430A986305E40AA5
:108C2000A0EB08000022FD0A44EA47540A3002D5AE
:108C300000200146E9E7010510196941DDE9084511
:108C400000196941BDE8F04DA2E72DE9F04D002380
:108C50001A461B1A8A4103DB00200146BDE8F08D4D
:108C6000C1F30A52C1F3130141F480154FF0000B18
:108C7000D10702D100186D41521E0027044640F270
:108C8000FF11384601EB620A3E468046024600204C
:108C90004FF48011FFF7CCFEC2197141BB1846EBAF
:108CA0000100B4EB030C75EB000C04D3E41A65EB84
:108CB000000517460E46241908F101006D41804653
:108CC0003428E3DDF91946EB0600091BA84103D25D
:108CD0004FF0FF32134601E0002213461BEB070062
:108CE00046EB0A51BDE8F04DFFF752BF064C074D69
:108CF00006E0E06840F0010394E80700984710346C
:108D0000AC42F6D3FFF744FAE42201080423010839
:108D1000C0B24FF4F05100F0B7B900002DE9F34FA5
:108D20008BB04FF0000801F10C000C464FF0010B26
:108D300046460DF1080A01906269012101989047A9
:108D4000051E2DD0252D2CD0216A8847C0B162691F
:108D5000012101989047216A88470028F7D1411ED8
:108D600062690198904700E0761CA1690B988847DA
:108D7000216A88470028F7D1E1690B988847DBE72B
:108D8000A1690B9888470746A84201D1761CD3E712
:108D9000E1690B9888477F1C02D1B8F1000F6FD0B2
:108DA00046E1002762693D463946019890472A28E6
:108DB00004D162690121019890470125DFF884926E
:108DC0006269012101989047A0F130010A290AD275
:108DD0004F45E5DC07EB870100EB4107303FDFD46F
:108DE00045F01005ECE7E90601D46FF000476C2868
:108DF0000AD04C2814D0682815D06A280DD07428C1
:108E00001CD07A281AD01DE0626901210198904790
:108E10006C2802D045F0040514E045F002050DE091
:108E200045F020050AE06269012101989047682811
:108E300002D045F0080505E045F4006562690121AE
:108E400001989047C4E9015765283DD019DC58289E
:108E50007AD00CDC452837D004DC252826D04128E0
:108E600031D131E046282FD047282CD12CE05B2887
:108E700077D0612828D063287CD0642823D15AE099
:108E8000D0E06F2848D008DC66281DD067281BD0AA
:108E9000692821D06E2816D127E0702845D0732884
:108EA00068D0752847D078280DD14DE0A1690B987E
:108EB0008847054625283FF469AFE1690B98884744
:108EC0006D1C3FF46AAFB3E023466A466FF00100C1
:108ED0000B99AFF300809EE045F040006060A8076A
:108EE00023464FF0000236D43EE0E8077FF447AF58
:108EF0002068011D21600068290501D506701BE767
:108F0000290701D5068017E7A90703D5F117C0E99E
:108F1000006111E706600FE745F040006060A807B8
:108F200023464FF0080216D41EE040F60E0125EA53
:108F30000100606016E045F040006060A80723462D
:108F40004FF00A0207D40FE045F040006060A80728
:108F500008D5234610226FF001000B99AFF3008073
:108F600059E007E0234610226FF001000B99FFF74C
:108F700031FA50E04FF000094F464B46632802D0CB
:108F80005B2806D040E0E80601D40120A06001275C
:108F90003AE062690121019890475E2805D14FF0BF
:108FA00001096269494601989047216939B9002150
:108FB0000A46534643F82120491C0829FADBB0B37E
:108FC000216969B9C11700EBD16253110AEB830122
:108FD00022F01F02821A01200B68904003430B60AD
:108FE00062690121019890475D28E8D1B9F1000F2D
:108FF00009D00020514651F82020D24341F82020CA
:10900000401C0828F7DB02AB224600976FF00100F6
:109010000B99FFF785FA00280CDA401C08D1BBF148
:10902000000F05D04FF0FF300DB0BDE8F08FFFE727
:109030004046F9E7E90701D108F1010806444FF07D
:10904000000B79E6CCCCCC0C70B5C1F30A5201F020
:1090500000450024C1F3130140F2FF3341F48011B5
:109060009A4201DA002070BD40F233439A42A2F2E4
:10907000334203DC5242FFF7DBFC00E090402C431C
:10908000F1D0404270BD00007F2801D9002208E0E5
:10909000064A02EB5002C007127800D1120902F012
:1090A0000F0201209040084070470000A4220108F0
:1090B00070B58C1810F8015B15F0070301D110F89A
:1090C000013B2A1106D110F8012B03E010F8016BC7
:1090D00001F8016B5B1EF9D12B0705D40023521E4A
:1090E0000DD401F8013BFAE710F8013BCB1A921CB2
:1090F00003E013F8015B01F8015B521EF9D5A142B0
:10910000D8D3002070BD00001CB506F081F8002007
:109110001E2103464FF40072CDE9001003A105485B
:1091200008F09AFD07F0D4FE00201CBD6D61696E49
:1091300000000000D5DD000810B586B0142101A89C
:10914000FFF707F900BF1021EFF3118081F31188B9
:10915000BFF34F8FBFF36F8F00BF044601AA0021FA
:10916000054800F03EF901A807F04AFF204680F3C9
:10917000118800BF06B010BD0064004010B5044661
:109180000B48844209D10121480600F069FC002106
:109190004FF0007000F064FC08E00121880600F048
:1091A0005FFC00214FF0806000F05AFC10BD000011
:1091B0000064004010B50021837A012202FA03F115
:1091C0003D4A126842F001023B4B1A603A4A1C3297
:1091D00012688A43384B1C331A60027BCAB9364A7C
:1091E0000C3212688A43344B0C331A604288C388AD
:1091F00042EA0343304A4032847A42F834300288EB
:10920000838842EA03432C4A4032847A02EBC40248
:109210005360027B012A19D1274A0C3212680A4393
:10922000254B0C331A604288038842EA0343224AE2
:109230004032847A42F83430C288838842EA034359
:109240001D4A4032847A02EBC4025360C27A3AB9B2
:10925000194A121D12688A43174B1B1D1A6006E03B
:10926000154A121D12680A43134B1B1D1A6002890E
:1092700032B9114A143212688A430F4B14331A6000
:109280000289012A06D10C4A143212680A430A4B99
:1092900014331A60427B012A06D1074A1C32126835
:1092A0000A43054B1C331A60034A126822F001027C
:1092B000014B1A6010BD0000006600401AB14369FE
:1092C0000B43436102E043698B434361704730B510
:1092D000024600200023146824F00204146014687D
:1092E00044F00104146000E05B1C546804F00104C5
:1092F0001CB94FF6FF74A342F6D1546804F0010480
:109300000CB900206CE08C79012C04D1146844F075
:109310008004146003E0146824F080041460CC79A5
:10932000012C04D1146844F04004146003E0146874
:1093300024F0400414600C7A012C04D1146844F029
:109340002004146003E0146824F0200414604C7AB4
:10935000012C04D1146844F01004146003E0146874
:1093600024F0100414608C7A012C04D1146844F0A9
:109370000804146003E0146824F008041460CC7A34
:10938000012C04D1146844F00404146003E0146850
:1093900024F0040414608C78A407CD7844EA0564B2
:1093A0000D7944EA05444D7944EA05540D886D1E53
:1093B0002C43D461146824F001041460002300E0FD
:1093C0005B1C546804F001041CB14FF6FF74A34207
:1093D000F6D1546804F001040CB1002000E0012033
:1093E00030BD10B500F5D87303EB01131B6803F013
:1093F00004031372137A53B900F5D87303EB011306
:109400001B6840F2FF7404EA5353136009E000F54F
:10941000D87303EB01131B686FF0604404EAD303B5
:10942000536000F5D87303EB01131B6803F00203CC
:10943000537200F5D87303EB01135B6803F00F035D
:10944000937200F5D87303EB01135B681B0AD374A6
:1094500000F5D87303EB01139B68D37200F5D87342
:1094600003EB01139B681C0A147300F5D87303EB1C
:1094700001139B681C0C547300F5D87303EB0113A4
:109480009B681B0E937300F5D87303EB0113DB6825
:10949000D37300F5D87303EB0113DB681C0A147453
:1094A00000F5D87303EB0113DB681C0C547400F552
:1094B000D87303EB0113DB681B0E937421B9C368E7
:1094C00043F02003C36003E0036943F0200303611A
:1094D00010BD10B502460020936803F08063B3F11D
:1094E000806F00D110E0936803F00063B3F1006F68
:1094F00001D1012008E0936803F08053B3F1805F4D
:1095000001D1022000E00420042874D002F5C073C9
:1095100003EB00131B6803F0010402F5C07303EBB7
:1095200000131C600B7A7BB94B7A0C8843EA4453D6
:1095300002F5C07404EB00142468234302F5C074E0
:1095400004EB0014236010E00B7A4C6843EAC40378
:109550004C7A234302F5C07404EB001424682343BF
:1095600002F5C07404EB001423608B7A03F00F0340
:109570008B7202F5C07303EB00135B6823F00F04DA
:1095800002F5C07303EB00135C6002F5C07303EBDC
:1095900000135B688C7A234302F5C07404EB00145B
:1095A00063608B7B1C064B7B44EA03440B7B44EAE1
:1095B0000323CC7A234302F5C07404EB0014A360A8
:1095C0008B7C1C064B7C44EA03440B7C44EA03235B
:1095D000CC7B234302F5C07404EB0014E36002F576
:1095E000C07303EB00131B6843F0010402F5C07362
:1095F00003EB00131C6010BD10B52DED080B2DED15
:10960000108B92B0B0EE418AF0EE618AB0EE429AD1
:10961000F0EE629AB0EE43AAF0EE63AA9DED220B43
:1096200000F072FEB0EE40CAF0EE60CAB0EE490A39
:10963000F0EE690A00F068FEB0EE40DAF0EE60DAB3
:1096400053EC1D2B51EC1C0BFFF77BF8CDE91001FF
:10965000B0EE4A0AF0EE6A0A00F056FEB0EE40EABA
:10966000F0EE60EAB0EE480AF0EE680A00F04CFE58
:10967000B0EE40FAF0EE60FA53EC1E2B51EC1F0BEB
:10968000FFF75FF8CDE90E019FED490B53EC102B6E
:109690009DED0E0B51EC100BFFF7CBF841EC1F0BBF
:1096A000B0EE4F0AF0EE6F0A01F066F9B0EE40EA54
:1096B000F0EE60EA00F0A2F98DED020BB0EE4D0A7B
:1096C000F0EE6D0A01F0F4F8B0EE40EAF0EE60EA78
:1096D000B0EE4C0AF0EE6C0A01F0EAF8B0EE40FA97
:1096E000F0EE60FA53EC1E2B51EC1F0BFFF72FF836
:1096F000CDE900019DED020B53EC102B9DED000B0D
:1097000051EC100BFFF723F89FED290B53EC102BB6
:10971000CDE906019DED100B51EC100BFFF789F818
:1097200041EC1F0BB0EE4F0AF0EE6F0A01F024F986
:10973000B0EE40EAF0EE60EA00F060F98DED040B67
:109740009DED060B53EC102B9DED040B51EC100B13
:10975000FEF756FFCDE908019DED080B01F070F909
:109760008DED0A0B9DED0A0B01F006F98DED0C0B4A
:109770009FED0F0B53EC102B9DED0C0B51EC100BD0
:10978000FEF7E5FF41EC1B0B9FED0B0B53EC102B91
:1097900051EC1B0BFEF7DBFF41EC1B0BB0EE4B0A51
:1097A000F0EE6B0A12B0BDEC108B08B010BD0000DB
:1097B00000000000000000408D976E1223EAB840C0
:1097C0000149086070470000143C01400021234912
:1097D0008279002A3AD00A46126803689A430B46F7
:1097E0001A600A1D126803689A430B1D1A600279F9
:1097F00011440A6803681A430A60184A083212685A
:1098000003689A43154B08331A601A1D12680368DF
:109810009A43124B0C331A604279102A0ED11A1F48
:10982000126803681A430D4B08331A601A1D126838
:1098300003681A43094B0C331A600DE0074942795B
:1098400011440A6803681A430A6005E0027911446A
:109850000A6803689A430A6070470000003C0140B0
:10986000F0B50A4600210023002400BF3DE0012599
:1098700005FA01F3156805EA03049C4234D1056832
:109880004F000326BE40B543056015794E00B54034
:109890000668354305601579012D02D01579022D32
:1098A00016D185684F000326BE40B54385605579C3
:1098B0004E00B540866835438560456801268E4078
:1098C000B5434560456896798E40B6B235434560EC
:1098D000C5684F000326BE40B543C560D5794E002C
:1098E000B540C6683543C560491C1029BFD3F0BDDB
:1098F000F0B5002300244D07ED0E02FA05F3CE105B
:1099000000F1200555F826504E07F70E0F26BE40F1
:10991000B543CF1000F1200646F82750CE1000F1D5
:10992000200555F8265045EA0304CE1000F1200525
:1099300045F82640F0BD4183704701837047000021
:109940004AF6AA2001490860704700000030004034
:1099500070B5002100230F22C4781CB3174C246873
:1099600004F4E064C4F5E064C4F30721C1F1040425
:10997000E3B20A4144789C40E1B284781440214328
:109980000C07210E0E4C05786155047804F01F0574
:109990000124AC4005786D11AD0005F1E025C5F856
:1099A000004109E0047804F01F050124AC40054D96
:1099B0000678761145F8264070BD00000CED00E0F9
:1099C00000E400E080E100E002490143024A116046
:1099D000704700000000FA050CED00E0024A0A4062
:1099E0000243024B1A60704780FFFF1F08ED00E042
:1099F000014908627047000000000E4210B52DEDCD
:109A0000028BB0EE408AF0EE608A53EC182B51ECDA
:109A1000180BFEF79CFE41EC100BBDEC028B10BD49
:109A200029B1064A12680243044B1A6004E0034A53
:109A300012688243014B1A607047000030380240C0
:109A400029B1064A12680243044B1A6004E0034A33
:109A500012688243014B1A60704700004038024090
:109A600029B1064A12680243044B1A6004E0034A13
:109A700012688243014B1A60704700002038024090
:109A800029B1064A12680243044B1A6004E0034AF3
:109A900012688243014B1A6070470000443802404C
:109AA0000E48006840F001000C49086000200B4996
:109AB00008310860094800680949084007490860FA
:109AC0000848091D0860081F006820F48020091F4D
:109AD0000860002001490C310860704700380240DE
:109AE000FFFFF6FE10300024F0B500210022002414
:109AF000022500260223324F3F6807F00C0121B1F6
:109B0000042905D0082937D105E02E4F076036E03B
:109B10002D4F076033E02A4F3F1F3F68C7F3805641
:109B2000274F3F1F3F6807F03F036EB1264FB7FB3B
:109B3000F3F7DFF88CC0ACF1040CDCF800C0CCF318
:109B4000881C07FB0CF40CE01E4FB7FBF3F7DFF8A3
:109B500070C0ACF1040CDCF800C0CCF3881C07FB2F
:109B60000CF4174F3F1F3F68C7F301477F1C7D0070
:109B7000B4FBF5F7076002E0124F076000BF00BFBB
:109B80000F4F3F6807F0F0010909104F7A5C076832
:109B9000D74047600A4F3F6807F4E051890A0B4FEE
:109BA0007A5C4768D7408760054F3F6807F460419B
:109BB000490B064F7A5C4768D740C760F0BD00008C
:109BC000083802400024F40000127A002C01002022
:109BD00010B501460022002300204A11012A02D1BB
:109BE0000A4C236808E0022A03D1084C7034236829
:109BF00002E0064C7434236801F01F0201249440F3
:109C00001C400CB1012000E0002010BD00380240D3
:109C10000248006800F00C0070470000083802405D
:109C200001460020034A106820F0F000084310604D
:109C300070470000083802400021024A11701146A6
:109C400008707047023802400021094A11701170F3
:109C5000012802D0042808D103E00121044A117030
:109C600004E00521024A117000E000BF00BF704708
:109C70007038024001460020034A106820F4E0508A
:109C80000843106070470000083802400146002079
:109C9000034A106820F4604040EAC1001060704739
:109CA000083802400149086670470000000047423A
:109CB00070B5049C41EA82150126C6EB530645EABD
:109CC0000645054345EA0465014E356070BD000058
:109CD0000438024001490860704700003C0E4742CA
:109CE000002100F44072B2F5407F08D1094A1168A2
:109CF00021F4F811084A02401143064A1160054A4E
:109D000068321268C0F30B031A43024B68331A60BF
:109D10007047000008380240FFFCFF0F014600209A
:109D2000034A106820F003000843106070470000E9
:109D30000838024038B5002000900024002500BFFC
:109D40003120FFF745FF05460098401C0090009821
:109D5000B0F5A06F01D0002DF2D03120FFF738FF11
:109D600008B1012400E00024204638BD10B50348A6
:109D7000006810B101480068804710BD98000020BD
:109D8000014600BF080900EB8000420001F00F000F
:109D90001044C0B270470146002204E0501CC2B219
:109DA000A1F10A00C1B20A29F8DA100741EA1060ED
:109DB0007047000081B241F08001044A126802F04D
:109DC000800262EA0101014A116070470C280040DC
:109DD000002101098AB242F08002044B1B6803F0A3
:109DE000800363EA0202014B1A6070470C280040AE
:109DF00008B50022009200200021104A126802F0EB
:109E00004002CAB9421E0D4B1A6000BF0B4A1268CD
:109E100002F04001009A521C0092009AB2F5803F75
:109E200001D00029F2D0054A126802F040020AB1BE
:109E3000012002E0002000E0012008BD0C280040C5
:109E40000348006820F08000014908607047000066
:109E50000C28004070B506460C4600250E480068E8
:109E60000E4900EA0105280CE070C5F3042060707B
:109E700005F03F00A070C5F3423020705EB9E07875
:109E8000FFF77EFFE0706078FFF77AFF6070A078E0
:109E9000FFF776FFA07070BD042800403FFFFF0071
:109EA00010B5014600200022064B1B6843F677746C
:109EB00003EA040202EA01030BB1012000E00020E2
:109EC00010BD00000C28004070B506460C46002569
:109ED0000F4800680F4900EA0105C5F305402070EE
:109EE000C5F30620607005F07F00A07005F48000C7
:109EF000000CE0705EB92078FFF742FF20706078B8
:109F0000FFF73EFF6070A078FFF73AFFA07070BDCA
:109F1000002800407F7F7F00CA22174B1A6053221F
:109F20001A6091B1144A1C3A126820F004031A43D3
:109F3000114B1C3B1A60104A1C32126800F00403DB
:109F40001A430D4B1C331A6011E00B4A1C3A12687D
:109F500020F004039A43084B1C3B1A60064A1C324B
:109F6000126800F004039A43034B1C331A60FF226B
:109F7000014B1A60704700002428004030B50446A9
:109F80000025CA201549086053200860FFF730FFFC
:109F900000B91DE011481C38006820F040000F494E
:109FA0001C39086008460068216808430B491C39C1
:109FB00008600A491439A068086008460068A1884A
:109FC00040EA0140054914390860FFF739FF0125CF
:109FD000FF2002490860284630BD000024280040C8
:109FE00008B501460020009004480090009800EB5E
:109FF000810000900098006808BD000050280040D3
:10A000002DE9F04105460C46002600274DB9607841
:10A0100000F01000102804D1607820F010000A3001
:10A02000607005B908E06078FFF7AAFE0646A078E0
:10A03000FFF7A6FE064600BF55B1E0780004617840
:10A0400040EA0120A1780843217840EA413611E036
:10A05000E078FFF7A0FE4FEA00486078FFF79BFE2C
:10A0600048EA0028A078FFF796FE48EA0008207822
:10A0700048EA4036CA200E49086053200860FFF7BE
:10A08000B7FE08B900270CE00A48304008492039DB
:10A090000860FFF7D5FE00F0A5F808B9002700E03A
:10A0A0000127FF20024908603846BDE8F081000022
:10A0B000242800403FFFFF002DE9F04105460C46F3
:10A0C000002600274DB92A48006800F0400000B182
:10A0D00002E00020E07000BF0DE02548006800F0BD
:10A0E000400020B12078FFF74BFE064602E000203A
:10A0F000E07000BF00BF55B120780004617840EAED
:10A100000120A1780843E17840EA014611E0207877
:10A11000FFF741FE4FEA00486078FFF73CFE48EA4F
:10A120000028A078FFF737FE48EA0008E07848EA00
:10A130000046CA200E491C31086053200860FFF712
:10A1400057FE08B900270CE00A4830400849083992
:10A150000860FFF775FE00F045F808B9002700E039
:10A160000127FF2002491C3108603846BDE8F08114
:10A17000082800407F7F7F00CA21054A11605321D3
:10A180001160034910390860FF2111607047000019
:10A190002428004010B5002400BF1021EFF31180E7
:10A1A00081F31188BFF34F8FBFF36F8F00BF044659
:10A1B0004FF48060FFF774FE012808D18002FFF79A
:10A1C000F9FD0748006810B10548006880474FF462
:10A1D0008000FFF7F5FA00BF84F3118800BF10BDBF
:10A1E0009400002008B50022009200200021CA221D
:10A1F000134B1A6053221A60114A183A126822F05F
:10A20000A0020F4B183B1A6000BF0D4A183A1268A3
:10A2100002F02001009A521C0092009AB2F5003F11
:10A2200001D00029F1D0064A183A126802F0200243
:10A230000AB1012000E00020FF22014B1A6008BD96
:10A2400024280040CA210A4A11605321116008499C
:10A250001C39096821F00701054A1C3A11601146B2
:10A26000096801431160FF21014A11607047000035
:10A270002428004018B50146002300930022002046
:10A28000CA23194C23605323236049B1164B1C3B4E
:10A290001B6843F48063144C1C3C236001201FE0C6
:10A2A000114B1C3B1B6823F480630F4C1C3C236048
:10A2B00000BF0D4B183B1B6803F00402009B5B1CA6
:10A2C0000093009BB3F5803F01D0002AF1D0064BEC
:10A2D000183B1B6803F004030BB9002000E00120C9
:10A2E000FF23014C236018BD2428004008B500223C
:10A2F0000092044A0092009A02EB80020092009AB7
:10A30000116008BD5028004010B52DED048BB0EE53
:10A31000408AF0EE608A9FED0A0B53EC102B51EC53
:10A32000180BFEF714FA41EC190B9FED070B53ECD9
:10A33000102BFEF77EFA41EC100BBDEC048B10BD28
:10A340004AD8124DFB210940000000000080664001
:10A35000704700000CB50020019000903448006860
:10A3600040F480303249086000BF3148006800F492
:10A37000003000900198401C0190009818B9019895
:10A38000B0F5A06FF1D12A48006800F4003010B198
:10A390000120009001E0002000900098012846D1A3
:10A3A00023484030006840F0805021494031086027
:10A3B0002048006840F480401E4908601C4808306E
:10A3C00000681B49083108600846006840F40040F6
:10A3D00008600846006840F4A05008601648091F4D
:10A3E0000860081F006840F08070091F086000BF07
:10A3F0000F48006800F000700028F9D040F20560B6
:10A400000E4908600A480830006820F00300084937
:10A41000083108600846006840F00200086000BF8C
:10A4200003480830006800F00C000828F8D10CBD83
:10A43000003802400070004019544007003C0240C0
:10A4400010B500BF102080F31188BFF34F8FBFF30A
:10A450006F8F00BF07F046FC18B14FF080500449E1
:10A46000086000BF002080F3118800BF10BD00000D
:10A4700004ED00E010B51548006840F47000134981
:10A4800008601348006840F001001149086000208E
:10A490000F49083108600E4800680E4908400C4911
:10A4A00008600D48091D0860081F006820F480201E
:10A4B000091F0860002006490C310860FFF74AFFB9
:10A4C0004FF0006001498039086010BD88ED00E060
:10A4D00000380240FFFFF6FE1030002410B50121C5
:10A4E000104800F038F8012817D10F48006810B163
:10A4F0000D48006880470D48006810B10B4800689F
:10A5000080470B48006810B1094800688047094837
:10A51000006810B10748006880470121014800F039
:10A520000BF810BD000400409C000020A00000209B
:10A53000A4000020A8000020CA430282704721B175
:10A54000028842F00102028004E002884FF6FE73A6
:10A550001A400280704730B50246002000230024D4
:10A56000158A05EA0103958905EA010413B10CB1C6
:10A57000012000E0002030BD1AB183890B438381A4
:10A5800002E083898B4383817047000000220288A8
:10A59000184B98420ED0184B98420BD0B0F1804F18
:10A5A00008D0164B984205D0154B984202D0154B57
:10A5B000984204D14FF68F731A404B881A43124BBE
:10A5C000984207D0114B984204D04FF6FF431A40EF
:10A5D0000B891A4302804B68C3620B880385054BC5
:10A5E000984202D0044B984201D18B7A0386012312
:10A5F00083827047000001400004014000040040D5
:10A6000000080040000C0040001000400014004012
:10A6100010B500BF1021EFF3118081F31188BFF353
:10A620004F8FBFF36F8F00BF04462021054800F015
:10A630005DF8012801D106F059FE00BF84F31188AE
:10A6400000BF10BD004C004010B506F04FFE10BD1D
:10A6500010B5002400BF1021EFF3118081F31188A1
:10A66000BFF34F8FBFF36F8F00BF04462021064812
:10A6700000F03CF8012801D106F020FD00BF84F372
:10A68000118800BF10BD00000010014010B506F099
:10A6900075FD10BD10B500BF1021EFF3118081F3DF
:10A6A0001188BFF34F8FBFF36F8F00BF0446202187
:10A6B000054800F01BF8012801D106F0B7FD00BFE6
:10A6C00084F3118800BF10BD0048004000B506F0BB
:10A6D0006DFE00BD21B1828942F40052828104E006
:10A6E00082894DF6FF731A4082817047024600202E
:10A6F000B1F5007F00D100BF13880B400BB10120E2
:10A7000000E000207047F0B5034600240026002535
:10A71000002040F66A17B94200D100BF1846C1F3C5
:10A72000421401F01F06012707FA06F5012C01D19A
:10A730000C3004E0022C01D1103000E014301AB1CA
:10A7400007682F43076002E00768AF430760F0BD6A
:10A750002DE9FF4705460E460024A14600BFA0464E
:10A76000B08900B100BF2C8A24F44054F08804431F
:10A770002C82AC8941F20C608443B0883189084353
:10A78000718908430443AC81AC8A24F44074B089D5
:10A790000443AC826846FFF7A7F92048854202D0FF
:10A7A0001F48854202D1DDF80C9001E0DDF80890E9
:10A7B000A88900F4004040B109EBC90000EB091082
:10A7C00031684900B0FBF1F707E009EBC90000EB85
:10A7D000091031688900B0FBF1F76420B7FBF0F095
:10A7E00004012009642101FB1078A88900F40040CD
:10A7F00040B1322000EBC800B0FBF1F000F00700E0
:10A80000044308E0322000EB08106421B0FBF1F0B3
:10A8100000F00F0004432C81BDE8FF8700100140C9
:10A820000014014001468888C0F308007047C1F356
:10A8300008028280704700000FB4054B10B503A9D1
:10A84000044A029800F066FD10BC5DF814FB00009D
:10A85000F1D40008500100200FB4084B10B504A932
:10A8600002AA039800F056FD044602A9002000F059
:10A8700082FF204610BC5DF814FB000077B700088B
:10A8800003B401984100009850EAC12018BF042089
:10A890004A0D18BF40F0010040F2FF72B2EB515F69
:10A8A00008BF40F00200012808BF052002B0704731
:10A8B00010B52F499FED2C1B2DED020B84B0059890
:10A8C00020F000408842D8BF9DED040B2DDD2949C2
:10A8D000884209D1049840B94FF0010000F014FDFE
:10A8E00000F0E2FC06B010BD05DB9DED040B00F0AE
:10A8F000CFFC06B010BD68469DED040B00F0E0F8FB
:10A9000010F0030004BF9DED021B9DED000B0CD069
:10A9100001280ED09DED021B9DED000B022817D0E3
:10A92000012000F01DFC06B010BD00F0E5FA06B0F5
:10A9300010BD9DED021B9DED000B012000F010FCF1
:10A9400051EC100B81F0004106B041EC100B10BD32
:10A9500000F0D2FA51EC100B81F0004106B041EC4E
:10A96000100B10BD000000000000000000000000FF
:10A97000FB21E93F0000F07F10B52F499FED2C1B14
:10A980002DED020B84B0059820F000408842DCBF1A
:10A9900000209DED040B32DD2849884209D104983E
:10A9A00040B94FF0010000F0AFFC00F07DFC06B0B4
:10A9B00010BD05DB9DED040B00F06AFC06B010BD78
:10A9C00068469DED040B00F07BF810F0030011D0F9
:10A9D000012818D09DED021B9DED000B02281AD016
:10A9E00000F08AFA51EC100B81F0004106B041EC06
:10A9F000100B10BD9DED021B9DED000B012000F022
:10AA0000AFFB06B010BD9DED021B9DED000B00F0ED
:10AA100073FA06B010BD012000F0A2FB51EC100B40
:10AA200081F0004106B041EC100B10BD00000000A9
:10AA30000000000000000000FB21E93F0000F07F63
:10AA400000B52DED048BB0EE409AF0EE609A83B025
:10AA500051EC190BFEF7F9F841EC180B18EE100A3F
:10AA600018EE901A8DED008B002818BF01200843C6
:10AA700020F00040C0F17F6000F1E040C00F14D032
:10AA800019EE101A19EE900A8DED009B002918BFDF
:10AA90000121084320F00040C0F17F6000F1E04058
:10AAA000C00F04BF012000F02FFCB0EE480A03B035
:10AAB000F0EE680ABDEC048B00BD00000000000051
:10AAC0002DE9F14F04462DED020B2DED088B8AB0D8
:10AAD0009FEDE70B80ED020B139EE74826F0004543
:10AAE00085420ADC9DED120B002084ED000B0AB0BC
:10AAF000BDEC088B03B0BDE8F08FE0489FEDE0AB04
:10AB00009FEDE1BBA84247DDE14F9FEDE39B9FED49
:10AB1000E48B9DED120B53EC1A2B51EC100B002E15
:10AB20001CDDFDF70EFE41EC100BBD4208D053ECCE
:10AB30001B2B51EC100BFDF704FEC4E900010BE0E8
:10AB400053EC192B51EC100BFDF7FBFD53EC182BBC
:10AB5000FDF7F7FDC4E900010120C8E7FDF750FD4E
:10AB600041EC100BBD4208D053EC1B2B51EC100BE9
:10AB7000FDF746FDC4E900010BE053EC192B51EC45
:10AB8000100BFDF73DFD53EC182BFDF739FDC4E923
:10AB900000014FF0FF30AAE7C348A84279DB9DEDE2
:10ABA000120B51EC100B02F01BFC41EC180B9FED4B
:10ABB000C00B53EC102BFDF7CAFD9FEDBF1B53ECF0
:10ABC000112BFDF71DFDFEF73FFA0746FDF7A0FE2E
:10ABD00041EC190B53EC1A2BFDF7B9FD53EC182B74
:10ABE000FDF7B2FD41EC180B53EC1B2B51EC190B8C
:10ABF000FDF7ADFDDFF8C8A241EC100B4FEA155888
:10AC00000125FA4453EC102B51EC180BFDF799FD7C
:10AC1000032DC4E900013DD0C1F30A5005EB4511F5
:10AC2000A8EB00001139814234DA0AEB051BB0EEC3
:10AC300048AA9BED000BF0EE68AA53EC102B51ECE8
:10AC4000190BFDF784FD41EC1B0B51EC1A0B53EC77
:10AC50001B2BFDF776FD41EC180B51EC1A0B53EC56
:10AC6000182BFDF76EFD53EC1B2BFDF76AFD9BEDDA
:10AC7000020B41EC1A0B53EC102B51EC190BFDF7A6
:10AC800066FD53EC1A2BFDF75CFD41EC100B6D1CBF
:10AC9000B8E70EE0002EA8BF3846BFF628AF94ED07
:10ACA000000B51EC100B81F00041C4E90001784227
:10ACB0001DE7C6F3130040F4801EC6F30A50A0F24D
:10ACC000F530471100F01F05C5F12000DDF848B050
:10ACD00008900020069007900520EC467949002D49
:10ACE00007EB0002794408BF51F8221009D051F84F
:10ACF000223001EB8201AB404A68089922FA01F147
:10AD00001943A1FB0E26A1FB0B131A449A4234BF30
:10AD10000123002303EB06080CEB8003D3E901A613
:10AD20000E448E4234BF0121002192448A4411B165
:10AD3000924502D903E0924501D2012100E00021B1
:10AD4000C3E901A641444CF82010011EA0F1010006
:10AD5000C4DC029800F10050850F0298DDE903671A
:10AD60008000DDF81480FDF7D3FD41EC1A0B30466E
:10AD7000FDF7DFFD9FED541B53EC112BFDF7E7FCB6
:10AD800041EC1B0B3846FDF7D4FD9FED511B53ECF6
:10AD9000112BFDF7DCFC41EC180B4046FDF7C9FD1B
:10ADA0009FED4D1B53EC112BFDF7D1FC41EC190B22
:10ADB00051EC180B53EC192BFDF722FC53EC1B2B19
:10ADC000FDF71EFC53EC1A2BFDF71AFCCDE9080128
:10ADD000002008909DED080B53EC1A2B51EC100B42
:10ADE000FDF7AFFC53EC1B2BFDF7ABFC53EC182B22
:10ADF000FDF7A7FC53EC192BFDF7A6FC9FED381BC4
:10AE000053EC112BFDF7A3FC9FED370B41EC180B16
:10AE100053EC102B9DED080B51EC100BFDF797FC3C
:10AE200053EC182BFDF7ECFB9FED310B41EC180BAD
:10AE300053EC102B9DED080B51EC100BFDF787FC2C
:10AE400053EC182BFDF7DCFB41EC100B139810F0C2
:10AE5000004F06D06D4251EC100B81F0004141ECE7
:10AE6000100B284684ED000B41E6000000000000B6
:10AE70000000000000000000FB21E93F7CD90240F7
:10AE800000004054FB21F93F3163621A61B4D03DA8
:10AE9000FB21F93F000000000000601A61B4D03DC2
:10AEA0007370032E8A19A33BFB2139410000000077
:10AEB00083C8C96D305FE43F000000000000E03F40
:10AEC000A2750000F0740000000000000000103EB9
:10AED000000000000000103C000000000000103ADC
:10AEE000182D4454FB21F93D3326A611460B113C85
:10AEF00000000054FB21F93D10B52DED040B2DEDA4
:10AF0000088B82B0B0EE419AF0EE619A0B9820F077
:10AF100000449FED4BABB4F1795F11DA9DED0A0B64
:10AF200051EC100BFEF790F8002801BFB0EE4A0A72
:10AF3000F0EE6A0A02B0BDEC088B04BF04B010BD8D
:10AF40009DED0A0B53EC102B51EC100BFDF7FFFBA2
:10AF500041EC180B3C480621B0EE480AF0EE680AB6
:10AF6000784400F081F853EC182B51EC100BFDF7EE
:10AF7000EEFB9DED0A0B41EC1B0B53EC192B51EC36
:10AF8000100BFDF7E4FB41EC190B53EC1B2B51ECC0
:10AF9000180BFDF7DCFB53EC192BFDF7D2FB9FEDF3
:10AFA0002C0B41EC190B53EC102B51EC180BFDF74B
:10AFB000CEFB41EC100B2848844210DA53EC192BDD
:10AFC00051EC100BFDF7BDFB53EC1A2BFDF7BCFB4E
:10AFD00041EC100B02B0BDEC088B04B010BD1F4853
:10AFE000A042BCBF9FED1E1B8DED001B06DBA4F530
:10AFF00000100190002000909DED001B51EC100B03
:10B0000053EC112BFDF79DFB9DED000B41EC180B54
:10B0100053EC102B51EC1A0BFDF793FB41EC1A0B80
:10B0200053EC192B51EC180BFDF78BFB53EC1A2B3F
:10B03000FDF78AFB41EC100BCCE70000000000009C
:10B04000000000000000F03F14720000000000004B
:10B05000000000000000E03F3333D33F0000E93F31
:10B06000000000000000D23F70B504462DED028BB9
:10B070004D1E00EBC500B0EE408AF0EE608A90ED08
:10B08000000B35F0060017D053EC182B51EC100BC9
:10B09000FDF75DFB41EC100B6D1E04EBC50090ED60
:10B0A000001B51EC100B53EC112BFDF7A9FA41ECEE
:10B0B000100B35F00600E7D1022D36D0042D1CD040
:10B0C000062D1CBFBDEC028B70BD53EC182B51EC50
:10B0D000100BFDF73CFB94ED0A1B53EC112BFDF715
:10B0E0008FFA53EC182BFDF732FB94ED081B53EC51
:10B0F000112BFDF785FA41EC100B53EC182B51EC9A
:10B10000100BFDF724FB94ED061B53EC112BFDF700
:10B1100077FA53EC182BFDF71AFB94ED040B53EC64
:10B12000102BFDF76DFA41EC100B53EC182B51EC82
:10B13000100BFDF70CFB94ED021B53EC112BFDF7EC
:10B140005FFA53EC182BFDF702FB94ED001B53EC58
:10B15000112BFDF755FABDEC028B41EC100B70BDC5
:10B1600031B504462DED040B2DED0A8BB0EE41BA3E
:10B17000F0EE61BA0B989DED0A0B20F00040B0F1A3
:10B18000795F0DDA51EC100BFFF77AFB042808BF4A
:10B1900000F09AF89DED0A0BBDEC0A8B05B030BDAE
:10B1A00053EC102B51EC100BFDF7D1FA41EC180BBE
:10B1B0009DED0A0B53EC182B51EC100BFDF7C7FA61
:10B1C00041EC190B2C48B0EE480AF0EE680A052154
:10B1D0007844FFF749FF9FED2ACBB0EE40AAF0EE8E
:10B1E00060AA9CB353EC1C2B51EC190BFDF7AFFA82
:10B1F00041EC1C0B53EC1A2B51EC190BFDF7A7FA81
:10B200009FED210B41EC190B53EC102B51EC1B0B58
:10B21000FDF79DFA53EC192BFDF793FA53EC182B1D
:10B22000FDF795FA53EC1B2BFDF78BFA53EC1C2B17
:10B23000FDF787FA9DED0A1B53EC112BFDF784FAFD
:10B24000BDEC0A8B05B041EC100B30BDFFE753ECB1
:10B250001A2B51EC180BFDF77AFA53EC1C2BFDF767
:10B26000CFF953EC192BFDF772FA9DED0A1B53EC45
:10B27000112BFDF7C5F9E3E79C700000000000000A
:10B28000495555555555C5BF000000000000E03F29
:10B2900010B553EC102B51EC100BFDF7B1F941EC4C
:10B2A000100B10BD000000009FED050B10B553EC16
:10B2B000102B51EC100BFDF7BCFA41EC100B10BD3C
:10B2C00000000000000000009FED050B10B553ECDE
:10B2D000102B51EC100BFDF73AFA41EC100B10BD9E
:10B2E000000000000000001002E008C8121F08C1A2
:10B2F000002AFAD170477047002001E001C1121FF7
:10B30000002AFBD170470000014908607047000027
:10B31000540100202DE9FF4F8DB00F460546002651
:10B3200006E025280BD0DDE90F1290476D1C761C36
:10B3300028780028F5D111B03046BDE8F08F002400
:10B34000A246A1460122EC4900E0044315F8013F62
:10B35000203B02FA03F00842F7D128782A2810D0BF
:10B360006FF02F022878A0F13001092914D80AEBD8
:10B370008A0102EB410144F0020400EB010A6D1C5A
:10B38000F0E701CF5FEA000A03D544F40054CAF1A4
:10B39000000A44F002046D1C28782E2817D115F8F5
:10B3A000010F44F004042A280ED06FF02F022878F1
:10B3B000A0F1300109290AD809EB890102EB41010A
:10B3C00000EB01096D1CF2E757F8049B6D1C28780F
:10B3D0006C280FD006DC4C2817D068280DD06A28BE
:10B3E00014D104E0742810D07A280FD10DE044F471
:10B3F00000140AE044F4801401E044F44014697835
:10B40000814202D104F580146D1C6D1C2A786E2ACD
:10B410001FD00CDC632A31D004DC002A8BD0582AE0
:10B4200011D1A3E0642A68D0692A0CD165E0732A9F
:10B430002ED004DC6F2A73D0702A04D19BE0752AC9
:10B440006FD0782A6ED01046DDE90F129047761C37
:10B4500050E1C4F30250022806D0032809D0042882
:10B4600001CF09D0066045E101CFF117C0E90061C5
:10B4700040E101CF06803DE106703BE117F8040B87
:10B480008DF8000000208DF80100EB46012003E05C
:10B4900057F804BB4FF0FF3061074FF0000102D4B2
:10B4A0000DE008F10101884649450FDA8045F8DBD7
:10B4B0001BF808100029F4D108E008F101018846C2
:10B4C0008142FADB1BF808100029F6D1DDE90F23D1
:10B4D000AAEB08008146214600F036F9304400EB23
:10B4E000080604E0DDE90F121BF8010B9047B8F1E4
:10B4F0000108F7D221464846F7E00A21C4F3025377
:10B500004FF0000B0891022B04D001CFC117032B81
:10B5100009D00AE0FF1D27F00707F7E8020108E05D
:10B5200032E01FE020E000B2C117042B01D140B28D
:10B53000C117031E71F1000307DA4FF0000CD0EBC6
:10B540000C006CEB01012D2302E0230504D52B2315
:10B550008DF82430012303E0E30701D02023F7E72F
:10B56000984658E00A2110E010210EE010204FF01C
:10B57000000B08900CE010214FF0000B44F0040485
:10B580004FF00809089103E008214FF0000B0891E3
:10B59000C4F30253022B04D001CF0021032B06D0A9
:10B5A00006E0FF1D27F00707F7E8020103E080B27D
:10B5B000042B00D1C0B24FF0000823072BD5702A0E
:10B5C00007D0DDF820C08CF0100C5CEA0B0C05D025
:10B5D0000EE040238DF82430012308E050EA0103F7
:10B5E00006D030238DF824308DF82520022398468C
:10B5F000DDF820C08CF0080C5CEA0B0C0BD150EA93
:10B60000010301D1630706D530238DF824304FF0B4
:10B610000108A9F10109582A04D038A20B9208AAFE
:10B620000A920BE03AA2F9E75B46089AFDF7C0F9E7
:10B630000B9B9B5C0A9A521E0A92137050EA0102FD
:10B64000F2D10A98ADEB000000F1200B600702D5A3
:10B6500024F4803401E04FF00109D94502DDA9EB63
:10B660000B0000E0002000EB0B0141440890AAEB26
:10B67000010AE00306D4DDE90F232146504600F01D
:10B6800063F806444FF0000908E009A911F8090021
:10B69000DDE90F12904709F10109761CC145F4DB81
:10B6A000E0030CD5DDE90F232146504600F04CF8AD
:10B6B000064404E0DDE90F1230209047761C08991B
:10B6C000481E08900029F5DC08E00A980A990078DD
:10B6D000491C0A91DDE90F129047761CBBF100016D
:10B6E000ABF1010BF1DC21465046DDE90F2300F000
:10B6F00019F806446D1C1BE609280100303132336D
:10B70000343536373839616263646566000000009D
:10B710003031323334353637383941424344454687
:10B72000000000002DE9F041044600251E461746A2
:10B73000880404D405E039462020B0476D1C641EFF
:10B74000F9D52846BDE8F0812DE9F04104460025F1
:10B750001E469046C80301D5302700E02027880404
:10B7600004D505E041463846B0476D1C641EF9D546
:10B770002846BDE8F0810A68531C0B6010707047C2
:10B780002DE9F0412DED068B05460F460DB1642FD6
:10B7900003DDBDEC068BBDE8F08100262DE306EB52
:10B7A000460055F8208006EB460005EB8000041D9E
:10B7B000F849A8EB010088456FD05BDCF648A8EBA0
:10B7C000000180456AD02CDCF449A8EB01008845D3
:10B7D00079D016DCF249A8EB0100884574D007DC6B
:10B7E000F0484044002870D0B0F5807F6ED12CE145
:10B7F000ED49084400286AD0EC4908440028F5D1F6
:10B8000013E2EB490844002876D0EA4908440028AE
:10B8100073D0B0F5803F71D0E74908440028E5D1E6
:10B82000AEE1E64A881A914269D016DCE44AA1EBFF
:10B83000020091427AD007DCE2480844002876D022
:10B84000B0F5C06FD2D1D3E1B0F5C05F70D0A0F534
:10B85000C85003380028C9D1A6E2B0F5807F68D06F
:10B86000B0F50C5F73D0B0F5244F71D0B0F5374F01
:10B87000BCD178E1B0F5305F6BD029DCB0F5105F5A
:10B8800058D013DCB0F5D05F7ED008DCB0F5A85FEF
:10B890007BD0B0F5B05FA9D108E2A2E275E1B0F5C6
:10B8A000D85F73D0B0F5F85FA0D135E2B0F5145F82
:10B8B00075D0B0F51C5F6BD0B0F5205F69D0B0F5E6
:10B8C0002C5F93D134E194E154E1C6E090E295E13C
:10B8D000B0F5D64F73D01BDC43F21722A0EB020168
:10B8E00090426DD00CDCB0F5345F6AD0A0F53850D2
:10B8F0000338002893D11BE26FE274E272E288E120
:10B90000A1F2E92100297CD0B1F5106F87D102E2C4
:10B91000B0F5604F76D0B0F5953F74D0AA49084491
:10B92000002871D0B0F5803F8CD17CE1BAE07DE198
:10B9300065E120E12078FF2801D1282000E020786F
:10B94000A24988706078FF2804D1282003E05BE1D9
:10B9500064E1E5E060789D4908726088FCF7E9FFE2
:10B9600041EC190B9FED9A0B53EC102BFCF7EFFEFB
:10B9700041EC180BFCF7EAFF9449A1F80900207884
:10B98000FF2807D1282006E08BE0ABE04FE106E07E
:10B9900060E188E020788D4981F8710029E2E07843
:10B9A000FF2801D1002000E0E0788006000E8749E2
:10B9B00081F84100E078FF2804D1002003E0AEE0E8
:10B9C000D3E07CE0E0788006000E804981F84200F8
:10B9D000A178FF2901D1002100E0A1780846FCF7F9
:10B9E00097FF41EC190B9FED7C0B53EC102BFCF7F0
:10B9F000AEFE41EC180BFCF7A9FF7449C876002095
:10BA000003E055E0B0E06CE00EE181F85C0081F805
:10BA10005D00E179FF2901D1002100E0A17808460D
:10BA2000FCF776FF41EC190B9FED6B0B53EC102BE1
:10BA3000FCF78DFE41EC180BFCF788FF6349087793
:10BA400020788000A1F87700D3E1B4F803005F49C3
:10BA5000A1F80300A078C871CBE16078FCF769FF1A
:10BA600041EC190B9FED5C0B53EC102BFCF76FFEB8
:10BA700041EC180BFCF76AFF54494875A07881F82F
:10BA800032002078C0F3011081F848002078C0F31C
:10BA9000810081F84900207800F0030081F84A0015
:10BAA000A7E1A6E1A5E120884849A1F86200A0E14C
:10BAB000607800F00700454981F8790099E16068F5
:10BAC000FCF737FF41EC190B9FED450B53EC102BA6
:10BAD000FCF73DFE41EC180BFCF738FF3B490880B2
:10BAE00087E186E1B4F80100FCF723FF41EC190B74
:10BAF0009FED3D0B53EC102BFCF729FE41EC180B8E
:10BB0000FCF724FF3149A1F805002078FF2801D176
:10BB1000002000E020782D4981F8610069E168E1AA
:10BB200060782A49487760788877A078887360E1E0
:10BB300020782649C872B4F80300FCF7FAFE41ECFD
:10BB4000190B9FED230B53EC102BFCF700FE41EC7F
:10BB5000180BFCF7FBFE1D49888160798873002073
:10BB6000A1F80F0045E144E143E16078174981F80D
:10BB700072003EE100BF60881449A1F8690038E115
:10BB800020881249A1F8640033E120880F49A1F808
:10BB900066002EE100CAFE18520FF018003EFD1498
:10BBA000000AF00C00FD0FF30076F2FF56A202FC33
:10BBB000004D22FC00F2EEFFAFF0FBFFAEA20D0045
:10BBC000AE6C0D00520EF3FF00CB12FC8042002041
:10BBD000000000000000A03F9A9999999999D93FD7
:10BBE000000000000000E03F000000000000C03F37
:10BBF000FFE020888349A1F86B00FAE000BF2088AD
:10BC00008049A1F87300F4E0A0887E49A1F875008E
:10BC1000EFE0A0887B49A1F86F00EAE0207879493D
:10BC200081F86800E5E0E4E0E3E0E2E0E1E02068DC
:10BC3000FCF77FFE41EC190B1FED170B53EC102B9B
:10BC4000FCF785FD41EC180BFCF780FE6D49C1F84F
:10BC50001100CEE0B4F8011001EB81014800C117DA
:10BC600000EB11610912674AA2F8331020788009AD
:10BC7000114681F84B002078C0F3810081F84C0018
:10BC8000A07981F84D00E078400981F84E00E07815
:10BC9000C0F3810081F84F00E07800F0030081F8E4
:10BCA0005000B4F80100A1F85F00A2E02068FCF7A2
:10BCB00040FE41EC1A0B1FED340B53EC102BFCF73C
:10BCC00046FD41EC190B9FED500B53EC102BFCF78C
:10BCD0003EFD41EC180BFCF739FE4A49C1F835002E
:10BCE0006068FCF726FE41EC1A0B1FED410B53EC8C
:10BCF000102BFCF72CFD41EC190B9FED430B53EC83
:10BD0000102BFCF724FD41EC180BFCF71FFE3D49FE
:10BD1000C1F839006DE06CE0206800EB8000394923
:10BD2000C1F83D00606800EB8000C1F8170060E0DA
:10BD30002078FF2801D1002000E02078314981F8E7
:10BD400051006078FF2801D1002000E060782D4983
:10BD500081F85200A078FF2801D1002000E0A078EF
:10BD6000284981F85300E078FF2801D1002000E045
:10BD7000E078244981F85400A0884FF6FF7188428A
:10BD800001D1002000E0A0881E49A1F84300E0791D
:10BD9000FF2801D1002001E0E079001100F00F0040
:10BDA000184981F8550024E02078C0F38100154936
:10BDB00081F85600207800F0030081F85700B4F8AD
:10BDC00001004FF6FF71884201D1002001E0B4F874
:10BDD00001000C49A1F858000BE0204600F020F9C2
:10BDE00007E000BF00BF2146404600F011F800E028
:10BDF00000BF00BF0C35701C06B2BE42FFF6CFACD0
:10BE000000BFC6E480420020000000000000244083
:10BE10002DE9F84380460D4600240027002608F04F
:10BE2000FF0001F0CBFA0446002C02DD0120BDE842
:10BE3000F8834FEA18270FB90120F8E772488742C4
:10BE400019D1D5F8020060B104EB84016F4800EB12
:10BE50004110D5F80210016004216C48401E0155C4
:10BE600089E000216948C01E0155801C0155002051
:10BE7000286068607FE0664887422CD128782028B7
:10BE800001D00120D3E76879CA2804D1A879FE2817
:10BE900001D1E87938B100215C48C01E0155401E2F
:10BEA00001550120C3E701215848001F0155401CDE
:10BEB0000155E978401C01556978881EC11700EBCF
:10BEC0009171891089060A0E5049491E0A550020B1
:10BED000286068604FE04F4887424CD14B48C01EF5
:10BEE000005D012847D14948001F005D297888423C
:10BEF00006D14648001F015D801C005D81420ADDBD
:10BF000000214248C01E0155401E015500202860F6
:10BF1000686001208BE73D48001F005D01280AD1C1
:10BF200004EB8401394800EB4110D5F8031001609F
:10BF3000E979017116E03548001F005D801EC0EBF5
:10BF4000C000401D00F0FF0904EB84012F4800EB06
:10BF500041104844D5F801100160B5F80510818002
:10BF6000E97981712948001F005D401CC1B2274852
:10BF7000001F015500BF00244FF4F1712648FCF763
:10BF8000E8F92249491F0879C11700EB917189101E
:10BF9000214A118000262DE000201C49895D8DF882
:10BFA00000101A49721C895C8DF801101749B21CE7
:10BFB000895C49098DF8021000218DF8031016499B
:10BFC000891C01EB8401009A0A601049B21C895C4B
:10BFD00001F01F021049A23101EB84010A600B49F4
:10BFE000885920F07F400D4931440860361D611C9E
:10BFF000CCB200BF0548401F0079B04201D9282CBF
:10C00000CADB002013E70000CAFE1800BB41002075
:10C01000FFEC1800FFEB1800D43F00201641002071
:10C0200070B58AB0054600246878622826D16888F1
:10C03000B0F5FA7F22D12879C00942490870084634
:10C04000007820B9CB213F48FCF783F946E0002671
:10C05000022000900020ADF8040001F0D9FA064655
:10C060002EB1002328226946304605F0EFFB2879DF
:10C0700000F03F003349A1F801002FE06878801FED
:10C08000052190FBF1F02F49B1F80110884213D13E
:10C09000A878592810D10026032000900020ADF880
:10C0A000040001F0B5FA06462EB1002328226946A5
:10C0B000304605F0CBFB11E028782138C4B2082CBB
:10C0C0000CDCC4EBC4011F4867300844D5F80110EC
:10C0D0000160B5F805108180E9798171002429E0BB
:10C0E00004EB840117486730415C6438015504EB68
:10C0F0008401491C00F16402505A04F039F91149D5
:10C10000173101EB4401088004EB8400C01C0D4989
:10C110006731095C0B483F30015504EB8400001D7A
:10C1200008496731085C00F00101064853300155A9
:10C13000601CC4B20348B0F80100A042D0DC00206B
:10C140000AB070BDFA42002070B590B006460C46A9
:10C150000025342103A8FCF7FCF800200290019090
:10C1600013A12046FCF700F90546BDB101AB02AAB8
:10C1700011A12846FCF712F90298C0B28DF80D0003
:10C180000198C1B28DF80E1000208DF80C003422F9
:10C1900003A93046FCF7C4F810B070BDFC208DF840
:10C1A0000C00342203A93046FCF7BAF800BFF3E7CD
:10C1B0002B4353513A0000002B4353513A25642C32
:10C1C0002564000070B594B006460C46342107A8DB
:10C1D000FCF7BFF800251AA12046FCF7C5F8054674
:10C1E0001DB306A805A904AB03AACDE9001017A149
:10C1F0002846FCF7D3F800208DF81C000398C0B245
:10C200008DF81D000498C1B28DF81E100598C1B2BA
:10C210008DF81F100698C1B207A80171342207A932
:10C220003046FCF77DF814B070BDFC208DF81C0082
:10C23000342207A93046FCF773F800BFF3E700008B
:10C240002B4D495043414C4C3A2031002B4D495025
:10C2500043414C4C3A20312C25642E25642E256414
:10C260002E25640D0A00000070B58EB006460C46FF
:10C27000342101A8FCF76DF8002514A12046FCF735
:10C2800073F805464DB100208DF80400342201A951
:10C290003046FCF745F80EB070BD0DA12046FCF706
:10C2A00063F8054645B1FF208DF80400342201A94A
:10C2B0003046FCF735F8EEE7FC208DF80400342218
:10C2C00001A93046FCF72CF800BFE4E74F4B000013
:10C2D0004552524F52000000F0B597B007460D4648
:10C2E00034210AA8FCF735F8002620A12846FCF7DF
:10C2F0003BF80646002E2FD009A808A907AA06ABCE
:10C30000CDE90032CDE9021005AB04AA19A13046EF
:10C31000FCF744F804A803F06BFB00F5E14004903F
:10C3200004A803F01FFB044620788DF8290021792A
:10C330000AA88170217AC170217B0171217C417131
:10C34000217D817100208DF8280034220AA9384609
:10C35000FBF7E6FF17B0F0BDFC208DF82800342273
:10C360000AA93846FBF7DCFF00BFF3E72B43434C39
:10C370004B3A00002B43434C4B3A202225642F2597
:10C38000642F25642C25643A25643A25642B00002B
:10C3900070B58EB006460C46342101A8FBF7D9FFD4
:10C3A00000250020009012A12046FBF7DDFF054686
:10C3B000A5B16A4610A12846FBF7F0FF00980128B6
:10C3C0000CD100208DF8040001208DF805003422E6
:10C3D00001A93046FBF7A4FF0EB070BDFC208DF81C
:10C3E0000400342201A93046FBF79AFF00BFF3E7AF
:10C3F0002B43474154543A002B43474154543A206D
:10C400002564000070B58EB006460C46342101A8A4
:10C41000FBF79FFF002514A12046FBF7A5FF05466B
:10C42000C5B16A4612A12846FBF7B8FF009801285B
:10C4300002D0009805280DD100208DF80400009846
:10C44000C0B28DF80500342201A93046FBF768FF21
:10C450000EB070BDFC208DF80400342201A93046D6
:10C46000FBF75EFF00BFF3E72B43475245473A0017
:10C470002B43475245473A20252A642C2564000067
:10C4800070B58EB006460C46342101A8FBF761FF5B
:10C49000002511A12046FBF767FF054695B10DF178
:10C4A00005020FA12846FBF779FF00208DF8040054
:10C4B00014208DF83700342201A93046FBF730FFF5
:10C4C0000EB070BDFC208DF80400342201A9304666
:10C4D000FBF726FF00BFF3E72B434349443A000034
:10C4E0002B434349443A2025730000002DE9F041D5
:10C4F0008EB080460E46342101A8FBF72AFF0024A7
:10C50000002716A13046FBF72FFF0446DCB1A41C20
:10C5100012A12046FBF728FF0746A7B1381BC5B27A
:10C520002A4621460DF10500FBF7FAFE8DF837503B
:10C5300000208DF80400342201A94046FBF7F0FEEC
:10C540000EB0BDE8F081FC208DF80400342201A972
:10C550004046FBF7E5FE00BFF2E700000D0A0000D1
:10C5600070B58EB005460C46342101A8FBF7F1FEEC
:10C5700000260DA12046FBF7F7FE06464EB100202F
:10C580008DF80400342201A92846FBF7C9FE0EB03D
:10C5900070BDFC208DF80400342201A92846FBF769
:10C5A000BFFE00BFF3E70000415420636F6D6D6173
:10C5B0006E64207265616479000000002DE9FF4F10
:10C5C0008DB00E469846DDF86CA04FF000090024AF
:10C5D00000BF00BF0A2764211A9800FB01F55149EA
:10C5E00000235A1E0868194605F002F88EB131463C
:10C5F00004200F9A03F0C8FC044624B121464AA047
:10C600000F9AFEF719F90A2090FBF7FB584604F041
:10C610007FFB00BF524803F07FFB81465148006812
:10C620004844B0F5966F07D900204E4908604FF492
:10C6300084514D48FBF78DFE1FFA89F24A48494B59
:10C640001B68C118464803F08DFB0446002C45D0FA
:10C650004548444A126881186846C0474148006806
:10C660002044404908609DF80000A8B900200860F7
:10C670004FF484513C48FBF76CFE2A4900231A46CC
:10C680000868194605F0E2F8342269460D98FBF770
:10C6900047FE11B0BDE8F08FBAF1000F1ED05EB1B9
:10C6A000314604200F9A03F06FFC044624B1214662
:10C6B0002EA00F9AFEF7C0F82A480068001B2949EF
:10C6C00008604FF47A7090FBF7FB584604F020FBAB
:10C6D000642D01D9633D00E0002507E00A2090FBAE
:10C6E000F7FB584604F014FB6D1E00BF002D91DCD3
:10C6F00000201C4908604FF484511B48FBF729FEB9
:10C70000084900231A460868194605F09FF8FC20DE
:10C710008DF80000342269460D98FBF701FE00BF3A
:10C72000B7E70000180000202D2D202831292067B0
:10C730007072732075617274206465766963207706
:10C7400072697465206572726F722E20775F6C65F6
:10C750006E3A25642C206C656E3A25640D0A000043
:10C76000E808002020000020042A00202D2D202889
:10C770003229206770727320756172742064657647
:10C780006963207772697465206572726F722E20FA
:10C79000775F6C656E3A25642C206C656E3A256473
:10C7A0000D0A000070B58EB005460C46342101A874
:10C7B000FBF7CFFD00260DA12046FBF7D5FD064671
:10C7C0004EB100208DF80400342201A92846FBF761
:10C7D000A7FD0EB070BDFC208DF80400342201A925
:10C7E0002846FBF79DFD00BFF3E700002B435049AF
:10C7F0004E3A2052454144590000000010B5B0B0F7
:10C80000342123A8FBF7A5FD802103A8FBF7A1FD98
:10C81000134900235A1E4868194604F0E9FE11A185
:10C8200003A8FEF719F803A8FBF7B0FD84B20020B7
:10C830000521114B2246CDE9001003A923A8FFF7DB
:10C84000BDFE074900231A464868194604F0FEFF5A
:10C850009DF88C0010B9002030B010BD0120FBE71E
:10C860001800002041542B434E4D493D312C322CB1
:10C87000302C312C300D0A0069C2000810B5B0B060
:10C88000342123A8FBF765FD802103A8FBF761FD98
:10C89000134900235A1E4868194604F0A9FE11A145
:10C8A00003A8FDF7D9FF03A8FBF770FD84B20020B1
:10C8B00005210F4B2246CDE9001003A923A8FFF75D
:10C8C0007DFE074900231A464868194604F0BEFF5A
:10C8D0009DF88C0010B9002030B010BD0120FBE79E
:10C8E0001800002041542B434D47463D310D0A00AE
:10C8F00069C2000800B58FB00F4900235A1E48686E
:10C90000194604F075FE00201E210C4B0422CDE9CF
:10C9100000100BA102A8FFF751FE074900231A4699
:10C920004868194604F092FF9DF8080010B90020ED
:10C930000FB000BD0120FBE71800002069C200080D
:10C9400041540D0A0000000000B58FB00F490023CC
:10C950005A1E4868194604F04BFE00201E210C4B5D
:10C960000622CDE900100BA102A8FFF727FE074918
:10C9700000231A464868194604F068FF9DF808002D
:10C9800010B900200FB000BDFF20FBE71800002009
:10C9900069C20008415445300D0A000030B59DB011
:10C9A00004460D46154900235A1E4868194604F0EE
:10C9B0001FFE00201E21124B0922CDE9001011A1FB
:10C9C00003A8FFF7FBFD342203A910A8FBF7A8FC7E
:10C9D0000A4900231A464868194604F037FF9DF8B3
:10C9E000400048B99DF873200DF141012046FBF746
:10C9F00097FC00201DB030BD0120FBE7180000208F
:10CA000081C4000841542B434349440D0A000000EF
:10CA100010B59CB0044600202070144900235A1E13
:10CA20004868194604F0E4FD00201E21104B0B223B
:10CA3000CDE900100FA102A8FFF7C0FD342202A922
:10CA40000FA8FBF76DFC094900231A4648681946F0
:10CA500004F0FCFE9DF83C0028B99DF83D002070D4
:10CA600000201CB010BD0120FBE7000018000020D2
:10CA700091C3000841542B43474154543F0D0A00D1
:10CA800010B59CB0044600202070144900235A1EA3
:10CA90004868194604F0ACFD00200521104B0B221C
:10CAA000CDE900100FA102A8FFF788FD342202A9EA
:10CAB0000FA8FBF735FC094900231A4648681946B8
:10CAC00004F0C4FE9DF83C0028B99DF83D0020709C
:10CAD00000201CB010BD0120FBE700001800002062
:10CAE00005C4000841542B43475245473F0D0A00F7
:10CAF00010B59CB0044634210FA8FBF72AFC14495A
:10CB000000235A1E4868194604F072FD00200521D2
:10CB1000104B0822CDE900100FA102A8FFF74EFD2F
:10CB2000342202A90FA8FBF7FBFB094900231A4690
:10CB30004868194604F08AFE9DF83C0028B99DF823
:10CB40003D00207000201CB010BD0120FBE700005C
:10CB50001800002049C1000841542B4353510D0ACD
:10CB60000000000030B59DB004460D461549002375
:10CB70005A1E4868194604F03BFD00201E21124B46
:10CB80000822CDE9001011A103A8FFF717FD3422F8
:10CB900003A910A8FBF7C4FB0A4900231A464868FA
:10CBA000194604F053FE9DF8400048B99DF87320E3
:10CBB0000DF141012046FBF7B3FB00201DB030BD55
:10CBC0000120FBE718000020EDC4000841542B476A
:10CBD000534E0D0A0000000010B59CB004463421ED
:10CBE0000FA8FBF7B6FB184900235A1E48681946E0
:10CBF00004F0FEFC00200A21144B0D22CDE90010A8
:10CC000013A102A8FFF7DAFC342202A90FA8FBF750
:10CC100087FB0D4900231A464868194604F016FEA2
:10CC20009DF83C0070B99DF83D0020700FA88078F9
:10CC300060700FA8C078A0700FA80079E070002085
:10CC40001CB010BD0120FBE718000020C5C1000882
:10CC500041542B4D495043414C4C3F0D0A000000BC
:10CC600010B59CB0044634210FA8FBF772FB1B499A
:10CC700000235A1E4868194604F0BAFC01203C21E2
:10CC8000174B0A22CDE9001016A102A8FFF796FC67
:10CC9000342202A90FA8FBF743FB104900231A46D0
:10CCA0004868194604F0D2FD9DF83C00A0B99DF8F3
:10CCB0003D0020600FA8807860600FA8C078A06059
:10CCC0000FA80079E0600FA8407920610FA8807953
:10CCD000606100201CB010BD0120FBE7180000209F
:10CCE000D9C2000841542B43434C4B3F0D0A00006E
:10CCF00010B590B0044600202070114900235A1E40
:10CD00004868194604F074FC00201E210D4B0A22CD
:10CD1000CDE900100CA103A8FFF750FC084900233F
:10CD20001A464868194604F091FD9DF80C0020B998
:10CD300001202070002010B010BD0120FBE7000092
:10CD400018000020A5C7000841542B4350494E3F0E
:10CD50000D0A00002DE9F047ADF50C7D0746884629
:10CD600000208B908A900024002500268146824670
:10CD7000202182A8FBF7EDFA3D4600BF43A12846DB
:10CD8000FBF7F2FA0446002C43D02646AE4207D900
:10CD9000701B1FFA80F94A4629463F4803F04CF8B9
:10CDA0008AAA3EA12046FBF7F9FA8A980A2802DAF5
:10CDB0004FF0010A0EE08A98642802DA4FF0020A66
:10CDC00008E08A98B0F57A7F02DA4FF0030A01E0B2
:10CDD0004FF0040A0AF10D0004448A9880B2ADF8BD
:10CDE000040021460DF106008A9AFBF799FA3048B3
:10CDF0008B9950F8210048B12D498B9A51F82200A7
:10CE0000002340F2022201A904F020FD8A9825188F
:10CE100000BF28A13846FBF7A7FA044614B38AAB33
:10CE20008BAA27A12046FBF7B9FA21488B9950F825
:10CE30002100B0B11FA00168CDF806104168CDF8FF
:10CE40000A100089ADF80E000A20ADF80400184958
:10CE50008B9A51F82200002340F2022201A904F02B
:10CE6000F5FC00BF002C89D107EB0806AE4207D9BC
:10CE7000701B1FFA80F94A462946074802F0DCFF7A
:10CE800000200DF50C7DBDE8F08700002B4D4950CA
:10CE9000525443503A200000E80800202B4D4950DE
:10CEA000525443503A20252A642C25640000000087
:10CEB000F42900202B4D4950535441543A000000AE
:10CEC0002B4D4950535441543A2025642C25642C51
:10CED0000000000010B5044604F0FEFE0249486060
:10CEE0000846048110BD0000843A002010B59CB0B3
:10CEF0001A4900235A1E4868194604F079FB32216A
:10CF00000DF13D00FBF725FA15A217A10DF13D002B
:10CF1000FDF7A2FC0DF13D00FBF738FA84B20020CA
:10CF20001E21164B2246CDE900100DF13D0102A84D
:10CF3000FFF744FB342202A90FA8FBF7F1F90749D8
:10CF400000231A464868194604F080FC9DF83C000E
:10CF500010B900201CB010BD0120FBE71800002014
:10CF6000434D4E455400000041542B4D4950434120
:10CF70004C4C3D312C222573220D0A0069C2000859
:10CF800000B58FB00F4900235A1E4868194604F0B7
:10CF90002FFB00201E210C4B0C22CDE900100BA111
:10CFA00002A8FFF70BFB074900231A4648681946F9
:10CFB00004F04CFC9DF8080010B900200FB000BD33
:10CFC0000120FBE71800002069C2000841542B43F0
:10CFD000475245473D310D0A0000000008B50020CA
:10CFE000009011484068401C00B908BD04F074FE70
:10CFF0000D494968401A14D04FF0FF300A49486083
:10D000000846006818B10868694604F06FFD00988A
:10D0100038B14FF0805005490860BFF34F8FBFF320
:10D020006F8F00BFE1E70000843A002004ED00E0CC
:10D0300000B58FB0104900235A1E4868194604F005
:10D04000D7FA002028210D4B0246CDE900100146F9
:10D0500002A8FFF7B3FA084900231A4648681946A0
:10D0600004F0F4FB9DF8080010B900200FB000BDDB
:10D070004FF0FF30FAE700001800002061C50008FB
:10D080000EB58D480068401C8B4908600846006852
:10D09000C821B0FBF1F201FB120000287ED1019003
:10D0A00002908648007830B955208DF804000120A0
:10D0B0008249087005E0AA208DF8040000207F490D
:10D0C000087001F0D1FEC0B28DF8050001F0D2FE6B
:10D0D000ADF80600082001AB794A0121009008460E
:10D0E00002F014FF0020019002908DF8040001F07E
:10D0F000CDFE8DF80500082001AB724A0121009099
:10D10000084602F003FF00200190029001208DF8F4
:10D1100004000C208DF80500082001AB6A4A0121AB
:10D120000090084602F0F2FE00200190029001906B
:10D130000290082001AB654A01210090084602F0E8
:10D14000E5FE002001900290082001AB604A012119
:10D150000090084602F0DAFE0020019002900820BC
:10D1600001AB5C4A01210090084602F0CFFE00208E
:10D170008DF804008DF805008DF8060016208DF856
:10D1800007000B208DF8080002208DF8090001200F
:10D190008DF80A0003208DF80B0000E007E008205E
:10D1A00001AB4D4A01210090084602F0AFFE424813
:10D1B0000068C821B0FBF1F201FB1200002844D145
:10D1C000019002904548007820B1012816D002282D
:10D1D0003AD127E0E5208DF80400FE208DF8050007
:10D1E000082001AB3E4A01210090084602F08EFE65
:10D1F0003A480078401C3949087025E0E9208DF84C
:10D200000400FE208DF80500082001AB344A0121FE
:10D210000090084602F07AFE30480078401C2F4902
:10D22000087011E0D5208DF80400FD208DF8050070
:10D23000082001AB2A4A01210090084602F066FE50
:10D2400000202649087000BF00BF1B4800684FF44B
:10D25000FA71B0FBF1F201FB120058BB0020019003
:10D260000290204800788DF804001E480078401C89
:10D270001C49087001208DF8050001F001FE18B965
:10D2800002208DF8060002E001208DF8060001F072
:10D29000E5FD562803D102208DF8070002E00120A9
:10D2A0008DF80700082001AB0F4A012100900846C5
:10D2B00002F02CFE0EBD00002C00002030000020EB
:10D2C0005810BC185820BC185830BC185831BC181D
:10D2D0005832BC185840BC185850BC1831000020B7
:10D2E0002100EA1832000020F936FF1810B5014677
:10D2F00009B9012010BD0868632801D90120F9E7A8
:10D3000048680C2801D8486808B90120F2E7486845
:10D310000D2841D2DFE800F0400720081509160A61
:10D320000B170C180D0000BF00BF00BF00BF00BFEF
:10D3300000BF88681F2801D3886808B90120D9E791
:10D340002AE000BF00BF00BF88681E2801D388689C
:10D3500008B90120CEE71FE0088800F5FA6082B224
:10D360004FF4C87392FBF3F403FB142363B1D31798
:10D3700002EB93739B10A2EB830363B9642392FBCC
:10D38000F3F403FB142333B188681D2801D888689F
:10D3900008B90120AEE700BF00BFC868172801D94F
:10D3A0000120A7E708693B2801D90120A2E74869C5
:10D3B0003B2801D901209DE700209BE7014609B9E0
:10D3C00000207047F02901D10120FAE7032901D19B
:10D3D0000220F6E7172901D10320F2E7FF20F0E74A
:10D3E00082B0CDE9000121F0004001909DED000BDD
:10D3F00002B051EC100B704710B52DED0E8B354976
:10D40000D1F86A00FBF795FA41EC1E0B9FED320B49
:10D4100053EC102BFBF70DFA41EC1A0B2D49D1F808
:10D420006E00FBF786FA41EC1E0B9FED2B0B53ECC5
:10D43000102BFBF7FEF941EC1B0B2649D1F86200DB
:10D44000FBF777FA41EC1E0B9FED230B53EC102BEF
:10D45000FBF7EFF941EC1C0B1E49D1F86600FBF716
:10D4600068FA41EC1E0B9FED1C0B53EC102BFBF7E5
:10D47000E0F941EC1D0BB0EE4A3AF0EE6A3AB0EE3C
:10D480004B2AF0EE6B2AB0EE4C1AF0EE6C1AB0EEAE
:10D490004D0AF0EE6D0AFCF7AFF8B0EE409AF0EEF0
:10D4A000609A9FED0F0B53EC102B51EC190BFBF70F
:10D4B0004EF941EC180B9FED0C0B53EC102B51EC7B
:10D4C000180BFBF75DFA03D20020BDEC0E8B10BDEC
:10D4D0000120FAE7620100200000000080842E4154
:10D4E0000000000000408F4000000000008051401C
:10D4F00070B504460D46E1B20548FDF798F900BF46
:10D5000040210348FDF7F2F80028F9D0204670BD0D
:10D510000010014070B52DED088B04469FED360BD1
:10D52000B0EE409AF0EE609A01259FED350BB0EE1B
:10D53000408AF0EE608A20782D2802D10025641CF4
:10D5400003E020782B2800D1641C1CE020782E28D2
:10D5500001D1641C1AE02178A1F13000FBF7D8F961
:10D5600041EC1A0B9FED240B53EC102B51EC180BD4
:10D57000FBF7EDF841EC1B0B53EC1A2BFBF740F8D3
:10D5800041EC180B641C20780028DFD100BF1DE09F
:10D590002178A1F13000FBF7BBF941EC1B0B53ECF8
:10D5A000192BFBF746F941EC1A0B53EC182BFBF740
:10D5B00027F841EC180B9FED100B53EC102B51EC9E
:10D5C000190BFBF7C4F841EC190B641C20780028F8
:10D5D000DED135B1B0EE480AF0EE680ABDEC088B3A
:10D5E00070BD9FED090B53EC102B51EC180BFBF7A2
:10D5F000AEF841EC100BF1E7000000000000244001
:10D600000000000000000000000000000000F0BF6B
:10D6100001480068704700002800002030B503462C
:10D620000C46002500210BE0605C2C2801D1681C11
:10D63000C5B29D4202D1481CC0B230BD481CC1B227
:10D640009142F1DB0020F8E72DE9F05F82460E46BB
:10D6500015461F46DDF828B05A4629465046FFF7C2
:10D66000DDFF04465A4629463046FFF7D7FF80467D
:10D6700014B1B8F1000F02D10020BDE8F09F05EB16
:10D680000409A8EB0400401EC4B2322C01DD0020C6
:10D69000F3E7224649463846FAF742FE2046ECE7D1
:10D6A0000148006870470000080000201CB50446CF
:10D6B0000CB901201CBD01A90020FCF705FC69463E
:10D6C0000020FCF7C7FB9DF8030020609DF80100D7
:10D6D00060609DF80200A0609DF80400E0609DF885
:10D6E000050020619DF8060060610020E2E710B5AA
:10D6F00092B00CA8FFF7DAFF0C98643006900D98F2
:10D70000401E05900E9804900F9803901098029078
:10D710001198019001A8FAF7AFFDA0F5E144204669
:10D7200012B010BD2DE9F0470746884600240026B8
:10D730000025A146A2463D4600BF06E0642C02DD5E
:10D740000020BDE8F087601CC4B2285D2A28F5D10E
:10D75000012604E0A85D80EA0909701CC6B2A64251
:10D76000F8DBE01CA8F80000A21CA95C621CA85C05
:10D7700000F0EAF98246D14501D10120E1E700201D
:10D78000DFE700002DE9F843064688460024002024
:10D79000009000273746AC48007898B9ABA13846CE
:10D7A000FAF7E2FD18B10120A74908700AE0A9A123
:10D7B0003846FAF7D9FD18B10220A349087001E0F4
:10D7C000BDE8F8830024A0480078012805D19FA176
:10D7D0003846FAF7C9FD044608E09B48007802285D
:10D7E00004D19CA13846FAF7BFFD04464CB1694606
:10D7F0002046FFF797FF20B1BDF80010204600F04B
:10D80000CDFB002490480078012805D193A138462B
:10D81000FAF7AAFD044608E08B480078022804D1F4
:10D8200090A13846FAF7A0FD04464CB1694620465F
:10D83000FFF778FF20B1BDF80010204600F016FB7E
:10D8400000248AA13846FAF78FFD04464CB1694698
:10D850002046FFF767FF20B1BDF80010204600F01A
:10D8600071FB002483A13846FAF77EFD04464CB1D3
:10D8700069462046FFF756FF20B1BDF8001020464C
:10D8800000F0C8FA7DA13846FAF76EFD044614B3DD
:10D8900069462046FFF746FFE8B17AA13846FAF715
:10D8A00063FD04461CB10020794981F8560079A136
:10D8B0003846FAF759FD04461CB10120744981F835
:10D8C000560078A13846FAF74FFD04461CB10220F5
:10D8D0006F4981F856006E48007841287DD16C4828
:10D8E00090F87200052872D2DFE800F003151617D1
:10D8F00032006748D0F866006549C1F86E000846F6
:10D90000D0F86200C1F86A00084690F87200401C26
:10D9100081F8720060E000BF00BFFFF76DFD0028D6
:10D9200011DD5B48D0F866005949C1F86E00084621
:10D93000D0F86200C1F86A00084690F87200401CF6
:10D9400081F8720003E00020514981F8720043E041
:10D95000FFF752FD002828DD4D48D0F866004C49FD
:10D96000C1F86E000846D0F86200C1F86A000846A7
:10D97000D0F86600C1F807000846D0F86200C1F888
:10D980000300084600780870002081F873000846FC
:10D9900090F87400412817D00846007881F8740088
:10D9A0004FF47A70C1F816000EE0394890F8731001
:10D9B00090F87300401C364A82F87300032903DD97
:10D9C0000020114681F8720006E006E0FFE7002023
:10D9D0002F4981F8720000BF04E056202C4981F8DD
:10D9E000740008702A48007841281CD12848D0F8D3
:10D9F0001600401C2649C1F81600B0F5167F02D368
:10DA00000020C1F81600FFF772FE2149096D451A82
:10DA1000002D02DC15F1050F04DA1D48016D25A06B
:10DA2000FCF70AFF0EE01A48B0F86010B0F860008A
:10DA3000401C174AA2F86000F02903DD00201146BF
:10DA4000A1F8600000BFBBE60100002024474E5251
:10DA50004D430000244750524D43000024474E4799
:10DA600047410000244750474741000024475047A2
:10DA700053560000244244475356000024474E5456
:10DA800058540000414E54454E4E41204F4B00002B
:10DA900062010020414E54454E4E41204F50454EAC
:10DAA00000000000414E54454E4E412053484F5215
:10DAB000540000002D2D20476E73732063616C6944
:10DAC00062726174696F6E207274632074696D652F
:10DAD0002E2E2E2E2E2E25750D0A000010B5044672
:10DAE00004F0FAF8024948600846048110BD0000BD
:10DAF0005801002008B50020009011484068401CE3
:10DB000000B908BD04F0E8F80D494968401A012839
:10DB100014D94FF0FF300A4948600846006818B130
:10DB20000868694603F0E2FF009838B14FF0805072
:10DB300004490860BFF34F8FBFF36F8F00BFE0E76A
:10DB40005801002004ED00E00246302A05DB392AA6
:10DB500003DCA2F13000C2B20EE0412A05DB462A06
:10DB600003DCA2F13700C2B206E0612A04DB662AB8
:10DB700002DCA2F15700C2B2302905DB392903DCEF
:10DB8000A1F13000C1B20EE0412905DB462903DCDA
:10DB9000A1F13700C1B206E0612904DB662902DC8D
:10DBA000A1F15700C1B241EA0210C0B270470000B3
:10DBB00010B504463220B4FBF0F100FB114068B907
:10DBC0000748007828B901F0C3FE01200449087015
:10DBD00004E001F0B5FE00200149087010BD00000E
:10DBE000000000201CB500240020082103468A0103
:10DBF000CDE900103AA13F4804F02EF800200C2196
:10DC000003464FF40072CDE900103BA13F4804F0F9
:10DC100023F80020092103464FF40072CDE90010DB
:10DC20003BA1404804F018F800200D2103464FF4B2
:10DC30000072CDE900103CA1404804F00DF800202E
:10DC40000B2103464FF40072CDE900103CA142487D
:10DC500004F002F800200A2103464FF40072CDE9D7
:10DC600000103EA1434803F0F7FF002006210346C1
:10DC70004FF40072CDE900103FA1444803F0ECFFDF
:10DC800000200E2103464FF40072CDE9001040A1A0
:10DC9000434803F0E1FF00200F2103464FF40072D8
:10DCA000CDE900103FA1444803F0D6FF0020102129
:10DCB00003464A01CDE9001040A1454803F0CCFFDE
:10DCC00000BF14B1012C04D102E0601CC4B200E01A
:10DCD00000BF00BF012003F01BF801F0A3F9F0E73B
:10DCE0007468726561645F656E7472795F6C656497
:10DCF000000000008D0501087468726561645F654D
:10DD00006E7472795F7368656C6C0000710701084E
:10DD10007468726561645F656E7472795F676E7353
:10DD200073000000F10401087468726561645F6546
:10DD30006E7472795F7061636B657400D906010857
:10DD40007468726561645F656E7472795F63616E39
:10DD50005F7265637600000069040108746872658B
:10DD600061645F656E7472795F63616E5F73656E27
:10DD700064000000950401087468726561645F6561
:10DD80006E7472795F6C746500000000A50501086F
:10DD90007468726561645F656E7472795F61740046
:10DDA0008D0301087468726561645F656E747279D1
:10DDB0005F736D73000000000508010874687265E8
:10DDC00061645F656E7472795F67623400000000A1
:10DDD000E904010810B5044600BFFFF703FF10BDBA
:10DDE00008B5002000900948006820B1694607483E
:10DDF000006803F07BFE009838B14FF08050044972
:10DE00000860BFF34F8FBFF36F8F08BD0400002081
:10DE100004ED00E0F0B52DED028B87B004460D4611
:10DE2000002600271CB907B0BDEC028BF0BD2746C9
:10DE300002AB3A46042103200095FFF705FC061EBD
:10DE40000FDD002002A9885502A8FFF763FBB0EEA2
:10DE5000408AF0EE608A51EC180BFAF777FD024920
:10DE6000C87600BFDFE7000062010020F0B52DEDAD
:10DE7000048B87B005460C46002600271DB907B065
:10DE8000BDEC048BF0BD2F4602AB3A4608210720BB
:10DE90000094FFF7D9FB061E0FDD002002A988556C
:10DEA00002A8FFF737FBB0EE408AF0EE608A51EC33
:10DEB000180BFAF74BFD2049C87402AB3A4609210A
:10DEC00008200094FFF7C0FB061E17DD002002A902
:10DED000885502A8FFF71EFBB0EE409AF0EE609A5C
:10DEE0009FED160B53EC102B51EC190BFAF72FFC8E
:10DEF00041EC180BFAF72AFD0F49888202AB3A462B
:10DF00000A2109200094FFF79FFB061E11DD002067
:10DF100002A9885502A8FFF7FDFAB0EE408AF0EE9C
:10DF2000608A51EC180BFAF711FDC0B20249C1F832
:10DF30000B0000BFA3E7000062010020000000000A
:10DF400000005940F0B52DED028B87B004460D4618
:10DF5000002600271CB907B0BDEC028BF0BD274698
:10DF600002AB3A46042103200095FFF76DFB061E25
:10DF70000FDD002002A9885502A8FFF7CBFAB0EE0A
:10DF8000408AF0EE608A51EC180BFAF7DFFC024988
:10DF9000887600BFDFE70000620100202DE9F04134
:10DFA0002DED108B8CB007460C460026B04627B9E5
:10DFB0000CB0BDEC108BBDE8F081B84607AB424613
:10DFC000022101200094FFF73FFB002823DD9DF88C
:10DFD0001D0030389DF81C10303901EB810100EB39
:10DFE0004101C94881629DF81F0030389DF81E101C
:10DFF000303901EB810100EB4101C348C1629DF85A
:10E00000210030389DF82010303901EB810100EB00
:10E010004101BD48016307AB424603210220009441
:10E02000FFF712FB002809DD9DF81C00412802D1F2
:10E03000B549087002E05620B349087007AB424664
:10E04000042103200094FFF7FFFA061E4EDD002096
:10E0500007A9885507A8FFF75DFAB0EE408AF0EEF1
:10E06000608A9FEDAA0B53EC102B51EC180BFAF7BA
:10E070006EFBFAF76BFCA449C1F85B009FEDA50BA2
:10E0800053EC102B51EC180BFAF7D3FBFAF75EFCAC
:10E09000642100FB01F52846FAF74BFC53EC182BE2
:10E0A000FAF752FB9FED9D0B53EC102BFAF7C1FBD7
:10E0B00041EC1B0B9FED970B53EC102B51EC180B05
:10E0C000FAF7B7FBFAF742FC0546FAF732FC53ECD5
:10E0D0001B2BFAF795FA9FED930B53EC102BFAF7E5
:10E0E00036FBFAF733FC8849C1F8660007AB4246B5
:10E0F000052104200094FFF7A7FA002803DD9DF80E
:10E100001C008149887007AB424606210520009417
:10E11000FFF79AFA061E4EDD002007A9885507A8CA
:10E12000FFF7F8F9B0EE408AF0EE608A9FED7F0BC2
:10E1300053EC102B51EC180BFAF709FBFAF706FC1D
:10E140007149C1F857009FED730B53EC102B51EC44
:10E15000180BFAF76EFBFAF7F9FB642100FB01F5E7
:10E160002846FAF7E6FB53EC182BFAF7EDFA9FED89
:10E170006B0B53EC102BFAF75CFB41EC1B0B9FED88
:10E18000650B53EC102B51EC180BFAF752FBFAF716
:10E19000DDFB0546FAF7CDFB53EC1B2BFAF730FA03
:10E1A0009FED600B53EC102BFAF7D1FAFAF7CEFB88
:10E1B0005549C1F8620007AB42460721062000948A
:10E1C000FFF742FA002803DD9DF81C004E49487015
:10E1D00007AB4246082107200094FFF735FA061ED8
:10E1E00011DD002007A9885507A8FFF793F9B0EEC5
:10E1F000409AF0EE609A51EC190BFAF7A7FB4249EE
:10E20000A1F8110003E000203F49A1F8110007AB7D
:10E210004246092108200094FFF716FA061E11DD78
:10E22000002007A9885507A8FFF774F9B0EE409AB7
:10E23000F0EE609A51EC190BFAF788FB3249A1F81D
:10E240000F0003E000203049A1F80F0007AB424661
:10E250000A2109200094FFF7F7F9002852DD9DF804
:10E26000210030389DF82010303901EB810100EB9E
:10E2700041002549C8619DF81F0030389DF81E10E7
:10E28000303901EB810100EB41011F4801629DF82B
:10E290001D0030389DF81C10303901EB810100EB76
:10E2A000410119484162C06901901748006A029013
:10E2B0001548406A03901448806A04901248C06A66
:10E2C00005901148006B069001A801F091FB0E49E2
:10E2D000C8640846C06C00F5E140086501F15000D3
:10E2E00001F040FB0546084928684863064869680C
:10E2F0008163A968C163E968016429694164696946
:10E30000816400BF00BF53E66201002000000000EE
:10E31000006AF840000000000000594000000000C2
:10E3200000004E400000000080842E4100000000EC
:10E330000088C3402DE9F04105460E461C48076899
:10E340001C480068001D02F081FB50B919480068A4
:10E3500090F82C100120884017490968814316481D
:10E360000160681C38B936B112480168091D1348AC
:10E3700002F0AAFB1AE07C190E4800684460BC4217
:10E3800007D20C480168091D0D48006802F082FBA5
:10E390000CE008480168091D0A48006802F07AFB91
:10E3A00009480068844201D207480460BDE8F08152
:10E3B000F0000020DC000020F4000020F4590120CF
:10E3C000E4000020E00000200C01002010B504460D
:10E3D00002F086FB24480068401C2349086023485B
:10E3E000006840B9214804600846006801280DD142
:10E3F00000F0ECF90AE01E48006838B91B480068D4
:10E40000C06AE16A884201D8184804601948006867
:10E41000401C1849086008460068606494F82C1095
:10E420000120884014490968084313490860E16ADB
:10E4300001EB8101114A02EB8100211D02F044FB36
:10E4400002F078FB0A48006868B108480068C06AB2
:10E45000E16A884207D24FF0805009490860BFF353
:10E460004F8FBFF36F8F10BDEC000020DC00002049
:10E47000F800002008010020F400002024570120AB
:10E4800004ED00E010B502F02BFB10480068D0B995
:10E490000F4802F0EFFA0F4802F0ECFA0C480E4970
:10E4A00008600C480D49086000220C210A2003F086
:10E4B00072F8064908600846006820B108A10348C0
:10E4C000006802F0E9FB02F035FB10BD20010020DE
:10E4D000085A01201C5A0120180100201C010020AC
:10E4E000546D72510000000070B523E002F03AFD57
:10E4F0001348006808B9012000E00020054603F039
:10E5000045FDBDB902F0ECFA0D48C068C468201D95
:10E5100002F09CFA0B480068401E0A4908600A484D
:10E520000068401E0849086002F004FB204600F025
:10E5300060F800BF044800680028D7D170BD000013
:10E54000E0590120EC000020E800002070B50446EE
:10E550000D46206C70B1216CE0680844E060616891
:10E56000E068884201D32068E0602846226CE168B8
:10E57000F9F7D6FE70BD2DE9F04104460F46154669
:10E580004FF00008A66B206C40B9206860BB606843
:10E5900003F04CFC80460020606025E07DB93946E0
:10E5A000226CA068F9F7BCFE216CA0680844A0604A
:10E5B000D4E90110884217D32068A06014E03946DE
:10E5C000226CE068F9F7ACFE216CE068401AE0606C
:10E5D0002168E068884203D2216C6068401AE060DC
:10E5E000022D01D106B1761E701CA0634046BDE825
:10E5F000F08110B50446206B02F0BAFA204602F012
:10E60000B7FA10BD0146084A126812680AB9012219
:10E6100000E000220A600A6822B9034A1268D26840
:10E62000106800E0002070471801002030B54FF45A
:10E630008033174800F007042CB1C01D20F00700FC
:10E64000134C041B1B1B0246124C22600024114D6C
:10E650006C60D018083820F007000F4C20600024B0
:10E660000D4D2D686C600C4D2D682C601146441AC0
:10E670004C60094C24680C60084D4C682C60084DB7
:10E680004C682C604FF00044064D2C6030BD0000FB
:10E69000E4560020B8000020C0000020C800002080
:10E6A000C4000020CC00002000BFFFF71DFF06487B
:10E6B00000680128F9D94FF0805004490860BFF381
:10E6C0004F8FBFF36F8FF0E72457012004ED00E078
:10E6D00010B504464CB1002060602060E06000236B
:10E6E0001A461946204603F0B1F810BD2DE9F04155
:10E6F00006460D4617469846069C0DB9246000E074
:10E700002760E66325640121204603F053F884F86E
:10E710004C80BDE8F0812DE9F05F82460F469046BF
:10E720009B460A9E0C9C4FEA8801A522206BF9F7B4
:10E7300009FEA8F10100216B01EB800929F007090E
:10E7400009F0070008B9012000E0002050B900BF1F
:10E75000102080F31188BFF34F8FBFF36F8F00BF7E
:10E7600000BFFEE7002507E0795D04F13400415564
:10E77000785D00B902E06D1C102DF5D300BF0021BB
:10E7800043200155202E00D31F26E662E6640020B8
:10E790002065201D02F07BF904F1180002F077F9E2
:10E7A0002461C6F12000A06164620020606584F8E5
:10E7B00058005A465146484600F03AFB20600B98F4
:10E7C00008B10B980460BDE8F09F000010B500246C
:10E7D00007E004EB84010F4A02EB810002F04AF9E2
:10E7E000641C202CF5D30C4802F044F90B4802F0CD
:10E7F00041F90B4802F03EF90A4802F03BF90A4899
:10E8000002F038F9044809490860044808490860DA
:10E8100010BD000024570120A4590120B85901203F
:10E82000CC590120E0590120F4590120E0000020DA
:10E83000E400002010B50146164800E000680368B7
:10E840008B42FBD30246436813448B4204D1436896
:10E850004C682344436001460A464B6813440468ED
:10E86000A34211D10C4C03682468A34208D04B6822
:10E870000468646823444B6003681B680B6005E010
:10E88000054B1B680B6001E003680B60884200D0F9
:10E89000016010BDB8000020C00000202DE9F0414B
:10E8A00004460D4616461F464FF000086560246179
:10E8B000B5420CD8F01BA169884202D34FF0010881
:10E8C00011E0211D0948006802F0E4F80BE0BE42A7
:10E8D00004D2BD4202D34FF0010804E0211D0448D8
:10E8E000006802F0D7F84046BDE8F0811C01002026
:10E8F0001801002070B5054602F0F2F8A86B08B9BF
:10E90000012400E0002402F015F9204670BD70B526
:10E91000054602F0E5F8A86BE96B884201D10124B5
:10E9200000E0002402F006F9204670BDF8B5054667
:10E930000F4616480068C068C468201D02F086F8BB
:10E94000E06901281DD1A06941192B463A462046AD
:10E95000FFF7A4FFA8B1002003462A460146009015
:10E96000204603F0BFFB064656B900BF102080F3D7
:10E970001188BFF34F8FBFF36F8F00BF00BFFEE75B
:10E9800000BF2046616A8847F8BD000018010020DA
:10E9900070B586B06AE00398002867DB059C606963
:10E9A00008B9012000E0002010B9201D02F04EF847
:10E9B00002A800F0BDF8054603980A2854D2DFE803
:10E9C00000F009050731334F0608323400BF00BF9D
:10E9D00000BF00BF0498A269811803462A4620465A
:10E9E000FFF75CFFE8B12046616A8847E0690128CB
:10E9F00017D1002000900498A169421800231946FD
:10EA0000204603F06FFB064656B900BF102080F386
:10EA10001188BFF34F8FBFF36F8F00BF00BFFEE7BA
:10EA200000BF22E000BF20E000BF0498A061A06901
:10EA300008B1012000E0002050B900BF102080F391
:10EA40001188BFF34F8FBFF36F8F00BF00BFFEE78A
:10EA5000A06941192B462A462046FFF71FFF04E014
:10EA6000204602F085F800E000BF00BF00231A46F0
:10EA700003A90448006802F0BBFD00288BD106B052
:10EA800070BD000020010020F8B505460C4602F0DC
:10EA900069FA684600F04CF80646009820BB44B975
:10EAA000B54206D803F072FA31462846FFF73EFF1A
:10EAB0001CE03CB10E480068006808B9012000E085
:10EAC00000200446A91B22460A48006802F0FAF812
:10EAD00003F05CFA50B94FF0805007490860BFF36B
:10EAE0004F8FBFF36F8F01E003F050FAF8BD0000C5
:10EAF0001C0100202001002004ED00E00A49096803
:10EB0000096809B9012100E0002121B14FF0FF316E
:10EB1000064A116006E004490968C968C868034AE2
:10EB20004168116070470000E00000200C010020E7
:10EB300070B5044603F0D0F80546074800688542E2
:10EB400004D200F00BF80120206001E000202060DA
:10EB500001480560284670BD280100202DE9F843D2
:10EB600032E024480068C068056822480068C06830
:10EB7000C468201D01F06AFF2046616A8847E06989
:10EB8000012821D1A0694619AE4207D966602461E7
:10EB9000211D1848006801F07DFF15E000200346A4
:10EBA0002A4601460090204603F09CFA074657B9D2
:10EBB00000BF102080F31188BFF34F8FBFF36F8F1A
:10EBC00000BF00BFFEE700BF0A480068006808B940
:10EBD000012000E000200028C3D00648D0F80080C3
:10EBE00005480068034908600348C0F80080BDE894
:10EBF000F8830000180100201C0100200E48006866
:10EC0000401C08B9012000E0002050B900BF1020CE
:10EC100080F31188BFF34F8FBFF36F8F00BF00BF2A
:10EC2000FEE700BF102080F31188BFF34F8FBFF3C2
:10EC30006F8F00BF00BFFEE7D000002008B500BF07
:10EC40006846FFF7DFFC044620460099FFF71CFFEB
:10EC5000FFF79EFEF4E770B5044601F041FF94F91A
:10EC6000455010E0606A08B9012000E0002038B982
:10EC700004F1240003F03EF918B102F077F800E047
:10EC800003E0681E45B2002DECDC00BFFF2084F8D5
:10EC9000450001F04FFF01F023FF94F9445010E0CC
:10ECA000206908B9012000E0002048B904F11000F3
:10ECB00003F020F908B102F059F8681E45B200E0EF
:10ECC00001E0002DECDC00BFFF2084F8440001F0DF
:10ECD00031FF70BD2DE9F04104464FF0000802F00D
:10ECE00041F94648006808B9FFF7A0FC44480068AD
:10ECF000204000286BD1D4B1083404F00700B0B133
:10ED000004F00700C0F10800044404F0070008B94B
:10ED1000012000E0002050B900BF102080F31188CE
:10ED2000BFF34F8FBFF36F8F00BF00BFFEE7002C14
:10ED30004DD034480068844249D8334E3046056887
:10ED400001E02E462D686868A04202D2286800289B
:10ED5000F7D12A480068854239D0306800F10808A8
:10ED6000286830606868001B102819D92F1907F02F
:10ED7000070008B9012000E0002050B900BF1020B2
:10ED800080F31188BFF34F8FBFF36F8F00BF00BFB9
:10ED9000FEE76868001B78606C603846FFF74AFD44
:10EDA000184968680968081A164908600846006822
:10EDB00016490968884203D212480068134908605E
:10EDC0000F4968680968084368600020286003F0FC
:10EDD000DDF808F0070008B9012000E0002050B974
:10EDE00000BF102080F31188BFF34F8FBFF36F8FE8
:10EDF00000BF00BFFEE74046BDE8F081C000002034
:10EE0000CC000020C4000020B8000020C800002072
:10EE10000648006830B10549096801F15000096DE4
:10EE2000491C01600148006870470000DC000020B8
:10EE3000001F4FF080730360001F21F00103036087
:10EE4000001F054B036014380260001F6FF00203BF
:10EE50000360203870470000FDEB00085620014990
:10EE60000878704762010020014948897047000016
:10EE7000C64300200149888970470000C64300202E
:10EE8000014991F832007047903E002001494878CE
:10EE900070470000903E002000B589B0182103A8FB
:10EEA000F9F757FA2A48FDF7EBFD002802DD0120AB
:10EEB00009B000BD2648303890F8301025A0FBF787
:10EEC000BBFC2348401CFDF7A3FD002801DD012009
:10EED000EEE71F48303890F8311027A0FBF7ACFC64
:10EEE000FEF704F8002801DD0120E1E72CA0FBF784
:10EEF000A3FC17481C30FDF76FFE002801DD012040
:10EF0000D6E71348303890F84F000090104830385A
:10EF100090F84E3090F84D2090F84C1026A0FBF75A
:10EF20008BFC03A8FDF79CFE002801DD0120BFE754
:10EF300003A801F07BF8DDE906120898CDE900127C
:10EF4000029025A003A90EC9FBF776FC0020AFE7CD
:10EF5000C03E00202D2D204C7465206E65742072FB
:10EF60006567207374617465206F6B2E2E2E2E2EB4
:10EF70002E25640D0A0000002D2D204C7465206E96
:10EF800065742061747461636820737461746520B2
:10EF90006F6B2E2E2E2E2E2E25640D0A00000000E3
:10EFA0002D2D205365742061706E206F6B2E2E2ED8
:10EFB0002E2E2E2E0D0A00002D2D20476574206C5C
:10EFC0006F63616C2069703A25642E25642E256478
:10EFD0002E25640D0A0000002D2D20476574206E3B
:10EFE00065742074696D653A323025642C25642C73
:10EFF0002564202025642D25642D25640D0A00003C
:10F000007047000010B508210148FAF796FC10BDC2
:10F010000010024010B520210148FAF78EFC10BD07
:10F020000010024010B5FAF78BFC10BD70470000CD
:10F0300010B510210148FAF77EFC10BD0004024013
:10F0400010B510210148FAF778FC10BD0004024009
:10F050002DE9FC4107460C4615461E46DDF820808A
:10F0600000948DF804508DF807608DF8058069468E
:10F070003846FAF7F5FBBDE8FC81000008B5012130
:10F080000846FAF7CDFC01211020FAF7C9FC01214E
:10F090000220FAF7C5FC01210420FAF7C1FC012186
:10F0A0000820FAF7BDFC01211020FAF7B9FC002076
:10F0B00003460122102100905048FFF7C9FF0020AD
:10F0C00003460122082100904C48FFF7C1FF0020B1
:10F0D00003460122202100904948FFF7B9FF00F0C4
:10F0E0003FFC00F035FC00F029FC00200346012223
:10F0F000110200904348FFF7ABFF00F093FC0020A3
:10F1000003460122910200903F48FFF7A1FF002033
:10F1100003460122102100903B48FFF799FF002091
:10F1200003460122042100903648FFF791FF00F0CA
:10F1300039FC00F055FC00F049FC00200346012298
:10F14000110300903148FFF783FF00F06AFC0020B4
:10F1500003460122102100902848FFF779FF002084
:10F1600003460122510300902748FFF771FFFFF784
:10F170005FFFFFF75BFF002003460122082100909C
:10F180002148FFF765FFFFF73DFF002003460122FE
:10F19000202100901C48FFF75BFFFFF73BFF00209A
:10F1A00003460122D10300901748FFF751FF00F0FA
:10F1B00037FC0020034602464FF48051009012486D
:10F1C000FFF746FF002003460122D10200900E48BF
:10F1D000FFF73EFFFFF714FF002003460122114610
:10F1E00000900948FFF734FF002003460122022166
:10F1F00000900548FFF72CFF002008BD00040240E6
:10F20000000802400000024000100240000C0240D2
:10F2100010B500F0B1F800F0E2F8FFF72FFF00F0B2
:10F2200042F900F0EFF900F033FA00F091FAFA2019
:10F2300000F008F8002000F0F3FA00F0A1F9002037
:10F2400010BD000010B58AB0044601214806FAF747
:10F25000F7FB092200214548FAF74AFB0922012160
:10F260004248FAF745FB0320089002208DF824005D
:10F270008DF8250000208DF8260001208DF827004C
:10F2800008A93A48FAF7ECFA3948F9F777FF082065
:10F29000089002208DF824008DF8250000208DF8BC
:10F2A000260001208DF8270008A93248FAF7D8FA7D
:10F2B00008213048FAF73FFB00208DF81A008DF83E
:10F2C0001B008DF81C0001208DF81D0000208DF81A
:10F2D0001E008DF81F008DF816008DF817008DF8B0
:10F2E000170005208DF8180006208DF81900FA2C5B
:10F2F00006D0B4F5FA7F07D0B4F57A7F0CD107E0D9
:10F300000C20ADF814000BE00620ADF8140007E067
:10F310000320ADF8140003E01820ADF8140000BF7E
:10F3200000BF05A91248F9F7D2FF00208DF80E00A2
:10F330008DF80F0001208DF810000020ADF80400BA
:10F34000ADF80600ADF80800ADF80A00ADF80C0005
:10F3500001208DF8110001A8F9F72CFF01220221EC
:10F360000348F9F7ABFF00200AB010BD000C0240C3
:10F37000006400400010024008B5FAF791FB01203C
:10F38000FAF75AFCFAF7D6FC012801D0002008BD94
:10F390000020FAF745FC4FF48050FAF777FC4FF461
:10F3A000A050FAF767FC072002234FF4A872082147
:10F3B0000090C804FAF77CFC0120FAF773FC00BF48
:10F3C0003920FAF705FC0028FAD00220FAF7A6FC4B
:10F3D00000BFFAF71DFC0828FBD10120D7E708B5CC
:10F3E0004FF400410803FAF7F9FA4FF44070FAF7C6
:10F3F000EBFA00208DF801008DF8020025208DF831
:10F40000000001208DF803006846FAF7A1FA0120F8
:10F410008DF8010000208DF8020027208DF80000F3
:10F4200001208DF803006846FAF792FA02208DF861
:10F43000010000208DF8020034208DF8000001202A
:10F440008DF803006846FAF783FA03208DF801006F
:10F4500000208DF8020014208DF8000001208DF8A6
:10F4600003006846FAF774FA04208DF801000020C2
:10F470008DF8020047208DF8000001208DF8030070
:10F480006846FAF765FA03208DF8000002208DF82F
:10F4900001008DF8020001208DF803006846FAF79C
:10F4A00057FA002008BD00B587B0002001900090F9
:10F4B000FAF796FD43F23221884245D00121080730
:10F4C000FAF7BEFA0120FAF793FA0120FAF7BCFB2B
:10F4D00000BF4120FAF77CFB0028FAD04FF480707F
:10F4E000FAF7FEFBFF2000907F2001900120FAF741
:10F4F000F1FBFAF777FE0198049000980590002040
:10F50000039003A8FAF73AFD12208DF8180008209E
:10F510008DF8190000208DF81A0016208DF80B00C8
:10F520000B208DF8090005208DF80A0006A900209F
:10F53000FAF7C2FD02A90020FAF762FD43F2322178
:10F540000020FAF7D3FE17E00120FAF751FA43F250
:10F5500032210020FAF7CAFE7B20FAF739FB10B9F6
:10F560007A20FAF735FB01210807FAF769FA01203A
:10F57000FAF73EFAFAF736FE002007B000BD0000A9
:10F580001FB501210220FAF75BFA6320029042F2D4
:10F59000CF00ADF804000020ADF80600ADF80C0077
:10F5A00001A91348FAF7F2FF012211461048FAF7B1
:10F5B000E3FF01210E48FAF7C2FF1D208DF800007D
:10F5C00001208DF8010003208DF8020001208DF844
:10F5D00003006846FAF7BCF90020064908600649AE
:10F5E0000860064908600649086004B010BD0000C4
:10F5F000000400409C000020A0000020A400002087
:10F60000A800002000B587B001211020FAF738FAD1
:10F61000072209211C48FAF76BF907220A211A4828
:10F62000FAF766F94FF4C060059002208DF81800D3
:10F630008DF8190000208DF81A0001208DF81B00AC
:10F6400005A91148FAF70CF94FF4E13001900020B8
:10F65000ADF80800ADF80A00ADF80C00ADF81000E8
:10F660000C20ADF80E0001A90848FBF771F8012243
:10F6700040F225510548FBF746F801210348FBF706
:10F6800029F807B000BD0000000002400010014052
:10F6900000B587B001218804FAF7D2F907220821C2
:10F6A0002848FAF725F9072209212648FAF720F910
:10F6B0004FF44070059002208DF818008DF8190065
:10F6C00000208DF81A0001208DF81B0005A91D48A7
:10F6D000FAF7C6F84FF48040059002208DF8190023
:10F6E00001208DF8180000208DF81A0005A9164891
:10F6F000FAF7B6F84FF480411348FAF71EF905A956
:10F700001048FAF7ADF84FF4165001900020ADF80C
:10F710000800ADF80A00ADF80C00ADF810000C20A0
:10F72000ADF80E0001A90948FBF712F8012240F2DA
:10F7300025510648FAF7E7FF01210448FAF7CAFF06
:10F7400007B000BD000C024000100240004800401D
:10F7500000B587B00121C804FAF772F90822002128
:10F760002C48FAF7C5F8082201212A48FAF7C0F810
:10F770000320059002208DF818008DF81900002054
:10F780008DF81A0001208DF81B0005A92148FAF711
:10F7900067F80420059001208DF8180002208DF8EC
:10F7A000190000208DF81A008DF81B0005A91948D2
:10F7B000FAF756F84FF48060059002208DF8190092
:10F7C00001208DF8180000208DF81A0005A91248B4
:10F7D000FAF746F84FF4E13001900020ADF8080048
:10F7E000ADF80A00ADF80C00ADF810000C20ADF833
:10F7F0000E0001A90948FAF7ABFF012240F225519A
:10F800000648FAF780FF01210448FAF763FF07B0C2
:10F8100000BD00000000024000100240004C00400B
:10F820001CB504460020FAF725FD0420FAF70AFD6E
:10F830002046FAF7A1FC4FF48040FAF7C9FA4FF4DA
:10F840008000F9F7BDFF01218803FAF765FB01206D
:10F85000FAF710FD4FF48000009000208DF80400AE
:10F8600008208DF8050001208DF806006846F9F79C
:10F87000ADFF00201CBD00000B49096811B90A4901
:10F88000086010E00949096811B9084908600AE0F0
:10F890000749096811B90649086004E00549096883
:10F8A00009B90449086070479C000020A0000020AE
:10F8B000A4000020A8000020072829D2DFE800F0DB
:10F8C00028040A10161C2200124A12680AB9114AAA
:10F8D00011601DE0104A12680AB90F4A116017E062
:10F8E0000E4A12680AB90D4A116011E00C4A1268FA
:10F8F0000AB90B4A11600BE00A4A12680AB9094AB0
:10F90000116005E0084A12680AB9074A116000BF91
:10F9100000BF70477C000020800000208400002091
:10F92000880000208C000020900000200249096817
:10F9300009B9014908607047940000207047000031
:10F9400010B508210148F9F7F6FF10BD0004024088
:10F9500010B508210148F9F7F0FF10BD000402407E
:10F960007047000070B5054600242846F9F782F874
:10F9700004466069642801DA002070BD606964385B
:10F98000074908602069401C4860E0688860A068FA
:10F99000C86060680861206848610846EDE70000BB
:10F9A000DC55002010B54FF480610248F9F7C3FF21
:10F9B00010BD00000010024010B54FF480610248F5
:10F9C000F9F7BBFF10BD00000010024070470000B7
:10F9D00010B510210148F9F7B0FF10BD001002402A
:10F9E00010B510210148F9F7A6FF10BD0010024024
:10F9F00030B58BB004462068643005906068401EC6
:10FA00000490A0680390E06802902069019060690A
:10FA100000906846F8F730FC054628460BB030BD2C
:10FA20007047704710B54FF480710248F9F785FFB1
:10FA300010BD0000000002402DE9F04104460D46D3
:10FA400016460027322E02D20020BDE8F081012C9C
:10FA500002D0022C40D11FE02148078817E021483E
:10FA600000680C301F490860084601681E48814242
:10FA700002D1F0381B49086014221A480168284650
:10FA8000F8F74EFC16480088401E154908801448B7
:10FA900000880028E3DC1FE01148078817E01422E3
:10FAA000104801682846F8F73BFC0D480088401EC6
:10FAB0000B4908800B4800680C300A49086008466A
:10FAC00001680948814202D1F038064908600448BB
:10FAD00000880028E3DC00BF00BFB8B2B5E7000033
:10FAE000AC000020B0000020E456002030B50346F2
:10FAF0000020072B2AD2DFE803F0E8042A50769C86
:10FB0000C200734C2468A24202DD714C2488A2B268
:10FB1000104619E06F4C2468641C6E4D2C602C4616
:10FB200025686D4CA54203D1A4F58064694D2C6015
:10FB3000684C2468247801F8014B654C2468641EE5
:10FB4000634D2C60541EA2B2002AE3DCBDE0634C7E
:10FB50002468A24202DD614C2488A2B2104619E05A
:10FB60005F4C2468641C5E4D2C602C4625685D4CFF
:10FB7000A54203D1A4F58074594D2C60584C2468DB
:10FB8000247801F8014B554C2468641E534D2C60B9
:10FB9000541EA2B2002AE3DC97E0534C2468A24230
:10FBA00002DD514C2488A2B2104619E04F4C246863
:10FBB000641C4E4D2C602C4625684D4CA54203D14B
:10FBC000A4F58064494D2C60484C2468247801F8E1
:10FBD000014B454C2468641E434D2C60541EA2B258
:10FBE000002AE3DC71E0434C2468A24202DD414C70
:10FBF0002488A2B2104619E03F4C2468641C3E4D94
:10FC00002C602C4625683D4CA54203D1A4F58064A8
:10FC1000394D2C60384C2468247801F8014B354C60
:10FC20002468641E334D2C60541EA2B2002AE3DC0B
:10FC30004BE0334C2468A24202DD314C2488A2B24E
:10FC4000104619E02F4C2468247801F8014B2C4C05
:10FC50002468641E2A4D2C60541EA2B2294C2468CC
:10FC6000641C284D2C602C462568274CA54203D1E6
:10FC7000A4F58074234D2C60002AE3DC25E0234C9E
:10FC80002468A24202DD214C2488A2B2104619E069
:10FC90001F4C2468247801F8014B1C4C2468641E16
:10FCA0001A4D2C60541EA2B2194C2468641C184DC5
:10FCB0002C602C462568174CA54203D1A4F580641E
:10FCC000134D2C60002AE3DC00BF00BF30BD0000F4
:10FCD0003400002038000020DC47002040000020D5
:10FCE00044000020DC4800204C0000205000002090
:10FCF000DC4C0020580000205C000020DC5000207C
:10FD00006400002068000020DC510020700000200A
:10FD100074000020DC55002000B50346184600F0B2
:10FD2000DFF820B1012804D0022805D105E0002029
:10FD300000BDB3F90800FBE700BFD88840089988E8
:10FD4000B0EB510F05DDD88840089988A0EB510031
:10FD5000EEE798884008D988A0EB5100B3F9081065
:10FD6000081AE5E72DE9F04104460E4615462046FF
:10FD7000FFF7D2FF074617B90020BDE8F081AF4278
:10FD800000D2BDB2B4F90800A188A0EB5100A8428E
:10FD900010DDA288206800EB52012A463046F8F7B1
:10FDA000BFFAA08805EB5000A18860F34F01A18045
:10FDB0002846E2E7B4F90800A388A0EB53022068C4
:10FDC00000EB53013046F8F7ABFAB4F90830B4F859
:10FDD00004C0A3EB5C03EA1AB4F90830A3EB5C039C
:10FDE00098192168F8F79CFA2079C043A18860F33C
:10FDF0000001A1802089A188A0EB5100281A60F39E
:10FE00004F01A1802846B8E710B50024838864F329
:10FE10004F035C089BB264F3000383800024C38813
:10FE200064F34F035C089BB264F30003C38001607A
:10FE300022F00303038110BD2DE9F04104460F4673
:10FE400015462046FFF768FF2189081A86B216B9C1
:10FE50000020BDE8F081AE4200DA3546B4F9080072
:10FE6000E188A0EB5100A84210DDE288216801EB97
:10FE700052002A463946F8F753FAE08805EB50005D
:10FE8000E18860F34F01E1802846E2E7B4F9081009
:10FE9000E388A1EB5302216801EB53003946F8F7E0
:10FEA0003FFAB4F90830B4F806C0A3EB5C03EA1AD1
:10FEB000B4F90830A3EB5C03D9192068F8F730FADD
:10FEC000A079C043E18860F30001E1802089E188E6
:10FED000A0EB5100281A60F34F01E1802846B8E7F3
:10FEE000014688884008CA88B0EB520F0BD10879C8
:10FEF00000F001008A7902F00102904201D1002055
:10FF000070470120FCE70220FAE700002DE9F041EC
:10FF100086B00546884616461C460C9F012D02D029
:10FF2000022D29D127E00020019002968DF80D00C6
:10FF300004208DF80C0008208DF80E0020788DF834
:10FF40000F0061788DF81010A1788DF81110E1780C
:10FF50008DF8121021798DF8131061798DF8141035
:10FF6000A1798DF81510E1798DF8161001A90548D1
:10FF7000F9F7AFFA00E000BF00BF002006B0BDE80F
:10FF8000F0810000006400402DE9F04107460C4676
:10FF90001546002615B90120BDE8F081072F3DD296
:10FFA000DFE807F03C040506203A3B0036E035E088
:10FFB000002614E000BF40211A48FAF797FB0028FA
:10FFC000F9D014F8011B1748FAF731FC00BF4021A3
:10FFD0001448FAF78BFB0028F9D0701C86B2AE42A9
:10FFE000E8DB1BE0002614E000BF40210E48FAF7D2
:10FFF0007DFB0028F9D014F8011B0B48FAF717FC19
:020000040801F1
:1000000000BF40210848FAF771FB0028F9D0701CA6
:1000100086B2AE42E8DB01E000E000BF00BF002096
:10002000BAE7000000480040004C00401CB5044600
:100030002046FDF75BF9012801DD01201CBD207879
:100040008DF8070020798DF80500207A8DF80600DC
:1000500001208DF8040001A9F9F7D2FFE0680C280F
:1000600002D800208DF80300207B8DF80000207C52
:100070008DF80100207D8DF8020069460120FAF715
:100080001BF80020DAE70000F0B5D3B006460D46B5
:1000900000240EB953B0F0BD5FA13046F8F764F903
:1000A000044644B100275EA0FAF7C6FB00BF6420F7
:1000B00000F02EFE00BF63A13046F8F755F9044664
:1000C00063A13046F8F750F90446A4B100274FF475
:1000D000A47101A8F8F73DF902208DF80400FDF79E
:1000E000DFFA074637B1002340F2451201A938462E
:1000F00001F0ACFBCEE758A13046F8F735F90446DD
:10010000FCB100274FF4A47101A8F8F722F90020F0
:100110008DF80400A5F10800CDF80500024604F1B1
:1001200008010DF10900F8F7FBF8FDF7B9FA0746E9
:1001300037B1002340F2451201A9384601F086FB91
:10014000A8E748A13046F8F70FF90446A4B1002704
:100150004FF4A47101A8F8F7FCF801208DF8040011
:10016000FDF79EFA074637B1002340F2451201A978
:10017000384601F06BFB8DE73FA13046F8F7F4F805
:10018000044604B186E740A13046F8F7EDF804468E
:1001900074B14DA8FDF78AFA519A52995098CDE959
:1001A000012100903AA04DA90EC9FAF745FB71E76D
:1001B00042A13046F8F7D8F8044643A13046F8F794
:1001C000D3F8044634B3A82129A8F8F7C2F8A82127
:1001D00029A8F8F7BEF82AAA3DA13046F8F7DEF8BC
:1001E0003EA00168CDF80E114068CDF812010D2235
:1001F0003CA14BA8F8F794F80F223EA10DF1DA00CC
:10020000F8F78EF840F21A40ADF80C01642000F0C7
:100210007FFD00BF00BF3DE75265736574000000BD
:100220002D2D2052657365742062652066726F6D96
:10023000207368656C6C20636D64202E2E2E0D0A71
:100240000000000044454255475F544553540000A8
:1002500041542B54657374004244574D4F444946F2
:100260003A000000484F4D45523345544553544FD2
:1002700056455221000000003030303030305245B9
:10028000534554210000000041542B5254433F0079
:100290002B5254433A3230253032642E25303264AA
:1002A0002E25303264203A20253032642D2530321C
:1002B000642D253032640D0A0000000041542B47A4
:1002C0004E53530D0A00000041542B494150000089
:1002D00041542B4941503D25730D0A0066746164F9
:1002E0006D696E00667461646D696E3831363435DF
:1002F000000000003232332E3232332E3138372EA6
:100300003335000010B5044601F0E6FC02494860B0
:100310000846048110BD0000D805002008B5002063
:10032000009011484068401C00B908BD01F0D4FCA1
:100330000D494968401A012814D94FF0FF300A4985
:1003400048600846006818B10868694601F0CEFBAD
:10035000009838B14FF0805004490860BFF34F8FC8
:10036000BFF36F8F00BFE0E7D805002004ED00E089
:1003700001B581B09DF805008DF800009DF80400DE
:100380008DF80100BDF800000CBD0000002400BF86
:1003900003220021012001F0FEF8244908600846EC
:1003A000006810B922A0FAF747FA2948FFF764FA63
:1003B00028490420FFF780FA4FF484522649274841
:1003C000FFF722FD012001F0D5F825490860002340
:1003D0001A460868194601F039FA012001F0CAF8F6
:1003E0001F49486000231A464868194601F02EFA52
:1003F00000BF0E49002342F210720868194601F04E
:10040000F7F80128F5D181021648F7F7A2FF07484F
:10041000028914490420FFF769FB0446002CE8DD3B
:1004200021461048FCF796FCE3E70000843A0020E0
:100430002D2D206372656174207061636B6574207B
:10044000737068206661696C2E2E2E2E0D0A0000D6
:10045000DDCF0008D5CE0008F4080020E808002011
:1004600018000020903A0020002400BF012000F076
:100470004FFCF02206490120FFF7DEFA0446002C6B
:10048000F4DD142CF2DA21460148FBF779F9EDE7A7
:10049000E43E00208AB028216846F7F75AFF00BFE3
:1004A00000222821012001F076F80E49086064201E
:1004B00000F02EFC00BF012000F02AFC00231A46A9
:1004C00069460848006801F093F8012807D10098B0
:1004D00010B1012802D100E000E000BF00BFFCF72E
:1004E000CFFDE8E72800002000BF00BFFEE70000C6
:1004F000002400BF03220021012001F04CF817491D
:1005000008600846006810B915A0FAF795F9FEF7DB
:1005100097FD1B48FFF7B0F91A490320FFF7CCF904
:1005200000BF0E49086800234FF47A72194601F0A3
:100530005FF80128F5D181021348F7F70AFF074851
:10054000028911490320FFF7D1FA0446002CE8DDA7
:10055000024801890C48FDF715F9E2E7580100202F
:100560002D2D206372656174207061636B6574204A
:10057000737068206661696C2E2E2E2E0D0A0000A5
:10058000F5DA0008DDDA0008D7010020002400BFFA
:1005900000BF641C012000F0BBFB2046FDF708FBF8
:1005A000F7E7000000250024002600BF24B1012C3D
:1005B0000CD0022C52D117E000F056F9054625B9AF
:1005C00027A0FAF739F9601CC4B247E0FEF764FCD3
:1005D000054645B92AA0FAF72FF901202F4981F8DD
:1005E0003200601CC4B239E0642000F091FB304658
:1005F000711CCEB2052830DB28482F30FCF778FA82
:10060000002803DD6320254981F82F00234831307D
:10061000FCF7FEF9002803DD0020204981F83100B5
:100620001E4890F82F101EA0FAF706F91B4890F804
:10063000311021A0FAF700F9184890F82F0023286C
:1006400004DC164890F83100012805D054211348E5
:10065000F7F77FFE601CC4B2002600BFA6E70000CB
:100660002D2D204F70656E204C7465204D6F646594
:100670006C204F4B2E2E2E2E2E2E0D0A0000000029
:100680002D2D205265676973746572204E65742044
:100690004F4B2E2E2E2E2E2E2E0D0A00903E002079
:1006A0002D2D2074686520636173652076616C75FB
:1006B000653A25640D0A00002D2D20746865206EB2
:1006C000657420617474616368207374617465205B
:1006D0003A25640D0A00000086B0002400BF032202
:1006E0000021012000F057FF0F490860084600680C
:1006F00010B90EA0FAF7A0F81448FFF717F900BFD9
:1007000000234FF4FA7219460748006800F070FFA2
:10071000012804D1641C6846FCF7C8FFF0E72146B5
:100720000BA0FAF789F8EBE7040000202D2D2063D9
:1007300072656174207061636B65742073706820EA
:100740006661696C2E2E2E2E0D0A0000E1DD000878
:100750002D2D2053656D6170686F726554616B65F6
:10076000204661696C2E2E2E2025640D0A000000A3
:10077000002400BF03220021012000F00CFF1549D6
:1007800008600846006810B913A0FAF755F81A482F
:10079000FFF772F819490120FFF78EF800BF0D49E5
:1007A000002364220868194600F022FF0128F6D1D0
:1007B00001021348F7F7CDFD0648028910490120D0
:1007C000FFF794F90446002CE9DD21460C48FFF7B9
:1007D0005BFCE4E7D80500202D2D20637265617471
:1007E000207061636B657420737068206661696C4A
:1007F0002E2E2E2E0D0A00001D03010805030108F0
:10080000E405002092B048216846F7F7A2FD00BF3A
:10081000642000F07DFA002240F20221022000F064
:10082000BAFE0A49086000BF00236422084907484D
:10083000006800F0DDFE0128F6D105480088002898
:10084000F2DD04A0F9F7F8FFEEE700001000002049
:10085000E40600202D2D2074687265616420656EA9
:100860007472790D0A00000010B50024642000F0B5
:100870004FFAFFF7A1F8642000F04AFAFFF7A8F852
:10088000FCF7D6FB08B1012010BD35A0F9F7D4FF65
:100890004FF4FA7000F03CFAFCF72CF808B1002095
:1008A000F2E735A0F9F7C8FFFCF74EF808B10120D0
:1008B000EAE736A0F9F7C0FF0A2000F029FA142170
:1008C0003748FCF74FF908B10120DDE7344935A07E
:1008D000F9F7B2FFFCF754FB002801DD0120D3E754
:1008E00035A0F9F7A9FF2E481A38FCF701FA0028BD
:1008F00001DD0120C8E72A481B38417835A0F9F707
:100900009BFF192126481938FCF748F8002801DD1B
:100910000120B9E72249193935A0F9F78DFFFBF716
:10092000ADFF002801DD0120AEE737A0F9F784FF15
:10093000FBF764FF002801DD0120A5E73CA0F9F7E3
:100940007BFF002408E0601CC4B2642000F0E0F9E2
:1009500013481430FCF7CCF8032CF4DB002093E7A9
:100960002D2D20415420436D642052656164792E01
:100970002E2E0D0A000000002D2D205465737420CA
:100980004154204F4B2E2E2E0D0A00002D2D2041BC
:10099000544520436D64204F4B2E2E2E0D0A00002F
:1009A000AB3E00202D2D2054686520494D4549203F
:1009B0003A2025730D0A00002D2D20536574204325
:1009C0004752454720436D64204F4B2E2E2E0D0A73
:1009D000000000002D2D204765742053696D2053C1
:1009E00074617465206F6B2E2E2E2025640D0A0015
:1009F0002D2D204765742053494D204943434944D8
:100A00003A25730D0A0000002D2D20436F6E666994
:100A10006720736D73206D65737361676520666F02
:100A2000726D6174206F6B202E2E2E0D0A00000057
:100A30002D2D20436F6E66696720736D7320657678
:100A4000656E74206F6B2E2E2E0D0A0001460A690A
:100A5000D1E901309860D1E90103586050688842BB
:100A600001D188685060002008611068401E106045
:100A70001068704700F1080141604FF0FF3181605C
:100A800000F10801C160016100210160704700218F
:100A90000161704710B502460B685C1C0CB9106907
:100AA00007E002F1080000E04068446824689C42C6
:100AB000FAD944684C604C68A160886041600A6162
:100AC0001468641C146010BD42684A6093688B60AF
:100AD000936859609160086103685B1C036070470C
:100AE00000BF102080F31188BFF34F8FBFF36F8FCB
:100AF00000BF0E480068401C0C49086008460068AA
:100B0000012812D10A480068C0B208B9012000E0EB
:100B1000002050B900BF102080F31188BFF34F8F21
:100B2000BFF36F8F00BF00BFFEE77047D00000200B
:100B300004ED00E00D48006850B900BF102080F3BC
:100B40001188BFF34F8FBFF36F8F00BF00BFFEE769
:100B500006480068401E054908600846006820B93C
:100B6000002080F3118800BF00BF7047D000002034
:100B700070B506463546002E3FD0083D2C461F492D
:100B800060680968084008B1012000E0002050B901
:100B900000BF102080F31188BFF34F8FBFF36F8F1A
:100BA00000BF00BFFEE7206808B9012000E0002078
:100BB00050B900BF102080F31188BFF34F8FBFF3EF
:100BC0006F8F00BF00BFFEE70C49606809680840EE
:100BD00098B1206888B909496068096888436060ED
:100BE00000F0C0F9064960680968084404490860D3
:100BF0002046FDF71FFE01F0C9F970BDCC000020B2
:100C0000C4000020054800686421B0FBF1F0401EDC
:100C10004FF0E02148610720086170473C01002047
:100C200070B5F7F713FB0446102C16D304F1E0203F
:100C300090F8F05315480078854201DB012000E070
:100C4000002050B900BF102080F31188BFF34F8FF0
:100C5000BFF36F8F00BF00BFFEE70D48006800F4D0
:100C6000E0600C490968884201D8012000E00020BA
:100C700050B900BF102080F31188BFF34F8FBFF32E
:100C80006F8F00BF00BFFEE770BD0000D4000020E2
:100C90000CED00E0D8000020024600200BE0084BDD
:100CA00053F8303033B9064B43F8301003EBC00330
:100CB0005A6002E0401C0828F1D300BF70470000D2
:100CC000E45601202DE9F04105460E4617462C4614
:100CD000FFF706FF94F94400401C10B9002084F887
:100CE000440094F94500401C10B9002084F84500E8
:100CF000FFF720FFA06B28B93A46314604F12400E3
:100D000000F056F82046FDF7A6FFBDE8F081000090
:100D100070B504460025D4B11248006808B9012016
:100D200000E0002050B900BF102080F31188BFF30D
:100D30004F8FBFF36F8F00BF00BFFEE700F012F9C7
:100D400000212046FDF7F6FA01F020F905463DB9ED
:100D50004FF0805004490860BFF34F8FBFF36F8F8F
:100D600070BD00001401002004ED00E001200149E5
:100D7000086070470001002070B504460D4654B964
:100D800000BF102080F31188BFF34F8FBFF36F8F28
:100D900000BF00BFFEE70548016818312046FFF795
:100DA00079FE01212846FDF7C5FA70BDDC00002060
:100DB00070B505460E46144655B900BF102080F3A5
:100DC0001188BFF34F8FBFF36F8F00BF00BFFEE7E7
:100DD0000648016818312846FFF776FE0CB14FF03F
:100DE000FF3621463046FDF7A5FA70BDDC00002035
:100DF00070B505462C46002D4BD02649E06A09689F
:100E0000C96A884245D2A06900F0004028B921484B
:100E10000068C06AC0F12000A061E16A01EB8101B5
:100E20001D4A02EB81016069884201D1012000E086
:100E3000002050B3201DFFF709FE78B9E06A00EBEF
:100E40008000154951F8200040B994F82C10012079
:100E50008840124909688143104801600D480068C4
:100E6000C06AE06294F82C10012088400B490968A0
:100E700008430A490860E16A01EB8101064A02EB76
:100E80008100211DFFF720FE03E002480068C06AD0
:100E9000E06270BDDC00002024570120F400002037
:100EA00050B900BF102181F31188BFF34F8FBFF3FA
:100EB0006F8F00BF00BFFEE7034909680160034967
:100EC000096841607047000004010020F000002024
:100ED0001CB51D4800210B468022CDE900101BA146
:100EE0001C4800F0B9FE0446012C02D101F0D0F8F4
:100EF0000446012C15D100BF102080F31188BFF3E8
:100F00004F8FBFF36F8F00BF4FF0FF301249086063
:100F100001201249086000201149086000F08CFA95
:100F200010E0601C08B1012000E0002050B900BFB3
:100F3000102080F31188BFF34F8FBFF36F8F00BF76
:100F400000BFFEE71CBD00001001002049444C45D5
:100F500000000000A9E600080C010020F8000020B5
:100F6000F000002002480068401C014908607047FA
:100F7000140100201D48006818B101201C490860B8
:100F800032E000201A4908601A480068B0FA80F080
:100F9000C0F11F0101EB8100174A52F8200008B18F
:100FA000012000E0002050B900BF102080F311881C
:100FB000BFF34F8FBFF36F8F00BF00BFFEE701EBA2
:100FC00081020D4B03EB820042685268426000F1DF
:100FD00008024368934202D1426852684260426804
:100FE000D268064B1A6000BF704700001401002051
:100FF00000010020F400002024570120DC00002024
:101000001EB5002100910191029141680091D0F834
:101010000B100191D0F80F10029124490968244A5D
:101020001268914202D123490988B1B91F49096860
:101030000C311E4A1160204A914203D1A2F1F00105
:101040001A4A1160194909689DE81C001CC1194918
:101050000988491C174A118026E0154909680C3196
:10106000134A1160144A914203D1A2F1F001104ACF
:10107000116010490988491E0E4A11800B49096800
:101080000C310A4A11600C4A914203D1A2F1F001DD
:10109000064A1160054909689DE81C001CC1054904
:1010A0000988491C034A11801EBD0000B4000020BD
:1010B000B0000020AC000020E456002010B5294804
:1010C000006829490968884202D128480068B8B9EF
:1010D00024480068401C234908602549884203D100
:1010E000A1F580601F4908602248F9F79BFB1D4964
:1010F000096808701D480068401C1C49086027E00A
:1011000019480068401C184908601949884203D1F1
:10111000A1F580601449086014480068401E134916
:10112000086010480068401C0E4908601049884259
:1011300003D1A1F580600B4908600E48F9F772FBF6
:1011400008490968087009480068401C0749086098
:101150000948006828B10549098888B20649096824
:10116000884710BD3C0000203800002034000020DB
:10117000DC470020001001407C00002010B525480D
:10118000006825490968884202D124480068B8B936
:1011900020480068401C1F4908602149884203D14B
:1011A000A1F580701B4908601E48F9F73BFB1E49FA
:1011B0000968087019480068401C1849086027E051
:1011C00015480068401C144908601549884203D13D
:1011D000A1F580701049086010480068401E0F4952
:1011E00008600C480068401C0A4908600C498842A5
:1011F00003D1A1F58070074908600A48F9F712FB8E
:1012000009490968087005480068401C03490860DE
:1012100010BD0000480000204400002040000020D5
:10122000DC480020004400403C00002010B5294864
:10123000006829490968884202D128480068B8B97D
:1012400024480068401C234908602549884203D18E
:10125000A1F580601F4908602248F9F7E3FA1D49AB
:10126000096808701D480068401C1C49086027E098
:1012700019480068401C184908601949884203D180
:10128000A1F580601449086014480068401E1349A5
:10129000086010480068401C0E49086010498842E8
:1012A00003D1A1F580600B4908600E48F9F7BAFA3E
:1012B00008490968087009480068401C0749086027
:1012C0000948006828B10549098888B206490968B3
:1012D000884710BD54000020500000204C00002022
:1012E000DC4C0020004800408400002010B5294854
:1012F000006829490968884202D128480068B8B9BD
:1013000024480068401C234908602549884203D1CD
:10131000A1F580601F4908602248F9F783FA1D494A
:10132000096808701D480068401C1C49086027E0D7
:1013300019480068401C184908601949884203D1BF
:10134000A1F580601449086014480068401E1349E4
:10135000086010480068401C0E4908601049884227
:1013600003D1A1F580600B4908600E48F9F75AFADD
:1013700008490968087009480068401C0749086066
:101380000948006828B10549098888B206490968F2
:10139000884710BD600000205C000020580000203D
:1013A000DC500020004C0040880000201E480068EF
:1013B0001E490968884202D11D48006888B91A4848
:1013C0000068401C184908601A49884203D1A1F5F9
:1013D00080601549086016480068401C1449086080
:1013E00021E012480068401C1049086011498842F9
:1013F00003D1A1F580600D4908600D480068401ECA
:101400000B49086008480068401C07490860094902
:10141000884203D1A1F58060034908600448006850
:10142000401C0349086070477800002074000020C9
:1014300070000020DC5500201CB547480068474973
:10144000884201D0012000E0002050B900BF1020E8
:1014500080F31188BFF34F8FBFF36F8F00BF00BFC2
:10146000FEE73D4800683D49491E884201D0012001
:1014700000E0002050B900BF102080F31188BFF3B6
:101480004F8FBFF36F8F00BF00BFFEE734490846A0
:1014900000780190FF200A461070084600780090FE
:1014A0009DF8000000F0F0009DF80020904201D16E
:1014B000012000E0002050B900BF102080F3118807
:1014C000BFF34F8FBFF36F8F00BF00BFFEE79DF8E4
:1014D000000000F01000234A10700720224A10601C
:1014E00009E021480068401E1F4A10609DF8000076
:1014F0004006000E00909DF8000000F0800080285B
:10150000EFD0194800680002174A106010460088A2
:1015100000F4E0601060124A019810700E4820300C
:10152000006840F470000C492031086008460068EB
:1015300040F070400860FFF765FB00200B49086031
:10154000F6F74CFE0A48006840F040400849086041
:10155000F6F734FE00201CBD00ED00E071C20F4123
:1015600000E400E0D4000020D8000020D0000020DB
:1015700034EF00E02DE9F041044601260027224621
:101580000021012000F007F805462846FDF7A0F8E5
:101590002846BDE8F0812DE9F84305460E46904601
:1015A0000DB1012000E0002050B900BF102080F3F1
:1015B0001188BFF34F8FBFF36F8F00BF00BFFEE7EF
:1015C0000EB9002701E005FB06F707F15000FDF713
:1015D00081FB044644B104F1500943464A46314672
:1015E00028460094FDF782F82046BDE8F883000005
:1015F0002DE9FF4782B005460E461F464FF0000A10
:101600002C4654B900BF102080F31188BFF34F8FD0
:10161000BFF36F8F00BF00BFFEE70EB9206C08B9A3
:10162000012000E0002050B900BF102080F3118895
:10163000BFF34F8FBFF36F8F00BF00BFFEE700F017
:101640003BFB08B9049808B9012000E0002050B91C
:1016500000BF102080F31188BFF34F8FBFF36F8F4F
:1016600000BF00BFFEE700BFFFF73AFAD4F838909A
:10167000B9F1000F3DD0D4F80C8031462046FCF77C
:1016800065FFDFB9A9F10100A063206810B9FDF77B
:10169000BFFB6060206908B9012000E0002010BB9A
:1016A00004F1100000F026FCE8B14FF080504049F2
:1016B0000860BFF34F8FBFF36F8F14E0C4F80C8046
:1016C000606A08B9012000E0002060B904F124003C
:1016D00000F010FC38B14FF0805035490860BFF37E
:1016E0004F8FBFF36F8FFFF725FA012006B0BDE8DB
:1016F000F087049818B9FFF71DFA0020F6E7BAF151
:10170000000F04D16846FFF7CBFB4FF0010AFFF74B
:1017100011FAFFF727FCFFF7E3F994F94400401CA6
:1017200010B9002084F8440094F94500401C10B919
:10173000002084F84500FFF7FDF904A9684600F091
:1017400045FA40BB2046FDF7D5F8F0B1206830B926
:10175000FFF7C6F96068FFF74BFBFFF7EBF904F101
:1017600024000499FFF708FB2046FDF774FA00F007
:101770000DFC00287FF478AF4FF080500C490860D2
:10178000BFF34F8FBFF36F8F6EE72046FDF763FA0D
:1017900000F0FCFB68E72046FDF75DFA00F0F6FB81
:1017A0002046FDF7A7F80028EED000209EE70000B5
:1017B00004ED00E070B505460E462C4654B900BF56
:1017C000102080F31188BFF34F8FBFF36F8F00BFDE
:1017D00000BFFEE7FFF784F9D4E90F12206801FB90
:1017E000020060600020A0632068A060E06B401EE3
:1017F000226C216800FB0210E060FF2084F84400A6
:1018000084F845009EB9206908B9012000E0002055
:10181000A8B904F1100000F06DFB80B14FF08050CA
:1018200009490860BFF34F8FBFF36F8F07E004F1E2
:101830001000FFF71FF904F12400FFF71BF9FFF771
:1018400079F9012070BD000004ED00E02DE9FF43AF
:1018500083B0064688461D464FF00009344654B909
:1018600000BF102080F31188BFF34F8FBFF36F8F3D
:1018700000BF00BFFEE7B8F1000F01D1206C08B92E
:10188000012000E0002050B900BF102080F3118833
:10189000BFF34F8FBFF36F8F00BF00BFFEE7022D76
:1018A00002D1E06B012801D1012000E0002050B9F5
:1018B00000BF102080F31188BFF34F8FBFF36F8FED
:1018C00000BF00BFFEE700F0F7F908B9059808B9B6
:1018D000012000E0002050B900BF102080F31188E3
:1018E000BFF34F8FBFF36F8F00BF00BFFEE700BF96
:1018F000FFF7F6F8A06BE16B884201D3022D28D1E7
:101900002A4641462046FCF736FE0746606A08B97B
:10191000012000E0002068B904F1240000F0EAFA98
:1019200088B14FF0805032490860BFF34F8FBFF34A
:101930006F8F08E03FB14FF080502D490860BFF332
:101940004F8FBFF36F8FFFF7F5F8012007B0BDE8A9
:10195000F083059818B9FFF7EDF80020F6E7B9F124
:10196000000F04D101A8FFF79BFA4FF00109FFF720
:10197000E1F8FFF7F7FAFFF7B3F894F94400401CD9
:1019800010B9002084F8440094F94500401C10B9B7
:10199000002084F84500FFF7CDF805A901A800F064
:1019A00015F9F0B92046FCF7B2FFA0B104F1100020
:1019B0000599FFF7E1F92046FDF74DF900F0E6FA49
:1019C000002895D14FF0805009490860BFF34F8F30
:1019D000BFF36F8F8CE72046FDF73DF900F0D6FA94
:1019E00086E72046FDF737F900F0D0FA0020ADE792
:1019F00004ED00E02DE9F05F07468A4690461E465A
:101A00003C4654B900BF102080F31188BFF34F8FBC
:101A1000BFF36F8F00BF00BFFEE7BAF1000F01D127
:101A2000206C08B9012000E0002050B900BF102050
:101A300080F31188BFF34F8FBFF36F8F00BF00BFDC
:101A4000FEE7022E02D1E06B012801D1012000E067
:101A5000002050B900BF102080F31188BFF34F8FD2
:101A6000BFF36F8F00BF00BFFEE7FFF7D9F800BFDD
:101A70001021EFF3118081F31188BFF34F8FBFF373
:101A80006F8F00BF0546A06BE16B884201D3022E29
:101A900023D194F945B0324651462046FCF76BFD00
:101AA0000BF1010088B9606A08B9012000E000204C
:101AB00080B904F1240000F01DFA58B1B8F1000F0C
:101AC00008D00120C8F8000004E00BF1010040B28A
:101AD00084F845004FF0010901E04FF0000900BF14
:101AE00085F3118800BF4846BDE8F09F2DE9F04717
:101AF00006460F46344654B900BF102080F31188C3
:101B0000BFF34F8FBFF36F8F00BF00BFFEE7206CA6
:101B100008B9012000E0002050B900BF102080F378
:101B20001188BFF34F8FBFF36F8F00BF00BFFEE779
:101B3000206808B9606808B9012000E0002050B9A9
:101B400000BF102080F31188BFF34F8FBFF36F8F5A
:101B500000BF00BFFEE7FFF763F800BF1021EFF3FF
:101B6000118081F31188BFF34F8FBFF36F8F00BFD8
:101B70000546D4F83890E06B48451ED994F945A045
:101B800009F10100A0630AF1010070B9606A08B9A7
:101B9000012000E0002068B904F1240000F0AAF957
:101BA00040B13FB10120386004E00AF1010040B2C9
:101BB00084F845004FF0010801E04FF0000800BF35
:101BC00085F3118800BF4046BDE8F08770B5044634
:101BD0000D4654B900BF102080F31188BFF34F8F1A
:101BE000BFF36F8F00BF00BFFEE755B900BF1020E5
:101BF00080F31188BFF34F8FBFF36F8F00BF00BF1B
:101C0000FEE7FEF76DFF124803682868401C08B91C
:101C1000002619E00F4920680968884204D06068EE
:101C2000984201D801260FE06068181A2968884296
:101C300009D228686168591A401A28602046FFF7BF
:101C40002FF9002600E00126FEF774FF304670BD34
:101C5000F0000020040100202DE9FF4F85B08046F0
:101C600089461746DDE912ABB800FDF733F80646A2
:101C700056B15C20FDF72EF804460CB1266304E053
:101C80003046FEF775FF00E000247CB10020CDE96E
:101C900000ABCDE902403A4649464046089BFCF776
:101CA0003AFD2046FCF792FB012501E04FF0FF359D
:101CB000284609B0BDE8F08F0549096809B9012037
:101CC00005E00449096809B9022000E000207047D6
:101CD000F800002014010020014908687047000046
:101CE000F00000202DE9F0414FF000084448006862
:101CF000002877D143480068451C4248056015BB61
:101D000041480068006808B9012000E0002050B98F
:101D100000BF102080F31188BFF34F8FBFF36F8F88
:101D200000BF00BFFEE738480768384800683649FA
:101D300008603648076036480068401C344908602F
:101D4000FCF7DCFE00BF3348006885423CD300BF8F
:101D50002D480068006808B9012000E0002020B18B
:101D60004FF0FF302B4908602DE027480068C0681D
:101D7000C4686668B54202D22648066023E0201D8A
:101D8000FEF764FEA06A18B104F11800FEF75EFECB
:101D900094F82C10012088401F49096808431E4907
:101DA0000860E16A01EB81011C4A02EB8100211D00
:101DB000FEF78AFE1A49E06A0968C96A8842C7D3F1
:101DC0004FF00108C4E700BF15480068C06A00EB87
:101DD0008000124951F82000012801D94FF0010874
:101DE00005E0FFE70F480068401C0E4908600E48F8
:101DF000006808B14FF001084046BDE8F0810000DE
:101E000014010020F0000020E0000020E400002089
:101E1000040100200C010020F400002024570120C0
:101E2000DC000020FC0000200001002070B5054609
:101E30002C460026002D55D02B480068844201D145
:101E4000012000E0002050B900BF102080F311886D
:101E5000BFF34F8FBFF36F8F00BF00BFFEE7206D52
:101E600050B900BF102080F31188BFF34F8FBFF32C
:101E70006F8F00BF00BFFEE7206D401E2065E16C44
:101E8000E06A88422ED0206D60BB201DFEF7DEFD8B
:101E900078B9E06A00EB8000144951F8200040B99D
:101EA00094F82C100120884011490968814310489A
:101EB0000160E06CE062E06AC0F12000A06194F88B
:101EC0002C10012088400A49096808430849086025
:101ED000E16A01EB8101054A02EB8100211DFEF759
:101EE000F3FD0126304670BDDC00002024570120A0
:101EF000F400002070B50646F068C46854B900BF0D
:101F0000102080F31188BFF34F8FBFF36F8F00BF96
:101F100000BFFEE704F11800FEF798FD15480068C1
:101F2000A8B9201DFEF792FD94F82C1001208840DE
:101F300011490968084310490860E16A01EB810111
:101F40000E4A02EB8100211DFEF7BEFD04E004F104
:101F500018010B48FEF7B8FD0A49E06A0968C96A2A
:101F6000884204D9012501200749086000E00025C6
:101F7000284670BD14010020F400002024570120E1
:101F8000CC590120DC0000200001002070B50024A5
:101F900000263648006850B900BF102080F3118831
:101FA000BFF34F8FBFF36F8F00BF00BFFEE7FEF799
:101FB00097FD2E480068401E2C49086008460068BE
:101FC00000284FD12A48006800284BD024E0294837
:101FD000C068C46804F11800FEF738FD201DFEF744
:101FE00035FD94F82C1001208840234909680843E6
:101FF00021490860E16A01EB8101204A02EB81007E
:10200000211DFEF761FD1E49E06A0968C96A884220
:1020100002D301201B4908601648006808B9012056
:1020200000E000200028D2D00CB1FCF767FD164874
:10203000056865B100BFFFF755FE10B101201149D9
:1020400008606D1E002DF6D100200F4908600D4874
:10205000006838B1012630070C490860BFF34F8F84
:10206000BFF36F8FFEF766FD304670BD1401002090
:10207000EC000020CC590120F4000020245701205E
:10208000DC00002000010020FC00002004ED00E046
:102090001CB50024FCF7F6F90D48006850B10D4856
:1020A00002210023CA01CDE900100BA10C48FFF763
:1020B000D3FD044654B900BF102080F31188BFF34C
:1020C0004F8FBFF36F8F00BF00BFFEE720461CBDE0
:1020D0002001002024010020546D722053766300FB
:1020E0003DEC00082DE9FE4304460D4616461F460A
:1020F000DDF828804FF0000954B900BF102080F3AC
:102100001188BFF34F8FBFF36F8F00BF00BFFEE793
:102110001448006810B3009501960294062D15DA54
:10212000FFF7CAFD022808D10023424669460D4840
:102130000068FFF78BFB814610E000231A466946D2
:1021400008480068FFF782FB814607E000233A4613
:10215000694604480068FFF74DFC81464846BDE8E3
:10216000FE830000200100201F1C1F1E1F1E1F1FBA
:102170001E1F1E1F000000004C5555555555A53F0C
:102180007751C1166CC156BF9015CB19A001FA3E0C
:10219000AD529C804F7E92BEC4B1B4BD9EEE213E36
:1021A000D43888BEE9FAA8BD00004054FB21F93FAD
:1021B0003163621A61B4D03D0000601A61B4D03D51
:1021C0007370032E8A19A33B0000002E8A19A33BCB
:1021D000C14920259A837B390000000000000000DF
:1021E0006E83F9A22915444ED15727FCC0DD34F582
:1021F000999562DB4190433CAB6351FE61C5BBDE08
:102200003A6E24B7E0D24D42EA2E49061C92D1091B
:102210001CEB1DFE3EA729B1F53582E88444BB2E98
:1022200026709CE9417E5FB439D69139F4395383E5
:102230008B5F849C3B28F9BDFF97F81F0F9805DE44
:102240008B112FEF1F6D0A5ACF7E366DB709CB2742
:10225000663F464F2DEA5F9EC7BA27757BF1E5EBD7
:10226000F739073DEA92528AB15FFB6B085D8D1F1B
:10227000A6F810111111813FD561C119A0012ABF23
:102280007DFEB157E31DC73EEB9C2B8AE6E55ABEA7
:102290007CD5CF5A3AD9E53D1F1D1F1E1F1E1F1F9B
:1022A0001E1F1E1FDDDDDDDDDCBBBBDDDDDDDDDD9D
:1022B000DDDDDDDD9888888888888888777777777E
:1022C000778888888555555666666666666666664A
:1022D00066688888833333322222222222222222F5
:1022E0002228888D042301080000002058010000E6
:1022F000B09000085423010858010020085D010037
:10230000F8B20008013813DC432A2004390C1A47BC
:102310000C1904390C1A480C1904390C1A4C0C19F4
:1023200004390C1A500C1904390C1A510C190401F7
:102330003413F4552A200401181AAA01015C2D0156
:10234000020304041506070809AC7A030A183914B5
:042350007100000018
:0400000508008189E5
:00000001FF
