-- Build QB4 Data :2024,7,10 21-31-6   294






$BDZDA,133107.00,10,07,2024,00,00*72
$BDRMC,133107.00,A,3904.60666,N,11721.26091,E,0.427,,100724,,,A,V*1B
$BDGGA,133107.00,3904.60666,N,11721.26091,E,1,06,4.61,-33.7,M,-4.9,M,,*43
$BDGSA,A,3,06,08,16,23,32,39,,,,,,,8.86,4.61,7.56,4*09
$BDGSV,3,1,12,05,17,250,,06,68,312,26,07,12,180,19,08,32,203,17,1*77
$BDGSV,3,2,12,09,55,286,,16,68,316,32,23,82,021,29,25,29,051,22,1*75
$BDGSV,3,3,12,32,75,272,31,37,83,019,,38,23,189,,39,71,351,34,1*71
$BDGSV,1,1,04,23,82,021,31,25,29,051,23,32,75,272,31,39,71,351,39,3*77
$BDGLL,3904.60666,N,11721.26091,E,133107.00,A,A*79
$BDTXT,01,01,01,ANTENNA OK*24

-- Send QB4 Data OK......294


-- Build QB4 Data :2024,7,10 21-31-7   294






$BDZDA,133108.00,10,07,2024,00,00*7D
$BDRMC,133108.00,A,3904.60664,N,11721.26079,E,0.210,,100724,,,A,V*12
$BDGGA,133108.00,3904.60664,N,11721.26079,E,1,06,4.61,-32.5,M,-4.9,M,,*4B
$BDGSA,A,3,06,08,16,23,32,39,,,,,,,8.85,4.61,7.56,4*0A
$BDGSV,3,1,12,05,17,250,,06,68,312,26,07,12,180,18,08,32,203,17,1*76
$BDGSV,3,2,12,09,55,286,,16,68,316,32,23,82,021,29,25,29,051,22,1*75
$BDGSV,3,3,12,32,75,272,31,37,83,019,,38,23,189,,39,71,351,34,1*71
$BDGSV,1,1,04,23,82,021,31,25,29,051,23,32,75,272,31,39,71,351,39,3*77
$BDGLL,3904.60664,N,11721.26079,E,133108.00,A,A*72
$BDTXT,01,01,01,ANTENNA OK*24
-- Send QB4 Data OK......294


-- Build QB4 Data :2024,7,10 21-31-8   294


-- Send QB4 Data OK......294





$BDZDA,133109.00,10,07,2024,00,00*7C
$BDRMC,133109.00,A,3904.60648,N,11721.26069,E,0.243,,100724,,,A,V*1A
$BDGGA,133109.00,3904.60648,N,11721.26069,E,1,06,4.61,-32.1,M,-4.9,M,,*41
$BDGSA,A,3,06,08,16,23,32,39,,,,,,,8.85,4.61,7.55,4*09
$BDGSV,3,1,12,05,17,250,,06,68,312,26,07,12,180,18,08,32,203,18,1*79
$BDGSV,3,2,12,09,55,286,,16,68,316,33,23,82,021,29,25,29,051,22,1*74
$BDGSV,3,3,12,32,75,272,31,37,83,019,,38,23,189,,39,71,351,34,1*71
$BDGSV,1,1,04,23,82,021,31,25,29,051,23,32,75,272,31,39,71,351,39,3*77
$BDGLL,3904.60648,N,11721.26069,E,133109.00,A,A*7C
$BDTXT,01,01,01,ANTENNA OK*24

-- Build QB4 Data :2024,7,10 21-31-9   294






$BDZDA,133110.00,10,07,2024,00,00*74
$BDRMC,133110.00,A,3904.60633,N,11721.26055,E,0.109,,100724,,,A,V*1C
$BDGGA,133110.00,3904.60633,N,11721.26055,E,1,06,4.61,-31.7,M,-4.9,M,,*4F
$BDGSA,A,3,06,08,16,23,32,39,,,,,,,8.85,4.61,7.55,4*09
$BDGSV,3,1,12,05,17,250,,06,68,312,26,07,12,180,19,08,32,203,18,1*78
$BDGSV,3,2,12,09,55,286,,16,68,316,33,23,82,021,29,25,29,051,22,1*74
$BDGSV,3,3,12,32,75,272,31,37,83,019,,38,23,189,,39,71,351,34,1*71
$BDGSV,1,1,04,23,82,021,32,25,29,051,22,32,75,272,31,39,71,351,39,3*75
$BDGLL,3904.60633,N,11721.26055,E,133110.00,A,A*77
$BDTXT,01,01,01,ANTENNA OK*24

-- Send QB4 Data OK......294


-- Build QB4 Data :2024,7,10 21-31-10   294






$BDZDA,133111.00,10,07,2024,00,00*75
$BDRMC,133111.00,A,3904.60630,N,11721.26054,E,0.115,,100724,,,A,V*12
$BDGGA,133111.00,3904.60630,N,11721.26054,E,1,06,4.61,-30.6,M,-4.9,M,,*4C
$BDGSA,A,3,06,08,16,23,32,39,,,,,,,8.85,4.61,7.55,4*09
$BDGSV,3,1,12,05,17,250,,06,68,312,25,07,12,180,19,08,32,203,17,1*74
$BDGSV,3,2,12,09,55,286,,16,68,316,33,23,82,021,29,25,29,051,21,1*77
$BDGSV,3,3,12,32,75,272,31,37,83,019,,38,23,189,,39,71,351,31,1*74
$BDGSV,1,1,04,23,82,021,28,25,29,051,22,32,75,272,32,39,71,351,39,3*7D
$BDGLL,3904.60630,N,11721.26054,E,133111.00,A,A*74
$BDTXT,01,01,01,ANTENNA O-- Send QB4 Data OK......294

K*24

-- Build QB4 Data :2024,7,10 21-31-11   294






$BDZDA,133112.00,10,07,2024,00,00*76
$BDRMC,133112.00,A,3904.60611,N,11721.26052,E,0.102,,100724,,,A,V*12
$BDGGA,133112.00,3904.60611,N,11721.26052,E,1,06,4.61,-30.0,M,-4.9,M,,*4C
$BDGSA,A,3,06,08,16,23,32,39,,,,,,,8.84,4.61,7.55,4*08
$BDGSV,3,1,12,05,17,250,,06,68,312,25,07,12,180,19,08,32,203,17,1*74
$BDGSV,3,2,12,09,55,286,,16,68,316,32,23,82,021,29,25,29,051,22,1*75
$BDGSV,3,3,12,32,75,272,32,37,83,019,,38,23,189,26,39,71,351,34,1*76
$BDGSV,1,1,04,23,82,021,32,25,29,051,22,32,75,272,31,39,71,351,39,3*75
$BDGLL,3904.60611,N,11721.26052,E,133112.00,A,A*72
$BDTXT,01,01,01,ANTENNA OK*24

-- Send QB4 Data OK......294


-- Build QB4 Data :2024,7,10 21-31-12   294






$BDZDA,133113.00,10,07,2024,00,00*77
$BDRMC,133113.00,A,3904.60596,N,11721.26037,E,0.077,,100724,,,A,V*1F
$BDGGA,133113.00,3904.60596,N,11721.26037,E,1,06,4.61,-29.6,M,-4.9,M,,*4C
$BDGSA,A,3,06,08,16,23,32,39,,,,,,,8.84,4.61,7.54,4*09
$BDGSV,3,1,12,05,17,250,,06,68,312,25,07,12,180,19,08,32,203,18,1*7B
$BDGSV,3,2,12,09,55,286,,16,68,316,32,23,82,021,29,25,29,051,21,1*76
$BDGSV,3,3,12,32,75,272,31,37,83,019,,38,23,189,26,39,71,351,34,1*75
$BDGSV,1,1,04,23,82,021,32,25,29,051,22,32,75,272,31,39,71,351,39,3*75
$BDGLL,3904.60596,N,11721.26037,E,133113.00,A,A*7C
$BDTXT,01,01,01,ANTENNA OK*24

-- Send QB4 Data OK......294


-- Build QB4 Data :2024,7,10 21-31-13   294






$BDZDA,133114.00,10,07,2024,00,00*70
$BDRMC,133114.00,A,3904.60582,N,11721.26034,E,0.092,,100724,,,A,V*15
$BDGGA,133114.00,3904.60582,N,11721.26034,E,1,06,4.61,-29.2,M,-4.9,M,,*49
$BDGSA,A,3,06,08,16,23,32,39,,,,,,,8.84,4.61,7.54,4*09
$BDGSV,3,1,12,05,17,250,,06,68,312,26,07,12,180,19,08,32,203,18,1*78
$BDGSV,3,2,12,09,55,286,,16,68,316,32,23,82,021,29,25,29,051,21,1*76
$BDGSV,3,3,12,32,75,272,32,37,83,019,,38,23,189,26,39,71,351,34,1*76
$BDGSV,2,1,05,23,82,021,32,25,29,051,23,32,75,272,31,38,23,189,20,3*7F
$BDGSV,2,2,05,39,71,351,39,3*43
$BDGLL,3904.60582,N,11721.26034,E,133114.00,A,A*7D
$BDTXT,01,01,01,ANTENNA OK*24

-- Send QB4 Data OK......294


-- Build QB4 Data :2024,7,10 21-31-14   294






$BDZDA,133115.00,10,07,2024,00,00*71
$BDRMC,133115.00,A,3904.60558,N,11721.26034,E,0.287,,100724,,,A,V*15
$BDGGA,133115.00,3904.60558,N,11721.26034,E,1,06,4.61,-29.5,M,-4.9,M,,*48
$BDGSA,A,3,06,08,16,23,32,39,,,,,,,8.84,4.61,7.54,4*09
$BDGSV,3,1,12,05,17,250,,06,68,312,26,07,12,180,19,08,32,203,17,1*77
$BDGSV,3,2,12,09,55,286,,16,68,316,32,23,82,021,29,25,29,051,21,1*76
$BDGSV,3,3,12,32,75,272,31,37,83,019,,38,23,189,26,39,71,351,34,1*75
$BDGSV,2,1,05,23,82,021,32,25,29,051,23,32,75,272,31,38,23,189,22,3*7D
$BDGSV,2,2,05,39,71,351,39,3*43
$BDGLL,3904.60558,N,11721.26034,E,133115.00,A,A*7B
$BDTXT,01,01,01,ANTENNA OK*24

-- Send QB4 Data OK......294


-- Build QB4 Data :2024,7,10 21-31-15   294






$BDZDA,133116.00,10,07,2024,00,00*72
$BDRMC,133116.00,A,3904.60542,N,11721.26038,E,0.275,,100724,,,A,V*1C
$BDGGA,133116.00,3904.60542,N,11721.26038,E,1,06,4.61,-29.5,M,-4.9,M,,*4C
$BDGSA,A,3,06,08,16,23,32,39,,,,,,,8.83,4.61,7.54,4*0E
$BDGSV,3,1,12,05,17,250,,06,68,312,25,07,12,180,18,08,32,203,17,1*75
$BDGSV,3,2,12,09,55,286,,16,68,316,32,23,82,021,29,25,29,051,21,1*76
$BDGSV,3,3,12,32,75,272,31,37,83,019,,38,23,189,26,39,71,351,34,1*75
$BDGSV,2,1,05,23,82,021,32,25,29,051,23,32,75,272,31,38,23,189,23,3*7C
$BDGSV,2,2,05,39,71,351,39,3*43
$BDGLL,3904.60542,N,11721.26038,E,133116.00,A,A*7F
$BDTXT,01,01,01,ANTENNA OK*24

-- Send QB4 Data OK......294


-- Build QB4 Data :2024,7,10 21-31-16   294






$BDZDA,133117.00,10,07,2024,00,00*73
$BDRMC,133117.00,A,3904.60534,N,11721.26029,E,0.079,,100724,,,A,V*12
$BDGGA,133117.00,3904.60534,N,11721.26029,E,1,06,4.60,-28.7,M,-4.9,M,,*4E
$BDGSA,A,3,06,08,16,23,32,39,,,,,,,8.83,4.60,7.53,4*08
$BDGSV,3,1,12,05,17,250,,06,68,312,25,07,12,180,18,08,32,203,17,1*75
$BDGSV,3,2,12,09,55,286,,16,68,316,32,23,82,021,29,25-- Send QB4 Data OK......294

,29,051,21,1*76
$BDGSV,3,3,12,32,75,272,31,37,83,019,,38,23,189,26,39,71,351,34,1*75
$BDGSV,2,1,05,23,82,021,32,25,29,051,23,32,75,272,30,38,23,189,24,3*7A
$BDGSV,2,2,05,39,71,351,39,3*43
$BDGLL,3904.60534,N,11721.26029,E,133117.00,A,A*7F
$BDTXT,01,01,01,ANTENNA OK*24

-- Build QB4 Data :2024,7,10 21-31-17   294






$BDZDA,133118.00,10,07,2024,00,00*7C
$BDRMC,133118.00,A,3904.60525,N,11721.26025,E,0.028,,100724,,,A,V*15
$BDGGA,133118.00,3904.60525,N,11721.26025,E,1,06,4.60,-28.3,M,-4.9,M,,*49
$BDGSA,A,3,06,08,16,23,32,39,,,,,,,8.83,4.60,7.53,4*08
$BDGSV,3,1,12,05,17,250,,06,68,312,26,07,12,180,19,08,32,203,17,1*77
$BDGSV,3,2,12,09,55,286,,16,68,316,33,23,82,021,29,25,29,051,21,1*77
$BDGSV,3,3,12,32,75,272,32,37,83,019,,38,23,189,26,39,71,351,34,1*76
$BDGSV,2,1,05,23,82,021,32,25,29,051,23,32,75,272,31,38,23,189,24,3*7B
$BDGSV,2,2,05,39,71,351,39,3*43
$BDGLL,3904.60525,N,11721.26025,E,133118.00,A,A*7C
$BDTXT,01,01,01,ANTENNA OK*24

-- Send QB4 Data OK......294


-- Build QB4 Data :2024,7,10 21-31-18   294






$BDZDA,133119.00,10,07,2024,00,00*7D
$BDRMC,133119.00,A,3904.60517,N,11721.26019,E,0.081,,100724,,,A,V*19
$BDGGA,133119.00,3904.60517,N,11721.26019,E,1,06,4.60,-27.4,M,-4.9,M,,*4E
$BDGSA,A,3,06,08,16,23,32,39,,,,,,,8.83,4.60,7.53,4*08
$BDGSV,3,1,12,05,17,250,,06,68,312,26,07,12,180,19,08,32,203,18,1*78
$BDGSV,3,2,12,09,55,286,,16,68,316,33,23,82,021,30,25,29,051,21,1*7F
$BDGSV,3,3,12,32,75,272,32,37,83,019,,38,23,189,26,39,71,351,35,1*77
$BDGSV,2,1,05,23,82,021,32,25,29,051,23,32,75,272,31,38,23,189,25,3*7A
$BDGSV,2,2,05,39,71,351,39,3*43
$BDGLL,3904.60517,N,11721.26019,E,133119.00,A,A*73
$BDTXT,01,01,01,ANTENNA OK*24

-- Send QB4 Data OK......294


-- Build QB4 Data :2024,7,10 21-31-19   294






$BDZDA,133120.00,10,07,2024,00,00*77
$BDRMC,133120.00,A,3904.60501,N,11721.26016,E,0.138,,100724,,,A,V*18
$BDGGA,133120.00,3904.60501,N,11721.26016,E,1,06,4.60,-27.4,M,-4.9,M,,*4C
$BDGSA,A,3,06,08,16,23,32,39,,,,,,,8.82,4.60,7.53,4*09
$BDGSV,3,1,12,05,17,250,,06,68,312,26,07,12,180,20,08,32,203,18,1*72
$BDGSV,3,2,12,09,55,286,,16,68,316,33,23,82,021,30,25,29,051,21,1*7F
$BDGSV,3,3,12,32,75,272,32,37,83,019,,38,23,189,26,39,71,351,35,1*77
$BDGSV,2,1,05,23,82,021,32,25,29,051,23,32,75,272,31,38,23,189,25,3*7A
$BDGSV,2,2,05,39,71,351,39,3*43
$BDGLL,3904.60501,N,11721.26016,E,133120.00,A,A*71
$BDTXT,01,01,01,ANTENNA OK*24

-- Send QB4 Data OK......294


-- Build QB4 Data :2024,7,10 21-31-20   294


-- Send QB4 Data OK......294






$BDZDA,133121.00,10,07,2024,00,00*76
$BDRMC,133121.00,A,3904.60479,N,11721.26013,E,0.351,,100724,,,A,V*1F
$BDGGA,133121.00,3904.60479,N,11721.26013,E,1,06,4.60,-27.5,M,-4.9,M,,*47
$BDGSA,A,3,06,08,16,23,32,39,,,,,,,8.82,4.60,7.52,4*08
$BDGSV,3,1,12,05,17,250,,06,68,312,25,07,12,180,19,08,32,203,18,1*7B
$BDGSV,3,2,12,09,55,286,,16,68,316,33,23,82,021,29,25,29,051,20,1*76
$BDGSV,3,3,12,32,75,272,32,37,83,019,,38,23,189,25,39,71,351,34,1*75
$BDGSV,2,1,05,23,82,021,33,25,29,051,24,32,75,272,31,38,23,189,25,3*7C
$BDGSV,2,2,05,39,71,351,39,3*43
$BDGLL,3904.60479,N,11721.26013,E,133121.00,A,A*7B
$BDTXT,01,01,01,ANTENNA OK*24

-- Build QB4 Data :2024,7,10 21-31-21   294






$BDZDA,133122.00,10,07,2024,00,00*75
$BDRMC,133122.00,A,3904.60484,N,11721.25998,E,0.169,,100724,,,A,V*1E
$BDGGA,133122.00,3904.60484,N,11721.25998,E,1,06,4.60,-26.1,M,-4.9,M,,*4A
$BDGSA,A,3,06,08,16,23,32,39,,,,,,,8.82,4.60,7.52,4*08
$BDGSV,3,1,12,05,17,250,,06,68,312,25,07,12,180,19,08,32,203,18,1*7B
$BDGSV,3,2,12,09,55,286,,16,68,316,32,23,82,021,30,25,29,051,20,1*7F
$BDGSV,3,3,12,32,75,272,32,37,83,019,,38,23,189,26,39,71,351,34,1*76
$BDGSV,2,1,05,23,82,021,33,25,29,051,25,32,75,272,31,38,23,189,25,3*7D
$BDGSV,2,2,05,39,71,351,40,3*4D
$BDGLL,3904.60484,N,11721.25998,E,133122.00,A,A*73
$BDTXT,01,01,01,ANTENNA OK*24

-- Send QB4 Data OK......294


-- Build QB4 Data :2024,7,10 21-31-22   294






$BDZDA,133123.00,10,07,2024,00,00*74
$BDRMC,133123.00,A,3904.60479,N,11721.25989,E,0.221,,100724,,,A,V*12
$BDGGA,133123.00-- Send QB4 Data OK......294

,3904.60479,N,11721.25989,E,1,06,4.60,-25.1,M,-4.9,M,,*4A
$BDGSA,A,3,06,08,16,23,32,39,,,,,,,8.81,4.60,7.52,4*0B
$BDGSV,3,1,12,05,17,250,,06,68,312,25,07,12,180,20,08,32,203,19,1*70
$BDGSV,3,2,12,09,55,286,,16,68,316,32,23,82,021,30,25,29,051,20,1*7F
$BDGSV,3,3,12,32,75,272,32,37,83,019,,38,23,189,26,39,71,351,34,1*76
$BDGSV,2,1,05,23,82,021,33,25,29,051,25,32,75,272,30,38,23,189,25,3*7C
$BDGSV,2,2,05,39,71,351,39,3*43
$BDGLL,3904.60479,N,11721.25989,E,133123.00,A,A*70
$BDTXT,01,01,01,ANTENNA OK*24

-- Build QB4 Data :2024,7,10 21-31-23   294






$BDZDA,133124.00,10,07,2024,00,00*73
$BDRMC,133124.00,A,3904.60474,N,11721.25985,E,0.223,,100724,,,A,V*16
$BDGGA,133124.00,3904.60474,N,11721.25985,E,1,06,4.60,-24.2,M,-4.9,M,,*4E
$BDGSA,A,3,06,08,16,23,32,39,,,,,,,8.81,4.60,7.52,4*0B
$BDGSV,3,1,12,05,17,250,,06,68,312,26,07,12,180,20,08,32,203,19,1*73
$BDGSV,3,2,12,09,55,286,,16,68,316,32,23,82,021,30,25,29,051,21,1*7E
$BDGSV,3,3,12,32,75,272,32,37,83,019,,38,23,189,26,39,71,351,34,1*76
$BDGSV,2,1,05,23,82,021,32,25,29,051,24,32,75,272,30,38,23,189,24,3*7D
$BDGSV,2,2,05,39,71,351,38,3*42
$BDGLL,3904.60474,N,11721.25985,E,133124.00,A,A*76
$BDTXT,01,01,01,ANTENNA OK*24

-- Send QB4 Data OK......294


-- Build QB4 Data :2024,7,10 21-31-24   294






$BDZDA,133125.00,10,07,2024,00,00*72
$BDRMC,133125.00,A,3904.60468,N,11721.25974,E,0.232,,100724,,,A,V*14
$BDGGA,133125.00,3904.60468,N,11721.25974,E,1,06,4.60,-23.1,M,-4.9,M,,*48
$BDGSA,A,3,06,08,16,23,32,39,,,,,,,8.81,4.60,7.51,4*08
$BDGSV,3,1,12,05,17,250,,06,68,312,26,07,12,180,20,08,32,203,19,1*73
$BDGSV,3,2,12,09,55,286,,16,68,316,33,23,82,021,30,25,29,051,21,1*7F
$BDGSV,3,3,12,32,75,272,33,37,83,019,,38,23,189,26,39,71,351,35,1*76
$BDGSV,2,1,05,23,82,021,32,25,29,051,24,32,75,272,30,38,23,189,25,3*7C
$BDGSV,2,2,05,39,71,351,39,3*43
$BDGLL,3904.60468,N,11721.25974,E,133125.00,A,A*74
$BDTXT,01,01,01,ANTENNA OK*24

-- Send QB4 Data OK......294


-- Build QB4 Data :2024,7,10 21-31-25   294


-- Send QB4 Data OK......294





$BDZDA,133126.00,10,07,2024,00,00*71
$BDRMC,133126.00,A,3904.60465,N,11721.25980,E,0.278,,100724,,,A,V*1F
$BDGGA,133126.00,3904.60465,N,11721.25980,E,1,06,4.60,-22.4,M,-4.9,M,,*49
$BDGSA,A,3,06,08,16,23,32,39,,,,,,,8.81,4.60,7.51,4*08
$BDGSV,3,1,12,05,17,250,,06,68,312,26,07,12,180,19,08,32,203,19,1*79
$BDGSV,3,2,12,09,55,286,,16,68,316,32,23,82,021,29,25,29,051,21,1*76
$BDGSV,3,3,12,32,75,272,31,37,83,019,,38,23,189,25,39,71,351,34,1*76
$BDGSV,2,1,05,23,82,021,31,25,29,051,23,32,75,272,29,38,23,189,24,3*71
$BDGSV,2,2,05,39,71,351,38,3*42
$BDGLL,3904.60465,N,11721.25980,E,133126.00,A,A*71
$BDTXT,01,01,01,ANTENNA OK*24

-- Build QB4 Data :2024,7,10 21-31-26   294






$BDZDA,133127.00,10,07,2024,00,00*70
$BDRMC,133127.00,A,3904.60455,N,11721.25973,E,0.195,,100724,,,A,V*11
$BDGGA,133127.00,3904.60455,N,11721.25973,E,1,06,4.60,-21.5,M,-4.9,M,,*45
$BDGSA,A,3,06,08,16,23,32,39,,,,,,,8.80,4.60,7.51,4*09
$BDGSV,3,1,12,05,17,250,,06,68,312,26,07,12,180,19,08,32,203,19,1*79
$BDGSV,3,2,12,09,55,286,,16,68,316,33,23,82,022,30,25,29,051,21,1*7C
$BDGSV,3,3,12,32,75,272,33,37,83,019,,38,23,189,26,39,71,351,35,1*76
$BDGSV,2,1,05,23,82,022,32,25,29,051,23,32,75,272,31,38,23,189,25,3*79
$BDGSV,2,2,05,39,71,351,40,3*4D
$BDGLL,3904.60455,N,11721.25973,E,133127.00,A,A*7F
$BDTXT,01,01,01,ANTENNA OK*24

-- Send QB4 Data OK......294


-- Build QB4 Data :2024,7,10 21-31-27   294






$BDZDA,133128.00,10,07,2024,00,00*7F
$BDRMC,133128.00,A,3904.60449,N,11721.25976,E,0.128,,100724,,,A,V*10
$BDGGA,133128.00,3904.60449,N,11721.25976,E,1,06,4.59,-20.8,M,-4.9,M,,*44
$BDGSA,A,3,06,08,16,23,32,39,,,,,,,8.80,4.59,7.51,4*03
$BDGSV,3,1,12,05,17,250,,06,68,312,27,07,12,180,19,08,32,203,19,1*78
$BDGSV,3,2,12,09,55,286,,16,68,316,34,23,82,022,31,25,29,051,22,1*79
$BDGSV,3,3,12,32,75,272,33,37,83,019,,38,23,189,26,39,71,351,35,1*76
$BDGSV,2,1,05,23,82,022,33,25,29,051,24,32,75,272,30,38,23,189,25,3*7E
$BDGSV,2,2,05,39,71,351,39,3*43
$BDGLL,3904.60449,N,11721.25976,E,133128.00,A,A*78
$BDTXT,01,01,01,ANTENNA OK*24
-- Send QB4 Data OK......294


-- Build QB4 Data :2024,7,10 21-31-28   294






$BDZDA,133129.00,10,07,2024,00,00*7E
$BDRMC,133129.00,A,3904.60449,N,11721.25963,E,0.125,,100724,,,A,V*18
$BDGGA,133129.00,3904.60449,N,11721.25963,E,1,06,4.59,-20.0,M,-4.9,M,,*49
$BDGSA,A,3,06,08,16,23,32,39,,,,,,,8.80,4.59,7.50,4*02
$BDGSV,3,1,12,05,17,250,,06,68,312,26,07,12,180,20,08,32,203,19,1*73
$BDGSV,3,2,12,09,55,286,,16,68,316,33,23,82,022,30,25,29,051,21,1*7C
$BDGSV,3,3,12,32,75,272,33,37,83,019,,38,23,189,26,39,71,351,35,1*76
$BDGSV,2,1,05,23,82,022,32,25,29,051,24,32,75,272,30,38,23,189,25,3*7F
$BDGSV,2,2,05,39,71,351,39,3*43
$BDGLL,3904.60449,N,11721.25963,E,133129.00,A,A*7D
$BDTXT,01,01,01,ANTENNA OK*24

-- Send QB4 Data OK......294


-- Build QB4 Data :2024,7,10 21-31-29   294






$BDZDA,133130.00,10,07,2024,00,00*76
$BDRMC,133130.00,A,3904.60443,N,11721.25964,E,0.029,,100724,,,A,V*10
$BDGGA,133130.00,3904.60443,N,11721.25964,E,1,06,4.59,-20.1,M,-4.9,M,,*4D
$BDGSA,A,3,06,08,16,23,32,39,,,,,,,8.80,4.59,7.50,4*02
$BDGSV,3,1,12,05,17,250,,06,68,312,25,07,12,180,18,08,32,203,18,1*7A
$BDGSV,3,2,12,09,55,286,,16,68,316,32,23,82,022,29,25,29,051,20,1*74
$BDGSV,3,3,12,32,75,271,32,37,83,019,,38,23,189,25,39,71,351,34,1*76
$BDGSV,2,1,05,23,82,022,32,25,29,051,23,32,75,271,25,38,23,189,24,3*7E
$BDGSV,2,2,05,39,71,351,38,3*42
$BDGLL,3904.60443,N,11721.25964,E,133130.00,A,A*78
$BDTXT,01,01,01,ANTENNA OK*24

-- Send QB4 Data OK......294


-- Build QB4 Data :2024,7,10 21-31-30   294






$BDZDA,133131.00,10,07,2024,00,00*77
$BDRMC,133131.00,A,3904.60431,N,11721.25958,E,0.032,,100724,,,A,V*11
$BDGGA,133131.00,3904.60431,N,11721.25958,E,1,06,4.59,-19.3,M,-4.9,M,,*4E
$BDGSA,A,3,06,08,16,23,32,39,,,,,,,8.79,4.59,7.50,4*04
$BDGSV,3,1,12,05,17,250,,06,68,312,26,07,12,180,19,08,32,203,19,1*79
$BDGSV,3,2,12,09,55,286,,16,68,316,33,23,82,022,30,25,29,051,20,1*7D
$BDGSV,3,3,12,32,75,271,32,37,83,019,,38,23,189,26,39,71,351,34,1*75
$BDGSV,2,1,05,23,82,022,32,25-- Send QB4 Data OK......294

,29,051,23,32,75,271,30,38,23,189,24,3*7A
$BDGSV,2,2,05,39,71,351,38,3*42
$BDGLL,3904.60431,N,11721.25958,E,133131.00,A,A*73
$BDTXT,01,01,01,ANTENNA OK*24

-- Build QB4 Data :2024,7,10 21-31-31   294


-- Send QB4 Data OK......294






$BDZDA,133132.00,10,07,2024,00,00*74
$BDRMC,133132.00,A,3904.60431,N,11721.25947,E,0.076,,100724,,,A,V*1C
$BDGGA,133132.00,3904.60431,N,11721.25947,E,1,06,4.59,-18.7,M,-4.9,M,,*46
$BDGSA,A,3,06,08,16,23,32,39,,,,,,,8.79,4.59,7.49,4*0C
$BDGSV,3,1,12,05,17,250,,06,68,312,26,07,12,180,19,08,32,203,18,1*78
$BDGSV,3,2,12,09,55,286,,16,68,316,33,23,82,022,30,25,29,051,20,1*7D
$BDGSV,3,3,12,32,75,271,33,37,83,019,,38,23,189,26,39,71,351,34,1*74
$BDGSV,2,1,05,23,82,022,32,25,29,051,22,32,75,271,30,38,23,189,25,3*7A
$BDGSV,2,2,05,39,71,351,38,3*42
$BDGLL,3904.60431,N,11721.25947,E,133132.00,A,A*7E
$BDTXT,01,01,01,ANTENNA OK*24

-- Build QB4 Data :2024,7,10 21-31-32   294






$BDZDA,133133.00,10,07,2024,00,00*75
$BDRMC,133133.00,A,3904.60421,N,11721.25948,E,0.123,,100724,,,A,V*12
$BDGGA,133133.00,3904.60421,N,11721.25948,E,1,06,4.59,-17.7,M,-4.9,M,,*46
$BDGSA,A,3,06,08,16,23,32,39,,,,,,,8.79,4.59,7.49,4*0C
$BDGSV,3,1,12,05,17,250,,06,68,312,26,07,12,180,19,08,32,203,18,1*78
$BDGSV,3,2,12,09,55,286,,16,68,316,33,23,82,022,30,25,29,051,21,1*7C
$BDGSV,3,3,12,32,75,271,32,37,83,019,,38,23,189,25,39,71,351,34,1*76
$BDGSV,2,1,05,23,82,022,31,25,29,051,23,32,75,271,30,38,23,189,25,3*78
$BDGSV,2,2,05,39,71,351,38,3*42
$BDGLL,3904.60421,N,11721.25948,E,133133.00,A,A*71
$BDTXT,01,01,01,ANTENNA OK*24

-- Send QB4 Data OK......294


-- Build QB4 Data :2024,7,10 21-31-33   294






$BDZDA,133134.00,10,07,2024,00,00*72
$BDRMC,133134.00,A,3904.60413,N,11721.25944,E,0.113,,100724,,,A,V*1B
$BDGGA,133134.00,3904.60413,N,11721.25944,E,1,06,4.59,-17.8,M,-4.9,M,,*43
$BDGSA,A,3,06,08,16,23,32,39,,,,,,,8.79,4.59,7.49,4*0C
$BDGSV,3,1,12,05,17,250,,06,68,312,26,07,12,180,19,08,32,203,19,1*79
$BDGSV,3,2,12,09,55,286,,16,68,316,33,23,82,022,30,-- Send QB4 Data OK......294

25,29,051,20,1*7D
$BDGSV,3,3,12,32,75,271,32,37,83,019,,38,23,189,26,39,71,351,34,1*75
$BDGSV,2,1,05,23,82,022,32,25,29,051,23,32,75,271,30,38,23,189,25,3*7B
$BDGSV,2,2,05,39,71,351,38,3*42
$BDGLL,3904.60413,N,11721.25944,E,133134.00,A,A*7B
$BDTXT,01,01,01,ANTENNA OK*24

-- Build QB4 Data :2024,7,10 21-31-34   294






$BDZDA,133135.00,10,07,2024,00,00*73
$BDRMC,133135.00,A,3904.60389,N,11721.25948,E,0.241,,100724,,,A,V*16
$BDGGA,133135.00,3904.60389,N,11721.25948,E,1,06,4.59,-17.9,M,-4.9,M,,*4B
$BDGSA,A,3,06,08,16,23,32,39,,,,,,,8.78,4.59,7.49,4*0D
$BDGSV,3,1,12,05,17,250,,06,68,312,26,07,12,180,20,08,32,203,19,1*73
$BDGSV,3,2,12,09,55,286,,16,68,316,32,23,82,022,30,25,29,051,21,1*7D
$BDGSV,3,3,12,32,75,271,32,37,83,019,,38,23,189,25,39,71,351,34,1*76
$BDGSV,2,1,05,23,82,022,32,25,29,051,22,32,75,271,29,38,23,189,25,3*72
$BDGSV,2,2,05,39,71,351,38,3*42
$BDGLL,3904.60389,N,11721.25948,E,133135.00,A,A*72
$BDTXT,01,01,01,ANTENNA OK*24

-- Send QB4 Data OK......294


-- Build QB4 Data :2024,7,10 21-31-35   294






$BDZDA,133136.00,10,07,2024,00,00*70
$BDRMC,133136.00,A,3904.60379,N,11721.25947,E,0.190,,100724,,,A,V*1A
$BDGGA,133136.00,3904.60379,N,11721.25947,E,1,06,4.59,-17.7,M,-4.9,M,,*46
$BDGSA,A,3,06,08,16,23,32,39,,,,,,,8.78,4.59,7.48,4*0C
$BDGSV,3,1,12,05,17,250,,06,68,312,26,07,12,180,21,08,32,203,19,1*72
$BDGSV,3,2,12,09,55,286,,16,68,316,32,23,82,022,30,25,29,051,21,1*7D
$BDGSV,3,3,12,32,75,271,32,37,83,019,,38,23,189,25,39,71,351,34,1*76
$BDGSV,2,1,05,23,82,022,32,25,29,051,23,32,75,271,29,38,23,189,24,3*72
$BDGSV,2,2,05,39,71,351,38,3*42
$BDGLL,3904.60379,N,11721.25947,E,133136.00,A,A*71
$BDTXT,01,01,01,ANTENNA OK*24

-- Send QB4 Data OK......294


-- Build QB4 Data :2024,7,10 21-31-36   294






$BDZDA,133137.00,10,07,2024,00,00*71
$BDRMC,133137.00,A,3904.60377,N,11721.25947,E,0.082,,100724,,,A,V*17
$BDGGA,133137.00,3904.60377,N,11721.25947,E,1,06,4.59,-17.1,M,-4.9,M,,*4F
$BDGSA,A,3,06,08,16,23,32,39,,,,,,,8.78,4.59,7.48,4*0C
$BD-- Send QB4 Data OK......294

GSV,3,1,12,05,17,250,,06,68,312,26,07,12,180,21,08,32,203,19,1*72
$BDGSV,3,2,12,09,55,286,,16,68,316,33,23,82,022,30,25,29,051,20,1*7D
$BDGSV,3,3,12,32,75,271,32,37,83,019,,38,23,189,26,39,71,351,34,1*75
$BDGSV,2,1,05,23,82,022,32,25,29,051,23,32,75,271,29,38,23,189,25,3*73
$BDGSV,2,2,05,39,71,351,38,3*42
$BDGLL,3904.60377,N,11721.25947,E,133137.00,A,A*7E
$BDTXT,01,01,01,ANTENNA OK*24

-- Build QB4 Data :2024,7,10 21-31-37   294






$BDZDA,133138.00,10,07,2024,00,00*7E
$BDRMC,133138.00,A,3904.60354,N,11721.25955,E,0.303,,100724,,,A,V*10
$BDGGA,133138.00,3904.60354,N,11721.25955,E,1,06,4.59,-17.6,M,-4.9,M,,*45
$BDGSA,A,3,06,08,16,23,32,39,,,,,,,8.78,4.59,7.48,4*0C
$BDGSV,3,1,12,05,17,250,,06,68,312,26,07,12,180,21,08,32,203,18,1*73
$BDGSV,3,2,12,09,55,286,,16,68,316,33,23,82,022,30,25,29,051,21,1*7C
$BDGSV,3,3,12,32,75,271,33,37,83,019,,38,23,189,26,39,71,351,35,1*75
$BDGSV,2,1,05,23,82,022,32,25,29,051,23,32,75,271,29,38,23,189,25,3*73
$BDGSV,2,2,05,39,71,351,38,3*42
$BDGLL,3904.60354,N,11721.25955,E,133138.00,A,A*73
$BDTXT,01,01,01,ANTENNA OK*24

-- Send QB4 Data OK......294


-- Build QB4 Data :2024,7,10 21-31-38   294






$BDZDA,133139.00,10,07,2024,00,00*7F
$BDRMC,133139.00,A,3904.60346,N,11721.25952,E,0.180,,100724,,,A,V*1C
$BDGGA,133139.00,3904.60346,N,11721.25952,E,1,06,4.58,-17.1,M,-4.9,M,,*46
$BDGSA,A,3,06,08,16,23,32,39,,,,,,,8.77,4.58,7.48,4*02
$BDGSV,3,1,12,05,17,250,,06,68,312,26,07,12,180,21,08,32,203,18,1*73
$BDGSV,3,2,12,09,55,286,,16,68,316,32,23,82,022,30,25,29,051,20,1*7C
$BDGSV,3,3,12,32,75,271,32,37,83,019,,38,23,189,25,39,71,351,34,1*76
$BDGSV,2,1,05,23,82,022,32,25,29,051,22,32,75,271,29,38,23,189,25,3*72
$BDGSV,2,2,05,39,71,351,38,3*42
$BDGLL,3904.60346,N,11721.25952,E,133139.00,A,A*76
$BDTXT,01,01,01,ANTENNA OK*24

-- Send QB4 Data OK......294


-- Build QB4 Data :2024,7,10 21-31-39   294






$BDZDA,133140.00,10,07,2024,00,00*71
$BDRMC,133140.00,A,3904.60351,N,11721.25953,E,0.034,,100724,,,A,V*1B
$BDGGA,133140.00-- Send QB4 Data OK......294

,3904.60351,N,11721.25953,E,1,06,4.58,-16.8,M,-4.9,M,,*47
$BDGSA,A,3,06,08,16,23,32,39,,,,,,,8.77,4.58,7.47,4*0D
$BDGSV,3,1,12,05,17,250,,06,68,312,26,07,12,180,20,08,32,203,18,1*72
$BDGSV,3,2,12,09,55,286,,16,68,316,32,23,82,022,30,25,29,051,19,1*76
$BDGSV,3,3,12,32,75,271,34,37,83,019,,38,23,189,25,39,71,351,35,1*71
$BDGSV,2,1,05,23,82,022,31,25,29,051,22,32,75,271,29,38,23,189,25,3*71
$BDGSV,2,2,05,39,71,351,40,3*4D
$BDGLL,3904.60351,N,11721.25953,E,133140.00,A,A*7F
$BDTXT,01,01,01,ANTENNA OK*24

-- Build QB4 Data :2024,7,10 21-31-40   294






$BDZDA,133141.00,10,07,2024,00,00*70
$BDRMC,133141.00,A,3904.60345,N,11721.25945,E,0.052,,100724,,,A,V*18
$BDGGA,133141.00,3904.60345,N,11721.25945,E,1,06,4.58,-16.3,M,-4.9,M,,*4F
$BDGSA,A,3,06,08,16,23,32,39,,,,,,,8.77,4.58,7.47,4*0D
$BDGSV,3,1,12,05,17,250,,06,68,312,26,07,12,180,20,08,32,203,19,1*73
$BDGSV,3,2,12,09,55,286,,16,68,316,33,23,82,022,31,25,29,051,20,1*7C
$BDGSV,3,3,12,32,75,271,33,37,83,019,,38,23,189,26,39,71,351,35,1*75
$BDGSV,2,1,05,23,82,022,33,25,29,051,22,32,75,271,31,38,23,189,26,3*79
$BDGSV,2,2,05,39,71,351,40,3*4D
$BDGLL,3904.60345,N,11721.25945,E,133141.00,A,A*7C
$BDTXT,01,01,01,ANTENNA OK*24

-- Send QB4 Data OK......294


-- Build QB4 Data :2024,7,10 21-31-41   294






$BDZDA,133142.00,10,07,2024,00,00*73
$BDRMC,133142.00,A,3904.60336,N,11721.25948,E,0.064,,100724,,,A,V*17
$BDGGA,133142.00,3904.60336,N,11721.25948,E,1,06,4.58,-16.3,M,-4.9,M,,*45
$BDGSA,A,3,06,08,16,23,32,39,,,,,,,8.76,4.58,7.47,4*0C
$BDGSV,3,1,12,05,17,250,,06,68,312,26,07,12,180,20,08,32,203,19,1*73
$BDGSV,3,2,12,09,55,286,,16,68,316,33,23,82,022,30,25,29,051,21,1*7C
$BDGSV,3,3,12,32,75,271,33,37,83,019,,38,23,189,26,39,71,351,35,1*75
$BDGSV,2,1,05,23,82,022,33,25,29,051,22,32,75,271,30,38,23,189,26,3*78
$BDGSV,2,2,05,39,71,351,39,3*43
$BDGLL,3904.60336,N,11721.25948,E,133142.00,A,A*76
$BDTXT,01,01,01,ANTENNA OK*24

-- Send QB4 Data OK......294


-- Build QB4 Data :2024,7,10 21-31-42   294






$BDZDA,133143.00,10,07,2024,00,00*72
$BDRMC,133143.00,A,3904.60342,N,11721.25949,E,0.073,,100724,,,A,V*12
$BDGGA,133143.00,3904.60342,N,11721.25949,E,1,06,4.58,-16.1,M,-4.9,M,,*44
$BDGSA,A,3,06,08,16,23,32,39,,,,,,,8.76,4.58,7.47,4*0C
$BDGSV,3,1,12,05,17,250,,06,68,312,26,07,12,180,19,08,32,203,18,1*78
$BDGSV,3,2,12,09,55,286,,16,68,316,32,23,82,022,29,25,29,051,20,1*74
$BDGSV,3,3,12,32,75,271,32,37,83,019,,38,23,189,25,39,71,351,34,1*76
$BDGSV,2,1,05,23,82,022,32,25,29,051,22,32,75,271,29,38,23,189,25,3*72
$BDGSV,2,2,05,39,71,351,38,3*42
$BDGLL,3904.60342,N,11721.25949,E,133143.00,A,A*75
$BDTXT,01,01,01,ANTENNA OK*24

-- Send QB4 Data OK......294


-- Build QB4 Data :2024,7,10 21-31-43   294






$BDZDA,133144.00,10,07,2024,00,00*75
$BDRMC,133144.00,A,3904.60333,N,11721.25958,E,0.048,,100724,,,A,V*1B
$BDGGA,133144.00,3904.60333,N,11721.25958,E,1,06,4.58,-16.0,M,-4.9,M,,*44
$BDGSA,A,3,06,08,16,23,32,39,,,,,,,8.76,4.58,7.46,4*0D
$BDGSV,3,1,12,05,17,250,,06,68,312,25,07,12,180,19,08,32,203,18,1*7B
$BDGSV,3,2,12,09,55,286,,16,68,316,32,23,82,022,29,25,29,051,20,1*74
$BDGSV,3,3,12,32,75,271,32,37,83,019,,38,23,189,25,39,71,351,34,1*76
$BDGSV,2,1,05,23,82,022,32,25,29,051,20,32,75,271,29,38,23,189,25,3*70
$BDGSV,2,2,05,39,71,351,38,3*42
$BDGLL,3904.60333,N,11721.25958,E,133144.00,A,A*74
$BDTXT,01,01,01,ANTENNA OK*24

-- Send QB4 Data OK......294


-- Build QB4 Data :2024,7,10 21-31-44   294






$BDZDA,133145.00,10,07,2024,00,00*74
$BDRMC,133145.00,A,3904.60333,N,11721.25958,E,0.072,,100724,,,A,V*13
$BDGGA,133145.00,3904.60333,N,11721.25958,E,1,06,4.58,-15.7,M,-4.9,M,,*41
$BDGSA,A,3,06,08,16,23,32,39,,,,,,,8.76,4.58,7.46,4*0D
$BDGSV,3,1,12,05,17,250,,06,68,312,25,07,12,180,19,08,32,203,17,1*74
$BDGSV,3,2,12,09,55,286,,16,68,316,32,23,82,022,29,25,29,051,20,1*74
$BDGSV,3,3,12,32,75,271,32,37,83,019,,38,23,189,25,39,71,351,34,1*76
$BDGSV,2,1,05,23,82,022,32,25,29,051,20,32,75,271,29,38,23,189,25,3*70
$BDGSV,2,2,05,39,71,351,38,3*42
$BDGLL,3904.60333,N,11721.25958,E,133145.00,A,A*75
$BDTXT,01,01,01,ANTENNA OK*24
-- Send QB4 Data OK......294


-- Build QB4 Data :2024,7,10 21-31-45   294


-- Send QB4 Data OK......294





$BDZDA,133146.00,10,07,2024,00,00*77
$BDRMC,133146.00,A,3904.60321,N,11721.25955,E,0.062,,100724,,,A,V*1F
$BDGGA,133146.00,3904.60321,N,11721.25955,E,1,06,4.58,-15.7,M,-4.9,M,,*4C
$BDGSA,A,3,06,08,16,23,32,39,,,,,,,8.75,4.58,7.46,4*0E
$BDGSV,3,1,12,05,17,250,,06,68,312,26,07,12,180,20,08,32,203,19,1*73
$BDGSV,3,2,12,09,55,286,,16,68,316,33,23,82,022,30,25,29,051,20,1*7D
$BDGSV,3,3,12,32,75,271,32,37,83,019,,38,23,189,25,39,71,351,34,1*76
$BDGSV,2,1,05,23,82,022,32,25,29,051,20,32,75,271,29,38,23,189,26,3*73
$BDGSV,2,2,05,39,71,351,38,3*42
$BDGLL,3904.60321,N,11721.25955,E,133146.00,A,A*78
$BDTXT,01,01,01,ANTENNA OK*24

-- Build QB4 Data :2024,7,10 21-31-46   294






$BDZDA,133147.00,10,07,2024,00,00*76
$BDRMC,133147.00,A,3904.60320,N,11721.25946,E,0.014,,100724,,,A,V*1C
$BDGGA,133147.00,3904.60320,N,11721.25946,E,1,06,4.58,-15.3,M,-4.9,M,,*4A
$BDGSA,A,3,06,08,16,23,32,39,,,,,,,8.75,4.58,7.46,4*0E
$BDGSV,3,1,12,05,17,250,,06,68,312,26,07,12,180,20,08,32,203,19,1*73
$BDGSV,3,2,12,09,55,286,,16,68,316,33,23,82,022,31,25,29,051,21,1*7D
$BDGSV,3,3,12,32,75,271,33,37,83,019,,38,23,189,25,39,71,351,35,1*76
$BDGSV,2,1,05,23,82,022,32,25,29,051,20,32,75,271,29,38,23,189,25,3*70
$BDGSV,2,2,05,39,71,351,38,3*42
$BDGLL,3904.60320,N,11721.25946,E,133147.00,A,A*7A
$BDTXT,01,01,01,ANTENNA OK*24

-- Send QB4 Data OK......294


-- Build QB4 Data :2024,7,10 21-31-47   294






$BDZDA,133148.00,10,07,2024,00,00*79
$BDRMC,133148.00,A,3904.60314,N,11721.25947,E,0.096,,100724,,,A,V*1F
$BDGGA,133148.00,3904.60314,N,11721.25947,E,1,06,4.58,-14.9,M,-4.9,M,,*48
$BDGSA,A,3,06,08,16,23,32,39,,,,,,,8.75,4.58,7.45,4*0D
$BDGSV,3,1,12,05,17,250,,06,68,312,26,07,12,180,20,08,32,203,19,1*73
$BDGSV,3,2,12,09,55,286,,16,68,316,33,23,82,022,31,25,29,051,21,1*7D
$BDGSV,3,3,12,32,75,271,33,37,83,019,,38,23,189,25,39,71,351,35,1*76
$BDGSV,2,1,05,23,82,022,32,25,29,051,21,32,75,271,29,38,23,189,25,3*71
$BDGSV,2,2,05,39,71,351,38,3*42
$BDGLL,3904.60314,N,11721.25947,E,133148.0-- Send QB4 Data OK......294

0,A,A*73
$BDTXT,01,01,01,ANTENNA OK*24

-- Build QB4 Data :2024,7,10 21-31-48   294






$BDZDA,133149.00,10,07,2024,00,00*78
$BDRMC,133149.00,A,3904.60296,N,11721.25958,E,0.161,,100724,,,A,V*12
$BDGGA,133149.00,3904.60296,N,11721.25958,E,1,06,4.58,-15.1,M,-4.9,M,,*45
$BDGSA,A,3,06,08,16,23,32,39,,,,,,,8.75,4.58,7.45,4*0D
$BDGSV,3,1,12,05,17,250,,06,68,312,25,07,12,180,20,08,32,203,18,1*71
$BDGSV,3,2,12,09,55,286,,16,68,316,28,23,82,022,30,25,29,051,20,1*77
$BDGSV,3,3,12,32,75,271,31,37,83,019,,38,23,189,24,39,71,351,31,1*71
$BDGSV,2,1,05,23,82,022,32,25,29,051,20,32,75,271,28,38,23,189,24,3*70
$BDGSV,2,2,05,39,71,351,38,3*42
$BDGLL,3904.60296,N,11721.25958,E,133149.00,A,A*77
$BDTXT,01,01,01,ANTENNA OK*24

-- Send QB4 Data OK......294


-- Build QB4 Data :2024,7,10 21-31-49   294






$BDZDA,133150.00,10,07,2024,00,00*70
$BDRMC,133150.00,A,3904.60290,N,11721.25957,E,0.158,,100724,,,A,V*19
$BDGGA,133150.00,3904.60290,N,11721.25957,E,1,06,4.58,-15.1,M,-4.9,M,,*44
$BDGSA,A,3,06,08,16,23,32,39,,,,,,,8.74,4.58,7.45,4*0C
$BDGSV,3,1,12,05,17,250,,06,68,312,26,07,12,180,20,08,32,203,18,1*72
$BDGSV,3,2,12,09,55,286,,16,68,316,33,23,82,022,30,25,29,051,21,1*7C
$BDGSV,3,3,12,32,75,271,33,37,83,019,,38,23,189,25,39,71,351,35,1*76
$BDGSV,2,1,05,23,82,022,33,25,29,051,19,32,75,271,29,38,23,189,25,3*7B
$BDGSV,2,2,05,39,71,351,40,3*4D
$BDGLL,3904.60290,N,11721.25957,E,133150.00,A,A*76
$BDTXT,01,01,01,ANTENNA OK*24

-- Send QB4 Data OK......294


-- Build QB4 Data :2024,7,10 21-31-50   294






$BDZDA,133151.00,10,07,2024,00,00*71
$BDRMC,133151.00,A,3904.60297,N,11721.25959,E,0.153,,100724,,,A,V*1A
$BDGGA,133151.00,3904.60297,N,11721.25959,E,1,06,4.57,-14.6,M,-4.9,M,,*45
$BDGSA,A,3,06,08,16,23,32,39,,,,,,,8.74,4.57,7.45,4*03
$BDGSV,3,1,12,05,17,250,,06,68,312,25,07,12,180,20,08,32,203,19,1*70
$BDGSV,3,2,12,09,55,286,,16,68,316,32,23,82,022,30,25,29,051,20,1*7C
$BDGSV,3,3,12,32,75,271,32,37,83,019,,38,23,189,25,39,71,351,34,1*76
$BDGSV,2,1,05,23,82,022,33,25-- Send QB4 Data OK......294

,29,051,21,32,75,271,30,38,23,189,26,3*7B
$BDGSV,2,2,05,39,71,351,40,3*4D
$BDGLL,3904.60297,N,11721.25959,E,133151.00,A,A*7E
$BDTXT,01,01,01,ANTENNA OK*24

-- Build QB4 Data :2024,7,10 21-31-51   294






$BDZDA,133152.00,10,07,2024,00,00*72
$BDRMC,133152.00,A,3904.60307,N,11721.25947,E,0.295,,100724,,,A,V*17
$BDGGA,133152.00,3904.60307,N,11721.25947,E,1,06,4.57,-13.9,M,-4.9,M,,*49
$BDGSA,A,3,06,08,16,23,32,39,,,,,,,8.74,4.57,7.44,4*02
$BDGSV,3,1,12,05,17,250,,06,68,312,26,07,12,180,19,08,32,203,19,1*79
$BDGSV,3,2,12,09,55,286,,16,68,316,32,23,82,022,30,25,29,051,21,1*7D
$BDGSV,3,3,12,32,75,271,32,37,83,019,,38,23,189,25,39,71,351,34,1*76
$BDGSV,2,1,05,23,82,022,33,25,29,051,21,32,75,271,30,38,23,189,26,3*7B
$BDGSV,2,2,05,39,71,351,39,3*43
$BDGLL,3904.60307,N,11721.25947,E,133152.00,A,A*7A
$BDTXT,01,01,01,ANTENNA OK*24

-- Send QB4 Data OK......294


-- Build QB4 Data :2024,7,10 21-31-52   294






$BDZDA,133153.00,10,07,2024,00,00*73
$BDRMC,133153.00,A,3904.60307,N,11721.25949,E,0.238,,100724,,,A,V*1F
$BDGGA,133153.00,3904.60307,N,11721.25949,E,1,06,4.57,-13.4,M,-4.9,M,,*4B
$BDGSA,A,3,06,08,16,23,32,39,,,,,,,8.74,4.57,7.44,4*02
$BDGSV,3,1,12,05,17,250,,06,68,312,26,07,12,180,19,08,32,203,18,1*78
$BDGSV,3,2,12,09,55,286,,16,68,316,32,23,82,022,30,25,29,051,21,1*7D
$BDGSV,3,3,12,32,75,271,31,37,83,020,,38,23,189,25,39,71,351,34,1*7F
$BDGSV,2,1,05,23,82,022,33,25,29,051,22,32,75,271,30,38,23,189,25,3*7B
$BDGSV,2,2,05,39,71,351,39,3*43
$BDGLL,3904.60307,N,11721.25949,E,133153.00,A,A*75
$BDTXT,01,01,01,ANTENNA OK*24

-- Send QB4 Data OK......294


-- Build QB4 Data :2024,7,10 21-31-53   294






$BDZDA,133154.00,10,07,2024,00,00*74
$BDRMC,133154.00,A,3904.60311,N,11721.25944,E,0.220,,100724,,,A,V*1B
$BDGGA,133154.00,3904.60311,N,11721.25944,E,1,06,4.57,-12.8,M,-4.9,M,,*4B
$BDGSA,A,3,06,08,16,23,32,39,,,,,,,8.73,4.57,7.44,4*05
$BDGSV,3,1,12,05,17,250,,06,68,312,26,07,12,180,19,08,32,203,19,1*79
$BDGSV,3,2,12,09,55,286,,16,68,316,32,23,82,022,30,25,29,051,21,1*7D
$BDGSV,3,3,12,32,75,271,32,37,83,020,,38,23,189,25,39,71,351,34,1*7C
$BDGSV,2,1,05,23,82,022,33,25,29,051,21,32,75,271,30,38,23,189,25,3*78
$BDGSV,2,2,05,39,71,351,39,3*43
$BDGLL,3904.60311,N,11721.25944,E,133154.00,A,A*78
$BDTXT,01,01,01,ANTENNA OK*24

-- Send QB4 Data OK......294


-- Build QB4 Data :2024,7,10 21-31-54   294


-- Send QB4 Data OK......294






$BDZDA,133155.00,10,07,2024,00,00*75
$BDRMC,133155.00,A,3904.60318,N,11721.25933,E,0.306,,100724,,,A,V*16
$BDGGA,133155.00,3904.60318,N,11721.25933,E,1,06,4.57,-12.2,M,-4.9,M,,*49
$BDGSA,A,3,06,08,16,23,32,39,,,,,,,8.73,4.57,7.44,4*05
$BDGSV,3,1,12,05,17,250,,06,68,312,25,07,12,180,19,08,32,203,20,1*70
$BDGSV,3,2,12,09,55,286,,16,68,316,32,23,82,022,30,25,29,051,21,1*7D
$BDGSV,3,3,12,32,75,271,32,37,83,020,,38,23,189,25,39,71,351,34,1*7C
$BDGSV,2,1,05,23,82,022,33,25,29,051,21,32,75,271,29,38,23,189,25,3*70
$BDGSV,2,2,05,39,71,351,39,3*43
$BDGLL,3904.60318,N,11721.25933,E,133155.00,A,A*70
$BDTXT,01,01,01,ANTENNA OK*24

-- Build QB4 Data :2024,7,10 21-31-55   294






$BDZDA,133156.00,10,07,2024,00,00*76
$BDRMC,133156.00,A,3904.60316,N,11721.25928,E,0.254,,100724,,,A,V*17
$BDGGA,133156.00,3904.60316,N,11721.25928,E,1,06,4.57,-11.5,M,-4.9,M,,*4A
$BDGSA,A,3,06,08,16,23,32,39,,,,,,,8.73,4.57,7.43,4*02
$BDGSV,3,1,12,05,17,250,,06,68,313,26,07,12,180,20,08,32,203,21,1*79
$BDGSV,3,2,12,09,55,286,,16,68,316,33,23,82,022,32,25,29,051,22,1*7D
$BDGSV,3,3,12,32,75,271,33,37,83,020,,38,23,189,25,39,71,351,35,1*7C
$BDGSV,2,1,05,23,82,022,34,25,29,051,20,32,75,271,30,38,23,189,26,3*7D
$BDGSV,2,2,05,39,71,351,39,3*43
$BDGLL,3904.60316,N,11721.25928,E,133156.00,A,A*77
$BDTXT,01,01,01,ANTENNA OK*24

-- Send QB4 Data OK......294


-- Build QB4 Data :2024,7,10 21-31-56   294






$BDZDA,133157.00,10,07,2024,00,00*77
$BDRMC,133157.00,A,3904.60322,N,11721.25915,E,0.275,,100724,,,A,V*1C
$BDGGA,133157.00,3904.60322,N,11721.25915,E,1,06,4.57,-10.5,M,-4.9,M,,*43
$BDGSA,A,3,06,08,16,23,32,39,,,,,,,8.73,4.57,7.43,4*02
$BDGSV,3,1,12,05,17,250,,06,68,313,26,07,12,180,21,08,32,203,21,1*78
$BDGSV,3,2,12,09,55,286,,16,68,316,33,23,82,022,32,25,29,051,22,1*7D
$BDGSV,3,3,12,32,75,271,33,37,83,020,,38,23,189,26,39,71,351,35,1*7F
$BDGSV,2,1,05,23,82,022,34,25,29,051,20,32,75,271,30,38,23,189,26,3*7D
$BDGSV,2,2,05,39,71,351,39,3*43
$BDGLL,3904.60322,N,11721.25915,E,133157.00,A,A*7F
$BDTXT,01,01,01,ANTENNA OK*24

-- Send QB4 Data OK......294


-- Build QB4 Data :2024,7,10 21-31-57   294






$BDZDA,133158.00,10,07,2024,00,00*78
$BDRMC,133158.00,A,3904.60318,N,11721.25912,E,0.052,,100724,,,A,V*1A
$BDGGA,133158.00,3904.60318,N,11721.25912,E,1,06,4.57,-10.2,M,-4.9,M,,*45
$BDGSA,A,3,06,08,16,23,32,39,,,,,,,8.72,4.57,7.43,4*03
$BDGSV,3,1,12,05,17,250,,06,68,313,26,07,12,180,20,08,32,203,20,1*78
$BDGSV,3,2,12,09,55,286,,16,68,316,33,23,82,022,31,25,29,051,22,1*7E
$BDGSV,3,3,12,32,75,271,32,37,83,020,,38,23,189,25,39,71,351,34,1*7C
$BDGSV,2,1,05,23,82,022,33,25,29,051,20,32,75,271,29,38,23,189,26,3*72
$BDGSV,2,2,05,39,71,351,39,3*43
$BDGLL,3904.60318,N,11721.25912,E,133158.00,A,A*7E
$BDTXT,01,01,01,ANTENNA OK*24

-- Send QB4 Data OK......294


-- Build QB4 Data :2024,7,10 21-31-58   294






$BDZDA,133159.00,10,07,2024,00,00*79
$BDRMC,133159.00,A,3904.60331,N,11721.25896,E,0.173,,100724,,,A,V*1F
$BDGGA,133159.00,3904.60331,N,11721.25896,E,1,06,4.57,-9.9,M,-4.9,M,,*71
$BDGSA,A,3,06,08,16,23,32,39,,,,,,,8.72,4.57,7.43,4*03
$BDGSV,3,1,12,05,17,250,,06,68,313,26,07,12,180,19,08,32,203,19,1*78
$BDGSV,3,2,12,09,55,286,,16,68,316,31,23,82,022,27,25,29,051,21,1*78
$BDGSV,3,3,12,32,75,271,30,37,83,020,,38,23,189,24,39,71,351,32,1*79
$BDGSV,2,1,05,23,82,022,32,25,29,051,19,32,75,271,28,38,23,189,25,3*7B
$BDGSV,2,2,05,39,71,351,38,3*42
$BDGLL,3904.60331,N,11721.25896,E,133159.00,A,A*79
$BDTXT,01,01,01,ANTENNA OK*24

-- Send QB4 Data OK......294


-- Build QB4 Data :2024,7,10 21-31-59   294






$BDZDA,133200.00,10,07,2024,00,00*76
$BDRMC,133200.00,A,3904.60327,N,11721.25892,E,0.054,,100724,,,A,V*17
$BDGGA,133200.00-- Send QB4 Data OK......294

,3904.60327,N,11721.25892,E,1,06,4.57,-10.0,M,-4.9,M,,*4C
$BDGSA,A,3,06,08,16,23,32,39,,,,,,,8.72,4.57,7.42,4*02
$BDGSV,3,1,12,05,17,250,,06,68,313,26,07,12,180,20,08,32,203,20,1*78
$BDGSV,3,2,12,09,55,286,,16,68,316,34,23,82,022,32,25,29,051,22,1*7A
$BDGSV,3,3,12,32,75,271,33,37,83,020,,38,23,189,26,39,71,351,35,1*7F
$BDGSV,2,1,05,23,82,022,33,25,29,051,19,32,75,271,29,38,23,189,26,3*78
$BDGSV,2,2,05,39,71,351,40,3*4D
$BDGLL,3904.60327,N,11721.25892,E,133200.00,A,A*75
$BDTXT,01,01,01,ANTENNA OK*24

-- Build QB4 Data :2024,7,10 21-32-0   294






$BDZDA,133201.00,10,07,2024,00,00*77
$BDRMC,133201.00,A,3904.60323,N,11721.25896,E,0.202,,100724,,,A,V*17
$BDGGA,133201.00,3904.60323,N,11721.25896,E,1,06,4.57,-10.2,M,-4.9,M,,*4F
$BDGSA,A,3,06,08,16,23,32,39,,,,,,,8.72,4.57,7.42,4*02
$BDGSV,3,1,12,05,17,250,,06,68,313,26,07,12,180,20,08,32,203,19,1*72
$BDGSV,3,2,12,09,55,286,,16,68,316,33,23,82,022,31,25,29,051,22,1*7E
$BDGSV,3,3,12,32,75,271,33,37,83,020,,38,23,189,25,39,71,351,35,1*7C
$BDGSV,2,1,05,23,82,022,33,25,29,051,19,32,75,271,29,38,23,189,25,3*7B
$BDGSV,2,2,05,39,71,351,38,3*42
$BDGLL,3904.60323,N,11721.25896,E,133201.00,A,A*74
$BDTXT,01,01,01,ANTENNA OK*24

-- Send QB4 Data OK......294


-- Build QB4 Data :2024,7,10 21-32-1   294






$BDZDA,133202.00,10,07,2024,00,00*74
$BDRMC,133202.00,A,3904.60313,N,11721.25894,E,0.275,,100724,,,A,V*15
$BDGGA,133202.00,3904.60313,N,11721.25894,E,1,06,4.56,-10.1,M,-4.9,M,,*4F
$BDGSA,A,3,06,08,16,23,32,39,,,,,,,8.71,4.56,7.42,4*00
$BDGSV,3,1,12,05,17,250,,06,68,313,26,07,12,180,21,08,32,203,20,1*79
$BDGSV,3,2,12,09,55,286,,16,68,316,33,23,82,022,31,25,28,051,22,1*7F
$BDGSV,3,3,12,32,75,271,33,37,83,020,,38,23,189,26,39,71,351,35,1*7F
$BDGSV,2,1,05,23,82,022,33,25,28,051,19,32,75,271,29,38,23,189,25,3*7A
$BDGSV,2,2,05,39,71,351,39,3*43
$BDGLL,3904.60313,N,11721.25894,E,133202.00,A,A*76
$BDTXT,01,01,01,ANTENNA OK*24

-- Send QB4 Data OK......294


-- Build QB4 Data :2024,7,10 21-32-2   294


-- Send QB4 Data OK......294





$BDZDA,133203.00,10,07,2024,00,00*75
$BDRMC,133203.00,A,3904.60310,N,11721.25896,E,0.332,,100724,,,A,V*17
$BDGGA,133203.00,3904.60310,N,11721.25896,E,1,06,4.56,-10.5,M,-4.9,M,,*4B
$BDGSA,A,3,06,08,16,23,32,39,,,,,,,8.71,4.56,7.42,4*00
$BDGSV,4,1,13,05,17,250,,06,68,313,26,07,12,180,20,08,32,203,20,1*7E
$BDGSV,4,2,13,09,55,286,,16,68,316,33,20,23,314,,23,82,022,31,1*75
$BDGSV,4,3,13,25,28,051,22,32,75,271,32,37,83,020,,38,23,189,25,1*7F
$BDGSV,4,4,13,39,71,351,34,1*4B
$BDGSV,2,1,05,23,82,022,32,25,28,051,18,32,75,271,28,38,23,189,25,3*7B
$BDGSV,2,2,05,39,71,351,38,3*42
$BDGLL,3904.60310,N,11721.25896,E,133203.00,A,A*76
$BDTXT,01,01,01,ANTENNA OK*24

-- Build QB4 Data :2024,7,10 21-32-3   294






$BDZDA,133204.00,10,07,2024,00,00*72
$BDRMC,133204.00,A,3904.60307,N,11721.25891,E,0.353,,100724,,,A,V*16
$BDGGA,133204.00,3904.60307,N,11721.25891,E,1,06,4.56,-10.3,M,-4.9,M,,*4B
$BDGSA,A,3,06,08,16,23,32,39,,,,,,,8.71,4.56,7.41,4*03
$BDGSV,4,1,13,05,17,250,,06,68,313,26,07,12,180,20,08,32,203,20,1*7E
$BDGSV,4,2,13,09,55,286,,16,68,316,32,20,23,314,,23,82,022,30,1*75
$BDGSV,4,3,13,25,28,051,21,32,75,271,32,37,83,020,,38,23,189,25,1*7C
$BDGSV,4,4,13,39,71,351,34,1*4B
$BDGSV,2,1,05,23,82,022,32,25,28,051,18,32,75,271,27,38,23,189,24,3*75
$BDGSV,2,2,05,39,71,351,38,3*42
$BDGLL,3904.60307,N,11721.25891,E,133204.00,A,A*70
$BDTXT,01,01,01,ANTENNA OK*24

-- Send QB4 Data OK......294


-- Build QB4 Data :2024,7,10 21-32-4   294






$BDZDA,133205.00,10,07,2024,00,00*73
$BDRMC,133205.00,A,3904.60311,N,11721.25886,E,0.135,,100724,,,A,V*14
$BDGGA,133205.00,3904.60311,N,11721.25886,E,1,06,4.56,-9.7,M,-4.9,M,,*77
$BDGSA,A,3,06,08,16,23,32,39,,,,,,,8.70,4.56,7.41,4*02
$BDGSV,4,1,13,05,17,250,,06,68,313,26,07,12,180,20,08,32,203,20,1*7E
$BDGSV,4,2,13,09,55,286,,16,68,316,33,20,23,314,,23,82,022,31,1*75
$BDGSV,4,3,13,25,28,051,21,32,75,271,32,37,83,020,,38,23,189,25,1*7C
$BDGSV,4,4,13,39,71,351,35,1*4A
$BDGSV,2,1,05,23,82,022,32,25,28,051,18,32,75,271,27,38,23,189,24,3*75
$BDGSV,2,2,05,39,71,351,38,3*42
$BDGLL,3904.60311,N,11721.25886,E,133205.00,A,A*70
$BDTXT,01,01,01,ANTENNA OK*24
-- Send QB4 Data OK......294


-- Build QB4 Data :2024,7,10 21-32-5   294






$BDZDA,133206.00,10,07,2024,00,00*70
$BDRMC,133206.00,A,3904.60314,N,11721.25873,E,0.060,,100724,,,A,V*19
$BDGGA,133206.00,3904.60314,N,11721.25873,E,1,06,4.56,-9.4,M,-4.9,M,,*78
$BDGSA,A,3,06,08,16,23,32,39,,,,,,,8.70,4.56,7.41,4*02
$BDGSV,4,1,13,05,17,250,,06,68,313,27,07,12,180,20,08,32,203,21,1*7E
$BDGSV,4,2,13,09,55,286,,16,68,316,34,20,23,314,,23,82,022,32,1*71
$BDGSV,4,3,13,25,28,051,22,32,75,270,33,37,83,020,,38,23,189,26,1*7C
$BDGSV,4,4,13,39,71,351,35,1*4A
$BDGSV,2,1,05,23,82,022,32,25,28,051,19,32,75,270,28,38,23,189,25,3*7B
$BDGSV,2,2,05,39,71,351,39,3*43
$BDGLL,3904.60314,N,11721.25873,E,133206.00,A,A*7C
$BDTXT,01,01,01,ANTENNA OK*24

-- Send QB4 Data OK......294


-- Build QB4 Data :2024,7,10 21-32-6   294






$BDZDA,133207.00,10,07,2024,00,00*71
$BDRMC,133207.00,A,3904.60313,N,11721.25861,E,0.101,,100724,,,A,V*1A
$BDGGA,133207.00,3904.60313,N,11721.25861,E,1,06,4.56,-9.3,M,-4.9,M,,*7A
$BDGSA,A,3,06,08,16,23,32,39,,,,,,,8.70,4.56,7.41,4*02
$BDGSV,4,1,13,05,17,250,,06,68,313,26,07,12,180,20,08,32,203,21,1*7F
$BDGSV,4,2,13,09,55,286,,16,68,316,33,20,23,314,,23,82,022,31,1*75
$BDGSV,4,3,13,25,28,051,22,32,75,270,32,37,83,020,,38,23,189,25,1*7E
$BDGSV,4,4,13,39,71,351,35,1*4A
$BDGSV,2,1,05,23,82,022,32,25,28,051,19,32,75,270,28,38,23,189,25,3*7B
$BDGSV,2,2,05,39,71,351,39,3*43
$BDGLL,3904.60313,N,11721.25861,E,133207.00,A,A*79
$BDTXT,01,01,01,ANTENNA OK*24

-- Send QB4 Data OK......294


-- Build QB4 Data :2024,7,10 21-32-7   294






$BDZDA,133208.00,10,07,2024,00,00*7E
$BDRMC,133208.00,A,3904.60325,N,11721.25853,E,0.110,,100724,,,A,V*11
$BDGGA,133208.00,3904.60325,N,11721.25853,E,1,06,4.56,-8.7,M,-4.9,M,,*74
$BDGSA,A,3,06,08,16,23,32,39,,,,,,,8.70,4.56,7.40,4*03
$BDGSV,4,1,13,05,17,250,,06,68,313,25,07,12,180,19,08,32,203,21,1*76
$BDGSV,4,2,13,09,55,286,,16,68,316,27,20,23,314,,23,82,022,29,1*79
$BDGSV,4,3,13,25,28,051,21,32,75,270,26,37,83,020,,38,23,189,24,1*79
$BDGSV,4,4,13,39,71,351,30,1*4F
$BDGSV,2,1,05,23,82,022,26,25,28,051,18,32,75,270,27,38,23,189,25,3*70
$BDGSV,2,2,05,39,71,351,34,3*4E
$BDGLL,3904.60-- Send QB4 Data OK......294

325,N,11721.25853,E,133208.00,A,A*72
$BDTXT,01,01,01,ANTENNA OK*24

-- Build QB4 Data :2024,7,10 21-32-8   294


-- Send QB4 Data OK......294





$BDZDA,133209.00,10,07,2024,00,00*7F
$BDRMC,133209.00,A,3904.60333,N,11721.25844,E,0.129,,100724,,,A,V*1B
$BDGGA,133209.00,3904.60333,N,11721.25844,E,1,06,4.56,-8.3,M,-4.9,M,,*70
$BDGSA,A,3,06,08,16,23,32,39,,,,,,,8.69,4.56,7.40,4*0B
$BDGSV,4,1,13,05,17,250,,06,68,313,26,07,12,180,19,08,32,203,20,1*74
$BDGSV,4,2,13,09,55,286,,16,68,316,33,20,23,314,,23,82,022,30,1*74
$BDGSV,4,3,13,25,28,051,21,32,75,270,33,37,83,020,,38,23,189,25,1*7C
$BDGSV,4,4,13,39,71,351,35,1*4A
$BDGSV,2,1,05,23,82,022,32,25,28,051,19,32,75,270,28,38,23,189,25,3*7B
$BDGSV,2,2,05,39,71,351,39,3*43
$BDGLL,3904.60333,N,11721.25844,E,133209.00,A,A*72
$BDTXT,01,01,01,ANTENNA OK*24

-- Build QB4 Data :2024,7,10 21-32-9   294






$BDZDA,133210.00,10,07,2024,00,00*77
$BDRMC,133210.00,A,3904.60337,N,11721.25842,E,0.083,,100724,,,A,V*10
$BDGGA,133210.00,3904.60337,N,11721.25842,E,1,06,4.56,-8.0,M,-4.9,M,,*79
$BDGSA,A,3,06,08,16,23,32,39,,,,,,,8.69,4.56,7.40,4*0B
$BDGSV,4,1,13,05,17,250,,06,68,313,27,07,12,180,18,08,32,203,21,1*75
$BDGSV,4,2,13,09,55,286,,16,68,316,33,20,23,314,,23,82,022,31,1*75
$BDGSV,4,3,13,25,28,051,22,32,75,270,32,37,83,020,,38,23,189,25,1*7E
$BDGSV,4,4,13,39,71,351,34,1*4B
$BDGSV,2,1,05,23,82,022,33,25,28,051,19,32,75,270,28,38,23,189,25,3*7A
$BDGSV,2,2,05,39,71,351,39,3*43
$BDGLL,3904.60337,N,11721.25842,E,133210.00,A,A*78
$BDTXT,01,01,01,ANTENNA OK*24

-- Send QB4 Data OK......294


-- Build QB4 Data :2024,7,10 21-32-10   294






$BDZDA,133211.00,10,07,2024,00,00*76
$BDRMC,133211.00,A,3904.60346,N,11721.25835,E,0.134,,100724,,,A,V*1A
$BDGGA,133211.00,3904.60346,N,11721.25835,E,1,06,4.56,-7.4,M,-4.9,M,,*75
$BDGSA,A,3,06,08,16,23,32,39,,,,,,,8.69,4.56,7.40,4*0B
$BDGSV,4,1,13,05,17,250,,06,68,313,26,07,12,180,19,08,32,203,21,1*75
$BDGSV,4,2,13,09,55,286,,16,68,316,33,20,23,314,,23,82,022,31,1*75
$BDGSV,4,3,13,25,28,051,23,32,75,270,32,37,83,020,,38,23,189,25,1*7F
$BDGSV,4,4,13,39,71,351,34,1*4B
$-- Send QB4 Data OK......294

BDGSV,2,1,05,23,82,022,32,25,28,051,19,32,75,270,28,38,23,189,25,3*7B
$BDGSV,2,2,05,39,71,351,39,3*43
$BDGLL,3904.60346,N,11721.25835,E,133211.00,A,A*7F
$BDTXT,01,01,01,ANTENNA OK*24

-- Build QB4 Data :2024,7,10 21-32-11   294






$BDZDA,133212.00,10,07,2024,00,00*75
$BDRMC,133212.00,A,3904.60347,N,11721.25832,E,0.096,,100724,,,A,V*16
$BDGGA,133212.00,3904.60347,N,11721.25832,E,1,06,4.56,-6.9,M,-4.9,M,,*7C
$BDGSA,A,3,06,08,16,23,32,39,,,,,,,8.69,4.56,7.39,4*05
$BDGSV,4,1,13,05,17,250,,06,68,313,26,07,12,180,19,08,32,203,21,1*75
$BDGSV,4,2,13,09,55,286,,16,68,316,32,20,23,314,,23,82,022,30,1*75
$BDGSV,4,3,13,25,28,051,23,32,75,270,32,37,83,020,,38,23,189,25,1*7F
$BDGSV,4,4,13,39,71,351,34,1*4B
$BDGSV,2,1,05,23,82,022,32,25,28,051,18,32,75,270,28,38,23,189,25,3*7A
$BDGSV,2,2,05,39,71,351,38,3*42
$BDGLL,3904.60347,N,11721.25832,E,133212.00,A,A*7A
$BDTXT,01,01,01,ANTENNA OK*24

-- Send QB4 Data OK......294


-- Build QB4 Data :2024,7,10 21-32-12   294






$BDZDA,133213.00,10,07,2024,00,00*74
$BDRMC,133213.00,A,3904.60345,N,11721.25828,E,0.045,,100724,,,A,V*10
$BDGGA,133213.00,3904.60345,N,11721.25828,E,1,06,4.56,-6.2,M,-4.9,M,,*7F
$BDGSA,A,3,06,08,16,23,32,39,,,,,,,8.68,4.56,7.39,4*04
$BDGSV,4,1,13,05,17,250,,06,68,313,26,07,12,180,19,08,32,203,21,1*75
$BDGSV,4,2,13,09,55,286,,16,68,316,32,20,23,314,,23,81,022,30,1*76
$BDGSV,4,3,13,25,28,051,22,32,75,270,32,37,83,020,,38,23,189,25,1*7E
$BDGSV,4,4,13,39,71,351,34,1*4B
$BDGSV,2,1,05,23,81,022,32,25,28,051,17,32,75,270,27,38,23,189,24,3*78
$BDGSV,2,2,05,39,71,351,38,3*42
$BDGLL,3904.60345,N,11721.25828,E,133213.00,A,A*72
$BDTXT,01,01,01,ANTENNA OK*24

-- Send QB4 Data OK......294


-- Build QB4 Data :2024,7,10 21-32-13   294






$BDZDA,133214.00,10,07,2024,00,00*73
$BDRMC,133214.00,A,3904.60344,N,11721.25824,E,0.031,,100724,,,A,V*19
$BDGGA,133214.00,3904.60344,N,11721.25824,E,1,06,4.55,-6.0,M,-4.9,M,,*74
$BDGSA,A,3,06,08,16,23,32,39,,,,,,,8.68,4.55,7.39,4*07
$BDGSV,4,1,13,05,17,250,,06,68,313,26,07,12,180,20,08,32,203,20,1*7E
$BDGSV,4,2,13,09,55,286,,16,68,316,32,20,23,314,,23,81-- Send QB4 Data OK......294

,022,30,1*76
$BDGSV,4,3,13,25,28,051,22,32,75,270,32,37,83,020,,38,23,189,25,1*7E
$BDGSV,4,4,13,39,71,351,34,1*4B
$BDGSV,2,1,05,23,81,022,32,25,28,051,17,32,75,270,27,38,23,189,24,3*78
$BDGSV,2,2,05,39,71,351,38,3*42
$BDGLL,3904.60344,N,11721.25824,E,133214.00,A,A*78
$BDTXT,01,01,01,ANTENNA OK*24

-- Build QB4 Data :2024,7,10 21-32-14   294






$BDZDA,133215.00,10,07,2024,00,00*72
$BDRMC,133215.00,A,3904.60349,N,11721.25823,E,0.030,,100724,,,A,V*13
$BDGGA,133215.00,3904.60349,N,11721.25823,E,1,06,4.55,-5.5,M,-4.9,M,,*79
$BDGSA,A,3,06,08,16,23,32,39,,,,,,,8.68,4.55,7.39,4*07
$BDGSV,4,1,13,05,17,250,,06,68,313,26,07,12,180,19,08,32,203,21,1*75
$BDGSV,4,2,13,09,55,286,,16,68,316,32,20,23,314,,23,81,022,30,1*76
$BDGSV,4,3,13,25,28,051,22,32,75,270,32,37,83,020,,38,23,189,25,1*7E
$BDGSV,4,4,13,39,71,351,34,1*4B
$BDGSV,2,1,05,23,81,022,31,25,28,051,18,32,75,270,27,38,23,189,25,3*75
$BDGSV,2,2,05,39,71,351,38,3*42
$BDGLL,3904.60349,N,11721.25823,E,133215.00,A,A*73
$BDTXT,01,01,01,ANTENNA OK*24

-- Send QB4 Data OK......294


-- Build QB4 Data :2024,7,10 21-32-15   294






$BDZDA,133216.00,10,07,2024,00,00*71
$BDRMC,133216.00,A,3904.60359,N,11721.25816,E,0.088,,100724,,,A,V*14
$BDGGA,133216.00,3904.60359,N,11721.25816,E,1,06,4.55,-5.2,M,-4.9,M,,*7A
$BDGSA,A,3,06,08,16,23,32,39,,,,,,,8.68,4.55,7.38,4*06
$BDGSV,4,1,13,05,17,250,,06,68,313,26,07,12,180,19,08,32,203,21,1*75
$BDGSV,4,2,13,09,55,286,,16,68,316,32,20,23,314,,23,81,022,30,1*76
$BDGSV,4,3,13,25,28,051,22,32,75,270,32,37,83,020,,38,23,189,25,1*7E
$BDGSV,4,4,13,39,71,351,34,1*4B
$BDGSV,2,1,05,23,81,022,31,25,28,051,18,32,75,270,27,38,23,189,25,3*75
$BDGSV,2,2,05,39,71,351,38,3*42
$BDGLL,3904.60359,N,11721.25816,E,133216.00,A,A*77
$BDTXT,01,01,01,ANTENNA OK*24

-- Send QB4 Data OK......294


-- Build QB4 Data :2024,7,10 21-32-16   294






$BDZDA,133217.00,10,07,2024,00,00*70
$BDRMC,133217.00,A,3904.60367,N,11721.25818,E,0.132,,100724,,,A,V*16
$BDGGA,133217.00,3904.60367,N,11721.25818,E,1,06,4.55,-4.8,M,-4.9,M,,*73
$BDGSA,A,3,06,08,16,23,32,39,,,,,,,8.67,4.55,7.38,4*09
$BDGSV,4,1,13,05,17,250,,06,68,313,26,07,12,180,20,08,32,203,21,1*7F
$BDGSV,4,2,13,09,55,286,,16,68,316,33,20,23,314,,23,81,022,30,1*77
$BDGSV,4,3,13,25,28,051,22,32,75,270,32,37,82,020,,38,23,189,25,1*7F
$BDGSV,4,4,13,39,71,351,34,1*4B
$BDGSV,2,1,05,23,81,022,31,25,28,051,17,32,75,270,27,38,23,189,25,3*7A
$BDGSV,2,2,05,39,71,351,38,3*42
$BDGLL,3904.60367,N,11721.25818,E,133217.00,A,A*75
$BDTXT,01,01,01,ANTENNA OK*24

-- Send QB4 Data OK......294


-- Build QB4 Data :2024,7,10 21-32-17   294






$BDZDA,133218.00,10,07,2024,00,00*7F
$BDRMC,133218.00,A,3904.60375,N,11721.25817,E,0.242,,100724,,,A,V*11
$BDGGA,133218.00,3904.60375,N,11721.25817,E,1,06,4.55,-4.3,M,-4.9,M,,*7B
$BDGSA,A,3,06,08,16,23,32,39,,,,,,,8.67,4.55,7.38,4*09
$BDGSV,4,1,13,05,17,250,,06,68,313,25,07,12,180,19,08,32,203,20,1*77
$BDGSV,4,2,13,09,55,286,,16,68,316,31,20,23,314,,23,81,022,29,1*7D
$BDGSV,4,3,13,25,28,051,21,32,75,270,32,37,82,020,,38,23,189,24,1*7D
$BDGSV,4,4,13,39,71,351,34,1*4B
$BDGSV,2,1,05,23,81,022,31,25,28,051,17,32,75,270,27,38,23,189,25,3*7A
$BDGSV,2,2,05,39,71,351,39,3*43
$BDGLL,3904.60375,N,11721.25817,E,133218.00,A,A*76
$BDTXT,01,01,01,ANTENNA OK*24

-- Send QB4 Data OK......294


-- Build QB4 Data :2024,7,10 21-32-18   294






$BDZDA,133219.00,10,07,2024,00,00*7E
$BDRMC,133219.00,A,3904.60372,N,11721.25818,E,0.084,,100724,,,A,V*10
$BDGGA,133219.00,3904.60372,N,11721.25818,E,1,06,4.55,-3.9,M,-4.9,M,,*7F
$BDGSA,A,3,06,08,16,23,32,39,,,,,,,8.67,4.55,7.38,4*09
$BDGSV,4,1,13,05,17,250,,06,68,313,26,07,12,180,19,08,32,203,22,1*76
$BDGSV,4,2,13,09,55,286,,16,68,316,32,20,23,314,,23,81,022,30,1*76
$BDGSV,4,3,13,25,28,051,22,32,75,270,32,37,82,020,,38,23,189,25,1*7F
$BDGSV,4,4,13,39,71,351,34,1*4B
$BDGSV,2,1,05,23,81,022,32,25,28,051,18,32,75,270,27,38,23,189,25,3*76
$BDGSV,2,2,05,39,71,351,39,3*43
$BDGLL,3904.60372,N,11721.25818,E,133219.00,A,A*7F
$BDTXT,01,01,01,ANTENNA OK*24

-- Send QB4 Data OK......294


-- Build QB4 Data :2024,7,10 21-32-19   294






$BDZDA,133220.00,10,07,2024,00,00*74
$BDRMC,133220.00,A,3904.60373,N,11721.25818,E,0.089,,100724,,,A,V*16
$BDGGA,133220.00,3904.60373,N,11721.25818,E,1,06,4.55,-3.9,M,-4.9,M,,*74
$BDGSA,A,3,06,08,16,23,32,39,,,,,,,8.67,4.55,7.37,4*06
$BDGSV,4,1,13,05,17,250,,06,68,313,26,07,12,180,19,08,32,203,22,1*76
$BDGSV,4,2,13,09,55,286,,16,68,316,32,20,23,314,,23,81,022,30,1*76
$BDGSV,4,3,13,25,28,051,22,32,75,270,32,37,82,020,,38,23,189,25,1*7F
$BDGSV,4,4,13,39,71,352,34,1*48
$BDGSV,2,1,05,23,81,022,32,25,28,051,18,32,75,270,27,38,23,189,25,3*76
$BDGSV,2,2,05,39,71,352,39,3*40
$BDGLL,3904.60373,N,11721.25818,E,133220.00,A,A*74
$BDTXT,01,01,01,ANTENNA OK*24

-- Send QB4 Data OK......294


-- Build QB4 Data :2024,7,10 21-32-20   294






$BDZDA,133221.00,10,07,2024,00,00*75
$BDRMC,133221.00,A,3904.60383,N,11721.25811,E,0.178,,100724,,,A,V*1E
$BDGGA,133221.00,3904.60383,N,11721.25811,E,1,06,4.55,-3.3,M,-4.9,M,,*79
$BDGSA,A,3,06,08,16,23,32,39,,,,,,,8.66,4.55,7.37,4*07
$BDGSV,4,1,13,05,17,250,,06,68,313,26,07,12,180,19,08,32,203,22,1*76
$BDGSV,4,2,13,09,55,286,,16,68,316,32,20,23,314,,23,81,022,30,1*76
$BDGSV,4,3,13,25,28,051,22,32,75,270,32,37,82,020,,38,23,189,25,1*7F
$BDGSV,4,4,13,39,71,352,34,1*48
$BDGSV,2,1,05,23,81,022,32,25,28,051,19,32,75,270,27,38,23,189,26,3*74
$BDGSV,2,2,05,39,71,352,39,3*40
$BDGLL,3904.60383,N,11721.25811,E,133221.00,A,A*73
$BDTXT,01,01,01,ANTENNA OK*24

-- Send QB4 Data OK......294


-- Build QB4 Data :2024,7,10 21-32-21   294






$BDZDA,133222.00,10,07,2024,00,00*76
$BDRMC,133222.00,A,3904.60386,N,11721.25811,E,0.146,,100724,,,A,V*15
$BDGGA,133222.00,3904.60386,N,11721.25811,E,1,06,4.55,-2.7,M,-4.9,M,,*7A
$BDGSA,A,3,06,08,16,23,32,39,,,,,,,8.66,4.55,7.37,4*07
$BDGSV,4,1,13,05,17,250,,06,68,313,26,07,12,180,19,08,32,203,21,1*75
$BDGSV,4,2,13,09,55,286,,16,68,316,32,20,23,314,,23,81,022,30,1*76
$BDGSV,4,3,13,25,28,051,21,32,75,270,32,37,82,020,,38,23,189,25,1*7C
$BDGSV,4,4,13,39,71,352,34,1*48
$BDGSV,2,1,05,23,81,022,33,25,28,051,18,32,75,270,28,38,23,189,26,3*7B
$BDGSV,2,2,05,39,71,352,39,3*40
$BDGLL,3904.60386,N,11721.25811,E,133222.00,A,A*75
$BDTXT,01,01,01,ANTENNA OK*24

-- Send QB4 Data OK......294


-- Build QB4 Data :2024,7,10 21-32-22   294






$BDZDA,133223.00,10,07,2024,00,00*77
$BDRMC,133223.00,A,3904.60385,N,11721.25807,E,0.101,,100724,,,A,V*13
$BDGGA,133223.00,3904.60385,N,11721.25807,E,1,06,4.55,-2.4,M,-4.9,M,,*7C
$BDGSA,A,3,06,08,16,23,32,39,,,,,,,8.66,4.55,7.37,4*07
$BDGSV,4,1,13,05,17,250,,06,68,313,26,07,12,180,18,08,32,203,22,1*77
$BDGSV,4,2,13,09,55,286,,16,68,316,32,20,23,314,,23,-- Send QB4 Data OK......294

81,022,30,1*76
$BDGSV,4,3,13,25,28,051,21,32,75,270,32,37,82,020,,38,23,189,25,1*7C
$BDGSV,4,4,13,39,71,352,34,1*48
$BDGSV,2,1,05,23,81,022,32,25,28,051,18,32,75,270,28,38,23,189,25,3*79
$BDGSV,2,2,05,39,71,352,39,3*40
$BDGLL,3904.60385,N,11721.25807,E,133223.00,A,A*70
$BDTXT,01,01,01,ANTENNA OK*24

-- Build QB4 Data :2024,7,10 21-32-23   294


-- Send QB4 Data OK......294






$BDZDA,133224.00,10,07,2024,00,00*70
$BDRMC,133224.00,A,3904.60392,N,11721.25804,E,0.127,,100724,,,A,V*15
$BDGGA,133224.00,3904.60392,N,11721.25804,E,1,06,4.55,-2.0,M,-4.9,M,,*7A
$BDGSA,A,3,06,08,16,23,32,39,,,,,,,8.66,4.55,7.36,4*06
$BDGSV,4,1,13,05,17,250,,06,68,313,27,07,12,180,20,08,32,203,22,1*7D
$BDGSV,4,2,13,09,55,286,,16,68,316,33,20,23,314,26,23,81,022,31,1*72
$BDGSV,4,3,13,25,28,051,22,32,75,270,32,37,82,020,,38,23,189,26,1*7C
$BDGSV,4,4,13,39,71,352,35,1*49
$BDGSV,2,1,05,23,81,022,32,25,28,051,18,32,75,270,28,38,23,189,25,3*79
$BDGSV,2,2,05,39,71,352,39,3*40
$BDGLL,3904.60392,N,11721.25804,E,133224.00,A,A*72
$BDTXT,01,01,01,ANTENNA OK*24

-- Build QB4 Data :2024,7,10 21-32-24   294






$BDZDA,133225.00,10,07,2024,00,00*71
$BDRMC,133225.00,A,3904.60391,N,11721.25803,E,0.033,,100724,,,A,V*14
$BDGGA,133225.00,3904.60391,N,11721.25803,E,1,06,4.55,-1.9,M,-4.9,M,,*75
$BDGSA,A,3,06,08,16,23,32,39,,,,,,,8.65,4.55,7.36,4*05
$BDGSV,4,1,13,05,17,250,,06,68,313,26,07,12,180,20,08,32,203,23,1*7D
$BDGSV,4,2,13,09,55,286,,16,68,316,33,20,23,314,26,23,81,022,31,1*72
$BDGSV,4,3,13,25,28,051,22,32,75,270,33,37,82,020,,38,23,189,26,1*7D
$BDGSV,4,4,13,39,71,352,35,1*49
$BDGSV,2,1,05,23,81,022,32,25,28,051,18,32,75,270,28,38,23,189,25,3*79
$BDGSV,2,2,05,39,71,352,39,3*40
$BDGLL,3904.60391,N,11721.25803,E,133225.00,A,A*77
$BDTXT,01,01,01,ANTENNA OK*24

-- Send QB4 Data OK......294


-- Build QB4 Data :2024,7,10 21-32-25   294






$BDZDA,133226.00,10,07,2024,00,00*72
$BDRMC,133226.00,A,3904.60389,N,11721.25799,E,0.052,,100724,,,A,V*15
$BDGGA,133226.00,3904.60389,N,11721.25799,E,1,06,4.54,-1.4,M,-4.9,M,,*7F
$BDGSA,A,3,06,08,16,23,32,39,,,,,,,8.65,4.54,7.36,4*04
$BDG-- Send QB4 Data OK......294

SV,4,1,13,05,17,250,,06,68,313,27,07,12,180,21,08,32,203,23,1*7D
$BDGSV,4,2,13,09,55,286,,16,68,316,33,20,23,314,26,23,81,022,31,1*72
$BDGSV,4,3,13,25,28,051,22,32,75,270,33,37,82,020,,38,23,189,26,1*7D
$BDGSV,4,4,13,39,71,352,35,1*49
$BDGSV,2,1,06,20,23,314,21,23,81,022,32,25,28,051,18,32,75,270,28,3*71
$BDGSV,2,2,06,38,23,189,25,39,71,352,39,3*7E
$BDGLL,3904.60389,N,11721.25799,E,133226.00,A,A*71
$BDTXT,01,01,01,ANTENNA OK*24

-- Build QB4 Data :2024,7,10 21-32-26   294






$BDZDA,133227.00,10,07,2024,00,00*73
$BDRMC,133227.00,A,3904.60392,N,11721.25798,E,0.054,,100724,,,A,V*19
$BDGGA,133227.00,3904.60392,N,11721.25798,E,1,06,4.54,0.9,M,-4.9,M,,*54
$BDGSA,A,3,06,08,16,23,32,39,,,,,,,8.65,4.54,7.36,4*04
$BDGSV,4,1,13,05,17,250,,06,68,313,26,07,12,180,20,08,32,203,22,1*7C
$BDGSV,4,2,13,09,55,286,,16,68,316,28,20,23,314,25,23,81,022,30,1*7A
$BDGSV,4,3,13,25,28,051,21,32,75,270,27,37,82,020,,38,23,189,25,1*78
$BDGSV,4,4,13,39,71,352,30,1*4C
$BDGSV,2,1,06,20,23,314,20,23,81,022,32,25,28,051,18,32,75,270,27,3*7F
$BDGSV,2,2,06,38,23,189,25,39,71,352,35,3*72
$BDGLL,3904.60392,N,11721.25798,E,133227.00,A,A*7B
$BDTXT,01,01,01,ANTENNA OK*24

-- Send QB4 Data OK......294


-- Build QB4 Data :2024,7,10 21-32-27   294






$BDZDA,133228.00,10,07,2024,00,00*7C
$BDRMC,133228.00,A,3904.60383,N,11721.25807,E,0.101,,100724,,,A,V*1E
$BDGGA,133228.00,3904.60383,N,11721.25807,E,1,06,4.54,0.5,M,-4.9,M,,*5E
$BDGSA,A,3,06,08,16,23,32,39,,,,,,,8.65,4.54,7.35,4*07
$BDGSV,4,1,13,05,17,250,,06,68,313,25,07,12,180,19,08,32,203,22,1*75
$BDGSV,4,2,13,09,55,286,,16,68,316,33,20,23,314,25,23,81,022,31,1*71
$BDGSV,4,3,13,25,28,051,21,32,75,270,32,37,82,020,,38,23,189,25,1*7C
$BDGSV,4,4,13,39,71,352,34,1*48
$BDGSV,2,1,06,20,23,314,21,23,81,022,33,25,28,051,18,32,75,270,28,3*70
$BDGSV,2,2,06,38,23,189,25,39,71,352,40,3*70
$BDGLL,3904.60383,N,11721.25807,E,133228.00,A,A*7D
$BDTXT,01,01,01,ANTENNA OK*24
-- Send QB4 Data OK......294


-- Build QB4 Data :2024,7,10 21-32-28   294


-- Send QB4 Data OK......294





$BDZDA,133229.00,10,07,2024,00,00*7D
$BDRMC,133229.00,A,3904.60382,N,11721.25806,E,0.094,,100724,,,A,V*12
$BDGGA,133229.00,3904.60382,N,11721.25806,E,1,06,4.54,0.3,M,-4.9,M,,*59
$BDGSA,A,3,06,08,16,23,32,39,,,,,,,8.64,4.54,7.35,4*06
$BDGSV,4,1,13,05,17,250,,06,68,313,26,07,12,180,19,08,32,203,23,1*77
$BDGSV,4,2,13,09,55,286,,16,68,316,33,20,23,314,26,23,81,022,31,1*72
$BDGSV,4,3,13,25,28,051,21,32,75,270,33,37,82,020,,38,23,189,25,1*7D
$BDGSV,4,4,13,39,71,352,35,1*49
$BDGSV,2,1,06,20,23,314,22,23,81,022,33,25,28,051,18,32,75,270,28,3*73
$BDGSV,2,2,06,38,23,189,25,39,71,352,40,3*70
$BDGLL,3904.60382,N,11721.25806,E,133229.00,A,A*7C
$BDTXT,01,01,01,ANTENNA OK*24

-- Build QB4 Data :2024,7,10 21-32-29   294






$BDZDA,133230.00,10,07,2024,00,00*75
$BDRMC,133230.00,A,3904.60377,N,11721.25815,E,0.218,,100724,,,A,V*14
$BDGGA,133230.00,3904.60377,N,11721.25815,E,1,06,4.54,0.4,M,-4.9,M,,*5E
$BDGSA,A,3,06,08,16,23,32,39,,,,,,,8.64,4.54,7.35,4*06
$BDGSV,4,1,13,05,17,250,,06,68,313,26,07,12,180,20,08,32,203,23,1*7D
$BDGSV,4,2,13,09,55,286,,16,68,316,33,20,23,314,25,23,81,022,31,1*71
$BDGSV,4,3,13,25,28,051,21,32,75,270,33,37,82,020,,38,23,189,25,1*7D
$BDGSV,4,4,13,39,71,352,34,1*48
$BDGSV,2,1,06,20,23,314,22,23,81,022,33,25,28,051,18,32,75,270,28,3*73
$BDGSV,2,2,06,38,23,189,26,39,71,352,40,3*73
$BDGLL,3904.60377,N,11721.25815,E,133230.00,A,A*7C
$BDTXT,01,01,01,ANTENNA OK*24

-- Send QB4 Data OK......294


-- Build QB4 Data :2024,7,10 21-32-30   294






$BDZDA,133231.00,10,07,2024,00,00*74
$BDRMC,133231.00,A,3904.60377,N,11721.25814,E,0.158,,100724,,,A,V*13
$BDGGA,133231.00,3904.60377,N,11721.25814,E,1,06,4.54,0.1,M,-4.9,M,,*5B
$BDGSA,A,3,06,08,16,23,32,39,,,,,,,8.64,4.54,7.35,4*06
$BDGSV,4,1,13,05,17,250,,06,68,313,26,07,12,180,19,08,32,203,22,1*76
$BDGSV,4,2,13,09,55,286,,16,68,316,32,20,23,314,25,23,81,022,30,1*71
$BDGSV,4,3,13,25,28,051,21,32,75,270,32,37,82,020,,38,23,189,24,1*7D
$BDGSV,4,4,13,39,71,352,34,1*48
$BDGSV,2,1,06,20,23,314,22,23,81,022,33,25,28,051,17,32,75,270,28,3*7C
$BDGSV,2,2,06,38,23,189,26,39,71,352,40,3*73
$BDGLL,3904.60377,N,11721.25814,E,133231.00,A,A*7C
$BDTXT,01,01,01,ANTENNA OK*24
-- Send QB4 Data OK......294


-- Build QB4 Data :2024,7,10 21-32-31   294






$BDZDA,133232.00,10,07,2024,00,00*77
$BDRMC,133232.00,A,3904.60371,N,11721.25815,E,0.221,,100724,,,A,V*1A
$BDGGA,133232.00,3904.60371,N,11721.25815,E,1,06,4.54,0.1,M,-4.9,M,,*5F
$BDGSA,A,3,06,08,16,23,32,39,,,,,,,8.63,4.54,7.34,4*00
$BDGSV,4,1,13,05,17,250,,06,68,313,26,07,12,180,19,08,32,203,23,1*77
$BDGSV,4,2,13,09,55,286,,16,68,316,32,20,23,314,24,23,81,022,30,1*70
$BDGSV,4,3,13,25,28,051,21,32,75,270,32,37,82,020,,38,23,189,25,1*7C
$BDGSV,4,4,13,39,71,352,34,1*48
$BDGSV,2,1,06,20,23,314,21,23,81,022,33,25,28,051,16,32,75,270,28,3*7E
$BDGSV,2,2,06,38,23,189,26,39,71,352,40,3*73
$BDGLL,3904.60371,N,11721.25815,E,133232.00,A,A*78
$BDTXT,01,01,01,ANTENNA OK*24

-- Send QB4 Data OK......294


-- Build QB4 Data :2024,7,10 21-32-32   294






$BDZDA,133233.00,10,07,2024,00,00*76
$BDRMC,133233.00,A,3904.60370,N,11721.25813,E,0.156,,100724,,,A,V*1F
$BDGGA,133233.00,3904.60370,N,11721.25813,E,1,06,4.54,0.1,M,-4.9,M,,*59
$BDGSA,A,3,06,08,16,23,32,39,,,,,,,8.63,4.54,7.34,4*00
$BDGSV,4,1,13,05,17,250,,06,68,313,26,07,12,180,19,08,32,203,23,1*77
$BDGSV,4,2,13,09,55,286,,16,68,316,32,20,23,314,24,23,81,022,29,1*78
$BDGSV,4,3,13,25,28,051,20,32,75,270,32,37,82,020,,38,23,189,25,1*7D
$BDGSV,4,4,13,39,71,352,34,1*48
$BDGSV,2,1,06,20,23,314,21,23,81,022,33,25,28,051,16,32,75,270,29,3*7F
$BDGSV,2,2,06,38,23,189,26,39,71,352,40,3*73
$BDGLL,3904.60370,N,11721.25813,E,133233.00,A,A*7E
$BDTXT,01,01,01,ANTENNA OK*24

-- Send QB4 Data OK......294


-- Build QB4 Data :2024,7,10 21-32-33   294






$BDZDA,133234.00,10,07,2024,00,00*71
$BDRMC,133234.00,A,3904.60368,N,11721.25812,E,0.130,,100724,,,A,V*10
$BDGGA,133234.00,3904.60368,N,11721.25812,E,1,06,4.54,0.4,M,-4.9,M,,*53
$BDGSA,A,3,06,08,16,23,32,39,,,,,,,8.63,4.54,7.34,4*00
$BDGSV,4,1,13,05,17,250,,06,68,313,26,07,12,180,19,08,32,203,23,1*77
$BDGSV,4,2,13,09,55,286,,16,68,316,33,20,23,314,24,23,81,022,30,1*71
$BDGSV,4,3,13,25,28,051,20,32,75,270,32,37,82,020,,38,23,189,25,1*7D
$BDGSV,4,4,13,39,71,352,34,1*48
$BDGSV,2,1,06,20,23,314,21,23,81,022,32,25,28,051,15,32,75,270,28,3*7C
$BDGSV,2,2,06,38,23,189,25,39,71,352,39,3*7E-- Send QB4 Data OK......294


$BDGLL,3904.60368,N,11721.25812,E,133234.00,A,A*71
$BDTXT,01,01,01,ANTENNA OK*24

-- Build QB4 Data :2024,7,10 21-32-34   294


-- Send QB4 Data OK......294





$BDZDA,133235.00,10,07,2024,00,00*70
$BDRMC,133235.00,A,3904.60369,N,11721.25814,E,0.057,,100724,,,A,V*16
$BDGGA,133235.00,3904.60369,N,11721.25814,E,1,06,4.54,0.6,M,-4.9,M,,*57
$BDGSA,A,3,06,08,16,23,32,39,,,,,,,8.63,4.54,7.34,4*00
$BDGSV,4,1,13,05,17,250,,06,68,313,26,07,12,180,19,08,32,203,22,1*76
$BDGSV,4,2,13,09,55,286,,16,68,316,33,20,23,314,25,23,81,022,30,1*70
$BDGSV,4,3,13,25,28,051,20,32,75,270,32,37,82,020,,38,23,189,26,1*7E
$BDGSV,4,4,13,39,71,352,34,1*48
$BDGSV,2,1,06,20,23,314,21,23,81,022,32,25,28,051,15,32,75,270,28,3*7C
$BDGSV,2,2,06,38,23,189,25,39,71,352,39,3*7E
$BDGLL,3904.60369,N,11721.25814,E,133235.00,A,A*77
$BDTXT,01,01,01,ANTENNA OK*24

-- Build QB4 Data :2024,7,10 21-32-35   294






$BDZDA,133236.00,10,07,2024,00,00*73
$BDRMC,133236.00,A,3904.60371,N,11721.25824,E,0.050,,100724,,,A,V*18
$BDGGA,133236.00,3904.60371,N,11721.25824,E,1,06,4.54,0.9,M,-4.9,M,,*51
$BDGSA,A,3,06,08,16,23,32,39,,,,,,,8.62,4.54,7.33,4*06
$BDGSV,4,1,13,05,17,250,,06,68,313,26,07,12,180,19,08,32,203,22,1*76
$BDGSV,4,2,13,09,55,286,,16,68,316,33,20,23,314,25,23,81,022,30,1*70
$BDGSV,4,3,13,25,28,051,19,32,75,270,32,37,82,020,,38,23,189,26,1*74
$BDGSV,4,4,13,39,71,352,34,1*48
$BDGSV,2,1,06,20,23,314,22,23,81,022,32,25,28,051,14,32,75,270,29,3*7F
$BDGSV,2,2,06,38,23,189,25,39,71,352,39,3*7E
$BDGLL,3904.60371,N,11721.25824,E,133236.00,A,A*7E
$BDTXT,01,01,01,ANTENNA OK*24

-- Send QB4 Data OK......294


-- Build QB4 Data :2024,7,10 21-32-36   294






$BDZDA,133237.00,10,07,2024,00,00*72
$BDRMC,133237.00,A,3904.60369,N,11721.25818,E,0.096,,100724,,,A,V*15
$BDGGA,133237.00,3904.60369,N,11721.25818,E,1,06,4.54,1.2,M,-4.9,M,,*5C
$BDGSA,A,3,06,08,16,23,32,39,,,,,,,8.62,4.54,7.33,4*06
$BDGSV,4,1,13,05,17,250,,06,68,313,26,07,12,180,19,08,32,203,21,1*75
$BDGSV,4,2,13,09,55,286,,16,68,316,32,20,23,314,25,23,81,022,29,1*79
$BDGSV,4,3,13,25,28,051,19,32,75,270,31,37,82,020,,38,23,189,25,1*74
$BDGSV,4,4,13,39,71,352,34,1*48
$BDGSV,2,1,06,20,23,314,21,23,81,022,32,25,28,051,12,32,75,270,29,3*7A
$BDGSV,2,2,06,38,23,189,25,39,71,352,39,3*7E-- Send QB4 Data OK......294


$BDGLL,3904.60369,N,11721.25818,E,133237.00,A,A*79
$BDTXT,01,01,01,ANTENNA OK*24

-- Build QB4 Data :2024,7,10 21-32-37   294






$BDZDA,133238.00,10,07,2024,00,00*7D
$BDRMC,133238.00,A,3904.60376,N,11721.25819,E,0.062,,100724,,,A,V*1E
$BDGGA,133238.00,3904.60376,N,11721.25819,E,1,06,4.53,1.5,M,-4.9,M,,*5C
$BDGSA,A,3,06,08,16,23,32,39,,,,,,,8.62,4.53,7.33,4*01
$BDGSV,4,1,13,05,17,250,,06,68,313,26,07,12,180,19,08,32,203,22,1*76
$BDGSV,4,2,13,09,55,286,,16,68,316,32,20,23,314,25,23,81,022,30,1*71
$BDGSV,4,3,13,25,28,051,19,32,75,270,32,37,82,020,,38,23,189,26,1*74
$BDGSV,4,4,13,39,71,352,34,1*48
$BDGSV,2,1,06,20,23,314,21,23,81,022,32,25,28,051,12,32,75,270,29,3*7A
$BDGSV,2,2,06,38,23,189,25,39,71,352,39,3*7E
$BDGLL,3904.60376,N,11721.25819,E,133238.00,A,A*79
$BDTXT,01,01,01,ANTENNA OK*24

-- Send QB4 Data OK......294


-- Build QB4 Data :2024,7,10 21-32-38   294






$BDZDA,133239.00,10,07,2024,00,00*7C
$BDRMC,133239.00,A,3904.60374,N,11721.25823,E,0.072,,100724,,,A,V*15
$BDGGA,133239.00,3904.60374,N,11721.25823,E,1,06,4.53,2.0,M,-4.9,M,,*50
$BDGSA,A,3,06,08,16,23,32,39,,,,,,,8.62,4.53,7.33,4*01
$BDGSV,4,1,13,05,17,250,,06,68,313,26,07,12,180,20,08,32,203,22,1*7C
$BDGSV,4,2,13,09,55,286,,16,68,316,32,20,23,314,25,23,81,022,30,1*71
$BDGSV,4,3,13,25,28,051,19,32,75,270,32,37,82,020,,38,23,189,26,1*74
$BDGSV,4,4,13,39,71,352,34,1*48
$BDGSV,2,1,06,20,23,314,21,23,81,022,32,25,28,051,13,32,75,270,29,3*7B
$BDGSV,2,2,06,38,23,189,25,39,71,352,39,3*7E
$BDGLL,3904.60374,N,11721.25823,E,133239.00,A,A*73
$BDTXT,01,01,01,ANTENNA OK*24

-- Send QB4 Data OK......294


-- Build QB4 Data :2024,7,10 21-32-39   294






$BDZDA,133240.00,10,07,2024,00,00*72
$BDRMC,133240.00,A,3904.60367,N,11721.25829,E,0.074,,100724,,,A,V*15
$BDGGA,133240.00,3904.60367,N,11721.25829,E,1,06,4.53,2.2,M,-4.9,M,,*54
$BDGSA,A,3,06,08,16,23,32,39,,,,,,,8.61,4.53,7.32,4*03
$BDGSV,4,1,13,05,17,250,,06,68,313,26,07,12,180,20,08,32,203,22,1*7C
$BDGSV,4,2,13,09,55,286,,16,68,316,32,20,23,314,24,23-- Send QB4 Data OK......294

,81,022,30,1*70
$BDGSV,4,3,13,25,28,051,19,32,75,270,31,37,82,020,,38,23,189,25,1*74
$BDGSV,4,4,13,39,71,352,34,1*48
$BDGSV,2,1,06,20,23,314,21,23,81,022,32,25,28,051,14,32,75,270,29,3*7C
$BDGSV,2,2,06,38,23,189,26,39,71,352,39,3*7D
$BDGLL,3904.60367,N,11721.25829,E,133240.00,A,A*75
$BDTXT,01,01,01,ANTENNA OK*24

-- Build QB4 Data :2024,7,10 21-32-40   294






$BDZDA,133241.00,10,07,2024,00,00*73
$BDRMC,133241.00,A,3904.60366,N,11721.25831,E,0.028,,100724,,,A,V*15
$BDGGA,133241.00,3904.60366,N,11721.25831,E,1,06,4.53,2.4,M,-4.9,M,,*5B
$BDGSA,A,3,06,08,16,23,32,39,,,,,,,8.61,4.53,7.32,4*03
$BDGSV,4,1,13,05,17,250,,06,68,313,26,07,12,180,20,08,32,203,22,1*7C
$BDGSV,4,2,13,09,55,286,,16,68,316,32,20,23,314,24,23,81,022,30,1*70
$BDGSV,4,3,13,25,28,051,19,32,75,269,32,37,82,020,,38,23,189,25,1*7F
$BDGSV,4,4,13,39,71,352,34,1*48
$BDGSV,2,1,06,20,23,314,21,23,81,022,32,25,28,051,13,32,75,269,29,3*73
$BDGSV,2,2,06,38,23,189,25,39,71,352,39,3*7E
$BDGLL,3904.60366,N,11721.25831,E,133241.00,A,A*7C
$BDTXT,01,01,01,ANTENNA OK*24

-- Send QB4 Data OK......294


-- Build QB4 Data :2024,7,10 21-32-41   294






$BDZDA,133242.00,10,07,2024,00,00*70
$BDRMC,133242.00,A,3904.60366,N,11721.25832,E,0.045,,100724,,,A,V*1E
$BDGGA,133242.00,3904.60366,N,11721.25832,E,1,06,4.53,2.8,M,-4.9,M,,*57
$BDGSA,A,3,06,08,16,23,32,39,,,,,,,8.61,4.53,7.32,4*03
$BDGSV,4,1,13,05,17,250,,06,68,313,26,07,12,180,20,08,32,203,22,1*7C
$BDGSV,4,2,13,09,55,286,,16,68,316,32,20,23,314,25,23,81,022,30,1*71
$BDGSV,4,3,13,25,28,051,20,32,75,269,31,37,82,020,,38,23,189,25,1*76
$BDGSV,4,4,13,39,71,352,34,1*48
$BDGSV,2,1,06,20,23,314,22,23,81,022,32,25,28,051,14,32,75,269,29,3*77
$BDGSV,2,2,06,38,23,189,25,39,71,352,39,3*7E
$BDGLL,3904.60366,N,11721.25832,E,133242.00,A,A*7C
$BDTXT,01,01,01,ANTENNA OK*24

-- Send QB4 Data OK......294


-- Build QB4 Data :2024,7,10 21-32-42   294






$BDZDA,133243.00,10,07,2024,00,00*71
$BDRMC,133243.00,A,3904.60372,N,11721.25821,E,0.157,,100724,,,A,V*1A
$BDGGA,133243.00,3904.60372,N,11721.25821,E,1,06,4.53,3.5,M,-4.9,M,,*5D
$BDGSA,A,3,06,08,16,23,32,39,,,,,,,8.61,4.53,7.32,4*03
$BDGSV,4,1,13,05,17,250,,06,68,313,26,07,12,180,20,08,32,203,22,1*7C
$BDGSV,4,2,13,09,55,286,,16,68,316,32,20,23,314,24,23-- Send QB4 Data OK......294

,81,022,30,1*70
$BDGSV,4,3,13,25,28,051,20,32,75,269,31,37,82,020,,38,23,189,26,1*75
$BDGSV,4,4,13,39,71,352,34,1*48
$BDGSV,2,1,06,20,23,314,21,23,81,022,32,25,28,051,14,32,75,269,30,3*7C
$BDGSV,2,2,06,38,23,189,25,39,71,352,39,3*7E
$BDGLL,3904.60372,N,11721.25821,E,133243.00,A,A*7A
$BDTXT,01,01,01,ANTENNA OK*24

-- Build QB4 Data :2024,7,10 21-32-43   294






$BDZDA,133244.00,10,07,2024,00,00*76
$BDRMC,133244.00,A,3904.60368,N,11721.25825,E,0.092,,100724,,,A,V*1A
$BDGGA,133244.00,3904.60368,N,11721.25825,E,1,06,4.53,4.1,M,-4.9,M,,*56
$BDGSA,A,3,06,08,16,23,32,39,,,,,,,8.60,4.53,7.31,4*01
$BDGSV,4,1,13,05,17,250,,06,68,313,26,07,12,180,20,08,32,203,23,1*7D
$BDGSV,4,2,13,09,55,286,,16,68,316,33,20,23,314,25,23,81,022,30,1*70
$BDGSV,4,3,13,25,28,051,21,32,75,269,32,37,82,020,,38,23,189,26,1*77
$BDGSV,4,4,13,39,71,352,34,1*48
$BDGSV,2,1,06,20,23,314,21,23,81,022,31,25,28,051,13,32,75,269,30,3*78
$BDGSV,2,2,06,38,23,189,25,39,71,352,40,3*70
$BDGLL,3904.60368,N,11721.25825,E,133244.00,A,A*72
$BDTXT,01,01,01,ANTENNA OK*24

-- Send QB4 Data OK......294


-- Build QB4 Data :2024,7,10 21-32-44   294






$BDZDA,133245.00,10,07,2024,00,00*77
$BDRMC,133245.00,A,3904.60357,N,11721.25831,E,0.096,,100724,,,A,V*16
$BDGGA,133245.00,3904.60357,N,11721.25831,E,1,06,4.53,4.2,M,-4.9,M,,*5D
$BDGSA,A,3,06,08,16,23,32,39,,,,,,,8.60,4.53,7.31,4*01
$BDGSV,4,1,13,05,17,250,,06,68,313,26,07,12,180,20,08,32,203,23,1*7D
$BDGSV,4,2,13,09,55,286,,16,68,316,33,20,23,314,25,23,81,022,30,1*70
$BDGSV,4,3,13,25,28,051,21,32,75,269,31,37,82,020,,38,23,189,26,1*74
$BDGSV,4,4,13,39,71,352,34,1*48
$BDGSV,2,1,06,20,23,314,22,23,81,022,31,25,28,051,12,32,75,269,30,3*7A
$BDGSV,2,2,06,38,23,189,25,39,71,352,39,3*7E
$BDGLL,3904.60357,N,11721.25831,E,133245.00,A,A*7A
$BDTXT,01,01,01,ANTENNA OK*24

-- Send QB4 Data OK......294


-- Build QB4 Data :2024,7,10 21-32-45   294






$BDZDA,133246.00,10,07,2024,00,00*74
$BDRMC,133246.00,A,3904.60354,N,11721.25830,E,0.074,,100724,,,A,V*1B
$BDGGA,133246.00,3904.60354,N,11721.25830,E,1,06,4.53,4.7,M,-4.9,M,,*59
$BDGSA,A,3,06,08,16,23,32,39,,,,,,,8.60,4.53,7.31,4*01
$BDGSV,4,1,13,05,17,250,,06,68,313,26,07,12,180,19,08,32,203,23,1*77
$BDGSV,4,2,13,09,55,286,,16,68,316,32,20,23,314,24,23,81,022,29,1*78
$BDGSV,4,3,13,25,28,051,21,32,75,269,30,37,82,020,,38,23,189,25,1*76
$BDGSV,4,4,13,39,71,352,30,1*4C
$BDGSV,2,1,06,20,23,314,22,23,81,022,27,25,28,051,11,32,75,269,30,3*7E
$BDGSV,2,2,06,38,23,189,25,39,71,352,35,3*72
$BDGLL,3904.60354,N,11721.25830,E,133246.00,A,A*7B
$BDTXT,01,01,01,ANTENNA OK*24

-- Send QB4 Data OK......294


-- Build QB4 Data :2024,7,10 21-32-46   294


-- Send QB4 Data OK......294






$BDZDA,133247.00,10,07,2024,00,00*75
$BDRMC,133247.00,A,3904.60352,N,11721.25833,E,0.071,,100724,,,A,V*1A
$BDGGA,133247.00,3904.60352,N,11721.25833,E,1,06,4.53,4.9,M,-4.9,M,,*53
$BDGSA,A,3,06,08,16,23,32,39,,,,,,,8.60,4.53,7.31,4*01
$BDGSV,4,1,13,05,17,250,,06,68,313,26,07,12,180,19,08,32,203,22,1*76
$BDGSV,4,2,13,09,55,286,,16,68,316,32,20,23,314,24,23,81,022,29,1*78
$BDGSV,4,3,13,25,28,051,20,32,75,269,31,37,82,020,,38,23,189,25,1*76
$BDGSV,4,4,13,39,71,352,34,1*48
$BDGSV,2,1,06,20,23,314,21,23,81,022,30,25,28,051,08,32,75,269,30,3*73
$BDGSV,2,2,06,38,23,189,25,39,71,352,39,3*7E
$BDGLL,3904.60352,N,11721.25833,E,133247.00,A,A*7F
$BDTXT,01,01,01,ANTENNA OK*24

-- Build QB4 Data :2024,7,10 21-32-47   294






$BDZDA,133248.00,10,07,2024,00,00*7A
$BDRMC,133248.00,A,3904.60345,N,11721.25841,E,0.170,,100724,,,A,V*16
$BDGGA,133248.00,3904.60345,N,11721.25841,E,1,06,4.53,5.0,M,-4.9,M,,*57
$BDGSA,A,3,06,08,16,23,32,39,,,,,,,8.59,4.53,7.30,4*0A
$BDGSV,4,1,13,05,17,250,,06,68,313,26,07,12,180,20,08,32,203,22,1*7C
$BDGSV,4,2,13,09,55,286,,16,68,316,33,20,23,314,25,23,81,023,30,1*71
$BDGSV,4,3,13,25,28,051,21,32,75,269,31,37,82,020,,38,23,189,26,1*74
$BDGSV,4,4,13,39,71,352,34,1*48
$BDGSV,2,1,06,20,23,314,21,23,81,023,31,25,28,051,10,32,75,269,31,3*7B
$BDGSV,2,2,06,38,23,189,25,39,71,352,39,3*7E
$BDGLL,3904.60345,N,11721.25841,E,133248.00,A,A*73
$BDTXT,01,01,01,ANTENNA OK*24

-- Send QB4 Data OK......294


-- Build QB4 Data :2024,7,10 21-32-48   294






$BDZDA,133249.00,10,07,2024,00,00*7B
$BDRMC,133249.00,A,3904.60347,N,11721.25836,E,0.127,,100724,,,A,V*17
$BDGGA,133249.00-- Send QB4 Data OK......294

,3904.60347,N,11721.25836,E,1,06,4.52,5.4,M,-4.9,M,,*51
$BDGSA,A,3,06,08,16,23,32,39,,,,,,,8.59,4.52,7.30,4*0B
$BDGSV,4,1,13,05,17,250,,06,68,313,26,07,12,180,21,08,32,203,23,1*7C
$BDGSV,4,2,13,09,55,286,,16,68,316,32,20,23,314,25,23,81,023,30,1*70
$BDGSV,4,3,13,25,28,051,21,32,75,269,31,37,82,020,,38,23,189,26,1*74
$BDGSV,4,4,13,39,71,352,34,1*48
$BDGSV,2,1,06,20,23,314,22,23,81,023,31,25,28,051,09,32,75,269,31,3*70
$BDGSV,2,2,06,38,23,189,25,39,71,352,39,3*7E
$BDGLL,3904.60347,N,11721.25836,E,133249.00,A,A*70
$BDTXT,01,01,01,ANTENNA OK*24

-- Build QB4 Data :2024,7,10 21-32-49   294






$BDZDA,133250.00,10,07,2024,00,00*73
$BDRMC,133250.00,A,3904.60338,N,11721.25840,E,0.081,,100724,,,A,V*1B
$BDGGA,133250.00,3904.60338,N,11721.25840,E,1,06,4.52,5.9,M,-4.9,M,,*5D
$BDGSA,A,3,06,08,16,23,32,39,,,,,,,8.59,4.52,7.30,4*0B
$BDGSV,4,1,13,05,17,250,,06,68,313,26,07,12,180,20,08,32,203,22,1*7C
$BDGSV,4,2,13,09,55,286,,16,68,316,31,20,23,314,24,23,81,023,29,1*7A
$BDGSV,4,3,13,25,28,051,20,32,75,269,30,37,82,020,,38,23,189,25,1*77
$BDGSV,4,4,13,39,71,352,33,1*4F
$BDGSV,2,1,06,20,23,314,22,23,81,023,31,25,28,051,10,32,75,269,30,3*79
$BDGSV,2,2,06,38,23,189,25,39,71,352,38,3*7F
$BDGLL,3904.60338,N,11721.25840,E,133250.00,A,A*71
$BDTXT,01,01,01,ANTENNA OK*24

-- Send QB4 Data OK......294


-- Build QB4 Data :2024,7,10 21-32-50   294






$BDZDA,133251.00,10,07,2024,00,00*72
$BDRMC,133251.00,A,3904.60336,N,11721.25834,E,0.043,,100724,,,A,V*19
$BDGGA,133251.00,3904.60336,N,11721.25834,E,1,06,4.52,6.6,M,-4.9,M,,*5D
$BDGSA,A,3,06,08,16,23,32,39,,,,,,,8.59,4.52,7.30,4*0B
$BDGSV,4,1,13,05,17,250,,06,68,313,26,07,12,180,21,08,32,203,23,1*7C
$BDGSV,4,2,13,09,55,286,,16,68,316,32,20,23,314,25,23,81,023,29,1*78
$BDGSV,4,3,13,25,28,051,20,32,75,269,31,37,82,020,,38,23,189,26,1*75
$BDGSV,4,4,13,39,71,352,34,1*48
$BDGSV,2,1,06,20,23,314,22,23,81,023,31,25,28,051,10,32,75,269,31,3*78
$BDGSV,2,2,06,38,23,189,25,39,71,352,40,3*70
$BDGLL,3904.60336,N,11721.25834,E,133251.00,A,A*7D
$BDTXT,01,01,01,ANTENNA OK*24
-- Send QB4 Data OK......294


-- Build QB4 Data :2024,7,10 21-32-51   294


-- Send QB4 Data OK......294





$BDZDA,133252.00,10,07,2024,00,00*71
$BDRMC,133252.00,A,3904.60340,N,11721.25823,E,0.227,,100724,,,A,V*1D
$BDGGA,133252.00,3904.60340,N,11721.25823,E,1,06,4.52,7.3,M,-4.9,M,,*5D
$BDGSA,A,3,06,08,16,23,32,39,,,,,,,8.58,4.52,7.29,4*02
$BDGSV,4,1,13,05,17,250,,06,68,313,26,07,12,180,20,08,32,203,23,1*7D
$BDGSV,4,2,13,09,55,286,,16,68,316,32,20,23,314,24,23,81,023,29,1*79
$BDGSV,4,3,13,25,28,051,20,32,75,269,31,37,82,020,,38,23,189,25,1*76
$BDGSV,4,4,13,39,71,352,34,1*48
$BDGSV,2,1,06,20,23,314,22,23,81,023,31,25,28,051,09,32,75,269,30,3*71
$BDGSV,2,2,06,38,23,189,25,39,71,352,39,3*7E
$BDGLL,3904.60340,N,11721.25823,E,133252.00,A,A*79
$BDTXT,01,01,01,ANTENNA OK*24

-- Build QB4 Data :2024,7,10 21-32-52   294






$BDZDA,133253.00,10,07,2024,00,00*70
$BDRMC,133253.00,A,3904.60335,N,11721.25823,E,0.173,,100724,,,A,V*1C
$BDGGA,133253.00,3904.60335,N,11721.25823,E,1,06,4.52,7.7,M,-4.9,M,,*5A
$BDGSA,A,3,06,08,16,23,32,39,,,,,,,8.58,4.52,7.29,4*02
$BDGSV,4,1,13,05,17,250,,06,68,313,26,07,12,180,20,08,32,203,23,1*7D
$BDGSV,4,2,13,09,55,286,,16,68,316,32,20,23,314,25,23,81,023,29,1*78
$BDGSV,4,3,13,25,28,051,21,32,75,269,31,37,82,020,,38,23,189,25,1*77
$BDGSV,4,4,13,39,71,352,34,1*48
$BDGSV,2,1,06,20,23,314,22,23,81,023,32,25,28,051,08,32,75,269,31,3*72
$BDGSV,2,2,06,38,23,189,25,39,71,352,39,3*7E
$BDGLL,3904.60335,N,11721.25823,E,133253.00,A,A*7A
$BDTXT,01,01,01,ANTENNA OK*24

-- Send QB4 Data OK......294


-- Build QB4 Data :2024,7,10 21-32-53   294






$BDZDA,133254.00,10,07,2024,00,00*77
$BDRMC,133254.00,A,3904.60325,N,11721.25826,E,0.059,,100724,,,A,V*16
$BDGGA,133254.00,3904.60325,N,11721.25826,E,1,06,4.52,8.1,M,-4.9,M,,*50
$BDGSA,A,3,06,08,16,23,32,39,,,,,,,8.58,4.52,7.29,4*02
$BDGSV,4,1,13,05,17,250,,06,68,313,26,07,12,180,21,08,32,203,24,1*7B
$BDGSV,4,2,13,09,55,286,,16,68,316,33,20,23,314,25,23,81,023,29,1*79
$BDGSV,4,3,13,25,28,051,22,32,75,269,31,37,82,020,,38,23,189,25,1*74
$BDGSV,4,4,13,39,71,352,35,1*49
$BDGSV,2,1,06,20,23,314,22,23,81,023,31,25,28,051,08,32,75,269,31,3*71
$BDGSV,2,2,06,38,23,189,25,39,71,352,39,3*7E
$BDGLL,3904.60325,N,11721.25826,E,133254.00,A,A*79
$BDTXT,01,01,01,ANTENNA OK*24
-- Send QB4 Data OK......294


-- Build QB4 Data :2024,7,10 21-32-54   294






$BDZDA,133255.00,10,07,2024,00,00*76
$BDRMC,133255.00,A,3904.60314,N,11721.25832,E,0.054,,100724,,,A,V*1D
$BDGGA,133255.00,3904.60314,N,11721.25832,E,1,06,4.52,8.7,M,-4.9,M,,*50
$BDGSA,A,3,06,08,16,23,32,39,,,,,,,8.58,4.52,7.29,4*02
$BDGSV,4,1,13,05,17,250,,06,68,313,26,07,12,180,21,08,32,203,24,1*7B
$BDGSV,4,2,13,09,55,286,20,16,68,316,33,20,23,314,25,23,81,023,29,1*7B
$BDGSV,4,3,13,25,28,051,22,32,75,269,31,37,82,020,,38,23,189,25,1*74
$BDGSV,4,4,13,39,71,352,34,1*48
$BDGSV,2,1,06,20,23,314,23,23,81,023,31,25,28,051,08,32,75,269,31,3*70
$BDGSV,2,2,06,38,23,189,25,39,71,352,39,3*7E
$BDGLL,3904.60314,N,11721.25832,E,133255.00,A,A*7F
$BDTXT,01,01,01,ANTENNA OK*24

-- Send QB4 Data OK......294


-- Build QB4 Data :2024,7,10 21-32-55   294






$BDZDA,133256.00,10,07,2024,00,00*75
$BDRMC,133256.00,A,3904.60303,N,11721.25838,E,0.138,,100724,,,A,V*19
$BDGGA,133256.00,3904.60303,N,11721.25838,E,1,06,4.52,9.0,M,-4.9,M,,*59
$BDGSA,A,3,06,08,16,23,32,39,,,,,,,8.57,4.52,7.28,4*0C
$BDGSV,4,1,13,05,17,250,,06,68,313,25,07,12,180,21,08,32,203,23,1*7F
$BDGSV,4,2,13,09,55,286,17,16,68,316,32,20,23,314,24,23,81,023,28,1*7E
$BDGSV,4,3,13,25,28,051,22,32,75,269,30,37,82,020,,38,23,189,23,1*73
$BDGSV,4,4,13,39,71,352,34,1*48
$BDGSV,2,1,06,20,23,314,22,23,81,023,31,25,28,051,05,32,75,269,28,3*74
$BDGSV,2,2,06,38,23,189,25,39,71,352,38,3*7F
$BDGLL,3904.60303,N,11721.25838,E,133256.00,A,A*70
$BDTXT,01,01,01,ANTENNA OK*24

-- Send QB4 Data OK......294


-- Build QB4 Data :2024,7,10 21-32-56   294






$BDZDA,133257.00,10,07,2024,00,00*74
$BDRMC,133257.00,A,3904.60296,N,11721.25842,E,0.120,,100724,,,A,V*11
$BDGGA,133257.00,3904.60296,N,11721.25842,E,1,06,4.52,9.6,M,-4.9,M,,*5E
$BDGSA,A,3,06,08,16,23,32,39,,,,,,,8.57,4.52,7.28,4*0C
$BDGSV,4,1,13,05,17,250,,06,68,313,26,07,12,180,21,08,32,203,24,1*7B
$BDGSV,4,2,13,09,55,286,17,16,68,316,33,20,23,314,25,23,81,023,29,1*7F
$BDGSV,4,3,13,25,28,051,22,32,75,269,31,37,82,020,,38,23,189,24,1*75
$BDGSV,4,4,13,39,71,352,35,1*-- Send QB4 Data OK......294

49
$BDGSV,2,1,06,20,23,314,22,23,81,023,31,25,28,051,05,32,75,269,31,3*7C
$BDGSV,2,2,06,38,23,189,25,39,71,352,40,3*70
$BDGLL,3904.60296,N,11721.25842,E,133257.00,A,A*71
$BDTXT,01,01,01,ANTENNA OK*24

-- Build QB4 Data :2024,7,10 21-32-57   294


-- Send QB4 Data OK......294






$BDZDA,133258.00,10,07,2024,00,00*7B
$BDRMC,133258.00,A,3904.60292,N,11721.25841,E,0.044,,100724,,,A,V*1A
$BDGGA,133258.00,3904.60292,N,11721.25841,E,1,06,4.52,10.2,M,-4.9,M,,*6A
$BDGSA,A,3,06,08,16,23,32,39,,,,,,,8.57,4.52,7.28,4*0C
$BDGSV,4,1,13,05,17,250,,06,68,313,27,07,12,180,22,08,32,203,24,1*79
$BDGSV,4,2,13,09,55,286,17,16,68,316,33,20,23,314,25,23,81,023,29,1*7F
$BDGSV,4,3,13,25,28,051,23,32,75,269,31,37,82,020,,38,23,189,25,1*75
$BDGSV,4,4,13,39,71,352,35,1*49
$BDGSV,2,1,06,20,23,314,23,23,81,023,31,25,28,051,05,32,75,269,31,3*7D
$BDGSV,2,2,06,38,23,189,25,39,71,352,38,3*7F
$BDGLL,3904.60292,N,11721.25841,E,133258.00,A,A*79
$BDTXT,01,01,01,ANTENNA OK*24

-- Build QB4 Data :2024,7,10 21-32-58   294






$BDZDA,133259.00,10,07,2024,00,00*7A
$BDRMC,133259.00,A,3904.60287,N,11721.25845,E,0.081,,100724,,,A,V*12
$BDGGA,133259.00,3904.60287,N,11721.25845,E,1,06,4.52,11.0,M,-4.9,M,,*68
$BDGSA,A,3,06,08,16,23,32,39,,,,,,,8.57,4.52,7.28,4*0C
$BDGSV,4,1,13,05,17,250,,06,68,313,26,07,12,180,21,08,32,203,24,1*7B
$BDGSV,4,2,13,09,55,286,16,16,68,316,32,20,23,314,24,23,81,023,29,1*7E
$BDGSV,4,3,13,25,28,051,22,32,75,269,30,37,82,020,,38,23,189,25,1*75
$BDGSV,4,4,13,39,71,352,34,1*48
$BDGSV,2,1,06,20,23,314,22,23,81,023,30,25,28,051,05,32,75,269,31,3*7D
$BDGSV,2,2,06,38,23,189,24,39,71,352,39,3*7F
$BDGLL,3904.60287,N,11721.25845,E,133259.00,A,A*78
$BDTXT,01,01,01,ANTENNA OK*24

-- Send QB4 Data OK......294


-- Build QB4 Data :2024,7,10 21-32-59   294






$BDZDA,133300.00,10,07,2024,00,00*77
$BDRMC,133300.00,A,3904.60292,N,11721.25851,E,0.172,,100724,,,A,V*13
$BDGGA,133300.00,3904.60292,N,11721.25851,E,1,06,4.52,11.8,M,-4.9,M,,*6C
$BDGSA,A,3,06,08,16,23,32,39,,,,,,,8.56,4.52,7.27,4*02
$BDGSV,4,1,13,05,17,250,,06,68,313,26,07,12,180,20,08,32,203,24,1*7A
$BDGSV,4,2,13,09,55,286,16,16,68,316,32,20,23,314,24,23,81,023,29,1*7E
$BDGSV,4,3,13,25,28,051,22,32,75,269,30,37,82,021,,38,23,189,25,1*74
$BDGSV,4,4,13,39,71,352,34,1-- Send QB4 Data OK......294

*48
$BDGSV,2,1,06,20,23,314,21,23,81,023,30,25,28,051,05,32,75,269,30,3*7F
$BDGSV,2,2,06,38,23,189,24,39,71,352,39,3*7F
$BDGLL,3904.60292,N,11721.25851,E,133300.00,A,A*74
$BDTXT,01,01,01,ANTENNA OK*24

-- Build QB4 Data :2024,7,10 21-33-0   294






$BDZDA,133301.00,10,07,2024,00,00*76
$BDRMC,133301.00,A,3904.60289,N,11721.25857,E,0.202,,100724,,,A,V*1A
$BDGGA,133301.00,3904.60289,N,11721.25857,E,1,06,4.51,12.7,M,-4.9,M,,*6E
$BDGSA,A,3,06,08,16,23,32,39,,,,,,,8.56,4.51,7.27,4*01
$BDGSV,4,1,13,05,17,250,,06,68,313,26,07,12,180,20,08,32,203,24,1*7A
$BDGSV,4,2,13,09,55,286,18,16,68,316,33,20,23,314,25,23,81,023,29,1*70
$BDGSV,4,3,13,25,28,051,22,32,75,269,30,37,82,021,,38,23,189,25,1*74
$BDGSV,4,4,13,39,71,352,34,1*48
$BDGSV,2,1,06,20,23,314,21,23,81,023,30,25,28,051,05,32,75,269,31,3*7E
$BDGSV,2,2,06,38,23,189,23,39,71,352,39,3*78
$BDGLL,3904.60289,N,11721.25857,E,133301.00,A,A*79
$BDTXT,01,01,01,ANTENNA OK*24

-- Send QB4 Data OK......294


-- Build QB4 Data :2024,7,10 21-33-1   294






$BDZDA,133302.00,10,07,2024,00,00*75
$BDRMC,133302.00,A,3904.60279,N,11721.25867,E,0.084,,100724,,,A,V*19
$BDGGA,133302.00,3904.60279,N,11721.25867,E,1,06,4.51,13.2,M,-4.9,M,,*65
$BDGSA,A,3,06,08,16,23,32,39,,,,,,,8.56,4.51,7.27,4*01
$BDGSV,4,1,13,05,17,250,,06,68,313,26,07,12,180,20,08,32,203,23,1*7D
$BDGSV,4,2,13,09,55,286,18,16,68,316,32,20,23,314,25,23,81,023,29,1*71
$BDGSV,4,3,13,25,28,051,22,32,75,269,30,37,82,021,,38,23,189,25,1*74
$BDGSV,4,4,13,39,71,352,34,1*48
$BDGSV,2,1,05,20,23,314,21,23,81,023,29,32,75,269,31,38,23,189,23,3*72
$BDGSV,2,2,05,39,71,352,40,3*4E
$BDGLL,3904.60279,N,11721.25867,E,133302.00,A,A*76
$BDTXT,01,01,01,ANTENNA OK*24

-- Send QB4 Data OK......294


-- Build QB4 Data :2024,7,10 21-33-2   294






$BDZDA,133303.00,10,07,2024,00,00*74
$BDRMC,133303.00,A,3904.60271,N,11721.25864,E,0.078,,100724,,,A,V*10
$BDGGA,133303.00,3904.60271,N,11721.25864,E,1,06,4.51,13.9,M,-4.9,M,,*64
$BDGSA,A,3,06,08,16,23,32,39,,,,,,,8.56,4.51,7.27,4*01
$BDG-- Send QB4 Data OK......294

SV,4,1,13,05,17,250,,06,68,313,27,07,12,180,21,08,32,203,24,1*7A
$BDGSV,4,2,13,09,55,286,19,16,68,316,33,20,23,314,25,23,81,023,30,1*79
$BDGSV,4,3,13,25,28,051,23,32,75,269,31,37,82,021,,38,23,189,26,1*77
$BDGSV,4,4,13,39,71,352,35,1*49
$BDGSV,2,1,05,20,23,314,22,23,81,023,31,32,75,269,32,38,23,189,23,3*7B
$BDGSV,2,2,05,39,71,352,40,3*4E
$BDGLL,3904.60271,N,11721.25864,E,133303.00,A,A*7C
$BDTXT,01,01,01,ANTENNA OK*24

-- Build QB4 Data :2024,7,10 21-33-3   294






$BDZDA,133304.00,10,07,2024,00,00*73
$BDRMC,133304.00,A,3904.60262,N,11721.25852,E,0.176,,100724,,,A,V*1F
$BDGGA,133304.00,3904.60262,N,11721.25852,E,1,06,4.51,15.0,M,-4.9,M,,*6B
$BDGSA,A,3,06,08,16,23,32,39,,,,,,,8.55,4.51,7.26,4*03
$BDGSV,4,1,13,05,17,250,,06,68,313,27,07,12,180,21,08,32,203,25,1*7B
$BDGSV,4,2,13,09,55,286,19,16,68,316,34,20,23,314,25,23,81,023,30,1*7E
$BDGSV,4,3,13,25,28,051,23,32,75,269,31,37,82,021,,38,23,189,26,1*77
$BDGSV,4,4,13,39,71,352,35,1*49
$BDGSV,2,1,05,20,23,314,23,23,81,023,30,32,75,269,32,38,23,189,23,3*7B
$BDGSV,2,2,05,39,71,352,40,3*4E
$BDGLL,3904.60262,N,11721.25852,E,133304.00,A,A*7C
$BDTXT,01,01,01,ANTENNA OK*24

-- Send QB4 Data OK......294


-- Build QB4 Data :2024,7,10 21-33-4   294






$BDZDA,133305.00,10,07,2024,00,00*72
$BDRMC,133305.00,A,3904.60257,N,11721.25856,E,0.256,,100724,,,A,V*1D
$BDGGA,133305.00,3904.60257,N,11721.25856,E,1,06,4.51,15.8,M,-4.9,M,,*60
$BDGSA,A,3,06,08,16,23,32,39,,,,,,,8.55,4.51,7.26,4*03
$BDGSV,4,1,13,05,17,250,,06,68,313,27,07,12,180,21,08,32,203,24,1*7A
$BDGSV,4,2,13,09,55,286,19,16,68,316,33,20,23,314,25,23,81,023,29,1*71
$BDGSV,4,3,13,25,28,051,23,32,75,269,31,37,82,021,,38,23,189,26,1*77
$BDGSV,4,4,13,39,71,352,33,1*4F
$BDGSV,2,1,05,20,23,314,23,23,81,023,30,32,75,269,31,38,23,189,22,3*79
$BDGSV,2,2,05,39,71,352,39,3*40
$BDGLL,3904.60257,N,11721.25856,E,133305.00,A,A*7F
$BDTXT,01,01,01,ANTENNA OK*24

-- Send QB4 Data OK......294


-- Build QB4 Data :2024,7,10 21-33-5   294






$BDZDA,133306.00,10,07,2024,00,00*71
$BDRMC,133306.00,A,3904.60257,N,11721.25847,E,0.311,,100724,,,A,V*1C
$BDGGA,133306.00,3904.60257,N,11721.25847,E,1,06,4.51,16.6,M,-4.9,M,,*6E
$BDGSA,A,3,06,08,16,23,32,39,,,,,,,8.55,4.51,7.26,4*03
$BDG-- Send QB4 Data OK......294

SV,4,1,13,05,17,250,,06,68,313,25,07,12,180,20,08,32,203,23,1*7E
$BDGSV,4,2,13,09,55,286,17,16,68,316,31,20,23,314,23,23,81,023,28,1*7A
$BDGSV,4,3,13,25,28,051,21,32,75,269,30,37,82,021,,38,23,189,24,1*76
$BDGSV,4,4,13,39,71,352,34,1*48
$BDGSV,2,1,05,20,23,314,22,23,81,023,29,32,75,269,31,38,23,189,22,3*70
$BDGSV,2,2,05,39,71,352,39,3*40
$BDGLL,3904.60257,N,11721.25847,E,133306.00,A,A*7C
$BDTXT,01,01,01,ANTENNA OK*24

-- Build QB4 Data :2024,7,10 21-33-6   294






$BDZDA,133307.00,10,07,2024,00,00*70
$BDRMC,133307.00,A,3904.60257,N,11721.25847,E,0.317,,100724,,,A,V*1B
$BDGGA,133307.00,3904.60257,N,11721.25847,E,1,06,4.51,17.5,M,-4.9,M,,*6D
$BDGSA,A,3,06,08,16,23,32,39,,,,,,,8.55,4.51,7.26,4*03
$BDGSV,4,1,13,05,17,250,,06,68,313,26,07,12,180,20,08,32,203,23,1*7D
$BDGSV,4,2,13,09,55,286,18,16,68,316,32,20,23,314,24,23,81,023,29,1*70
$BDGSV,4,3,13,25,28,051,22,32,75,269,30,37,82,021,,38,23,189,25,1*74
$BDGSV,4,4,13,39,71,352,35,1*49
$BDGSV,2,1,05,20,23,314,22,23,81,023,29,32,75,269,31,38,23,189,22,3*70
$BDGSV,2,2,05,39,71,352,39,3*40
$BDGLL,3904.60257,N,11721.25847,E,133307.00,A,A*7D
$BDTXT,01,01,01,ANTENNA OK*24

-- Send QB4 Data OK......294


-- Build QB4 Data :2024,7,10 21-33-7   294






$BDZDA,133308.00,10,07,2024,00,00*7F
$BDRMC,133308.00,A,3904.60240,N,11721.25840,E,0.176,,100724,,,A,V*10
$BDGGA,133308.00,3904.60240,N,11721.25840,E,1,06,4.51,18.4,M,-4.9,M,,*6D
$BDGSA,A,3,06,08,16,23,32,39,,,,,,,8.54,4.51,7.25,4*01
$BDGSV,4,1,13,05,17,250,,06,68,313,26,07,12,180,20,08,32,203,24,1*7A
$BDGSV,4,2,13,09,55,286,19,16,68,316,33,20,23,314,24,23,81,023,29,1*70
$BDGSV,4,3,13,25,28,051,22,32,75,269,31,37,82,021,,38,23,189,25,1*75
$BDGSV,4,4,13,39,71,352,35,1*49
$BDGSV,2,1,05,20,23,314,22,23,81,023,29,32,75,269,31,38,23,189,22,3*70
$BDGSV,2,2,05,39,71,352,39,3*40
$BDGLL,3904.60240,N,11721.25840,E,133308.00,A,A*73
$BDTXT,01,01,01,ANTENNA OK*24

-- Send QB4 Data OK......294


-- Build QB4 Data :2024,7,10 21-33-8   294


-- Send QB4 Data OK......294





$BDZDA,133309.00,10,07,2024,00,00*7E
$BDRMC,133309.00,A,3904.60229,N,11721.25832,E,0.160,,100724,,,A,V*1C
$BDGGA,133309.00,3904.60229,N,11721.25832,E,1,06,4.51,19.5,M,-4.9,M,,*66
$BDGSA,A,3,06,08,16,23,32,39,,,,,,,8.54,4.51,7.25,4*01
$BDGSV,4,1,13,05,17,250,,06,68,313,26,07,12,180,20,08,32,203,24,1*7A
$BDGSV,4,2,13,09,55,286,19,16,68,316,33,20,23,314,25,23,81,023,29,1*71
$BDGSV,4,3,13,25,28,051,22,32,75,269,30,37,82,021,,38,23,189,25,1*74
$BDGSV,4,4,13,39,71,352,34,1*48
$BDGSV,2,1,05,20,23,314,22,23,81,023,29,32,75,269,31,38,23,189,22,3*70
$BDGSV,2,2,05,39,71,352,39,3*40
$BDGLL,3904.60229,N,11721.25832,E,133309.00,A,A*78
$BDTXT,01,01,01,ANTENNA OK*24

-- Build QB4 Data :2024,7,10 21-33-9   294






$BDZDA,133310.00,10,07,2024,00,00*76
$BDRMC,133310.00,A,3904.60215,N,11721.25829,E,0.133,,100724,,,A,V*17
$BDGGA,133310.00,3904.60215,N,11721.25829,E,1,06,4.51,20.2,M,-4.9,M,,*66
$BDGSA,A,3,06,08,16,23,32,39,,,,,,,8.54,4.51,7.25,4*01
$BDGSV,4,1,13,05,17,250,,06,68,313,26,07,12,180,19,08,32,203,23,1*77
$BDGSV,4,2,13,09,55,286,18,16,68,316,32,20,23,314,24,23,81,023,29,1*70
$BDGSV,4,3,13,25,28,051,21,32,75,269,29,37,82,021,,38,23,189,25,1*7F
$BDGSV,4,4,13,39,71,352,34,1*48
$BDGSV,2,1,05,20,23,314,23,23,81,023,30,32,75,269,32,38,23,189,22,3*7A
$BDGSV,2,2,05,39,71,352,39,3*40
$BDGLL,3904.60215,N,11721.25829,E,133310.00,A,A*75
$BDTXT,01,01,01,ANTENNA OK*24

-- Send QB4 Data OK......294


-- Build QB4 Data :2024,7,10 21-33-10   294






$BDZDA,133311.00,10,07,2024,00,00*77
$BDRMC,133311.00,A,3904.60207,N,11721.25820,E,0.120,,100724,,,A,V*1E
$BDGGA,133311.00,3904.60207,N,11721.25820,E,1,06,4.51,21.0,M,-4.9,M,,*6E
$BDGSA,A,3,06,08,16,23,32,39,,,,,,,8.54,4.51,7.25,4*01
$BDGSV,4,1,13,05,17,250,,06,68,313,26,07,12,180,19,08,32,203,23,1*77
$BDGSV,4,2,13,09,55,286,18,16,68,316,32,20,23,314,24,23,81,023,29,1*70
$BDGSV,4,3,13,25,28,051,21,32,75,269,29,37,82,021,,38,23,189,25,1*7F
$BDGSV,4,4,13,39,71,352,34,1*48
$BDGSV,2,1,05,20,23,314,22,23,81,023,30,32,75,269,32,38,23,189,22,3*7B
$BDGSV,2,2,05,39,71,352,39,3*40
$BDGLL,3904.60207,N,11721.25820,E,133311.00,A,A*7E
$BDTXT,01,01,01,ANTENNA OK*24
-- Send QB4 Data OK......294


-- Build QB4 Data :2024,7,10 21-33-11   294






$BDZDA,133312.00,10,07,2024,00,00*74
$BDRMC,133312.00,A,3904.60195,N,11721.25815,E,0.144,,100724,,,A,V*11
$BDGGA,133312.00,3904.60195,N,11721.25815,E,1,06,4.51,21.8,M,-4.9,M,,*6B
$BDGSA,A,3,06,08,16,23,32,39,,,,,,,8.53,4.51,7.24,4*07
$BDGSV,4,1,13,05,17,250,,06,68,313,26,07,12,180,18,08,32,203,23,1*76
$BDGSV,4,2,13,09,55,286,18,16,68,316,33,20,23,314,25,23,81,023,29,1*70
$BDGSV,4,3,13,25,28,051,21,32,75,269,29,37,82,021,,38,23,189,25,1*7F
$BDGSV,4,4,13,39,71,352,34,1*48
$BDGSV,2,1,05,20,23,314,22,23,81,023,30,32,75,269,32,38,23,189,23,3*7A
$BDGSV,2,2,05,39,71,352,39,3*40
$BDGLL,3904.60195,N,11721.25815,E,133312.00,A,A*73
$BDTXT,01,01,01,ANTENNA OK*24

-- Send QB4 Data OK......294


-- Build QB4 Data :2024,7,10 21-33-12   294






$BDZDA,133313.00,10,07,2024,00,00*75
$BDRMC,133313.00,A,3904.60190,N,11721.25810,E,0.008,,100724,,,A,V*19
$BDGGA,133313.00,3904.60190,N,11721.25810,E,1,06,4.51,22.8,M,-4.9,M,,*69
$BDGSA,A,3,06,08,16,23,32,39,,,,,,,8.53,4.51,7.24,4*07
$BDGSV,4,1,13,05,17,250,,06,68,313,27,07,12,180,19,08,32,203,25,1*70
$BDGSV,4,2,13,09,55,286,20,16,68,316,33,20,23,314,25,23,81,023,30,1*73
$BDGSV,4,3,13,25,28,051,22,32,75,269,30,37,82,021,,38,23,189,26,1*77
$BDGSV,4,4,13,39,71,352,35,1*49
$BDGSV,2,1,05,20,23,314,22,23,81,023,30,32,75,269,32,38,23,189,23,3*7A
$BDGSV,2,2,05,39,71,352,40,3*4E
$BDGLL,3904.60190,N,11721.25810,E,133313.00,A,A*72
$BDTXT,01,01,01,ANTENNA OK*24

-- Send QB4 Data OK......294


-- Build QB4 Data :2024,7,10 21-33-13   294






$BDZDA,133314.00,10,07,2024,00,00*72
$BDRMC,133314.00,A,3904.60170,N,11721.25806,E,0.083,,100724,,,A,V*14
$BDGGA,133314.00,3904.60170,N,11721.25806,E,1,06,4.50,23.8,M,-4.9,M,,*67
$BDGSA,A,3,06,08,16,23,32,39,,,,,,,8.53,4.50,7.24,4*06
$BDGSV,4,1,13,05,17,250,,06,68,313,27,07,12,180,20,08,32,203,25,1*7A
$BDGSV,4,2,13,09,55,286,19,16,68,316,33,20,23,314,25,23,81,023,30,1*79
$BDGSV,4,3,13,25,28,051,22,32,75,269,30,37,82,021,,38,23,189,26,1*77
$BDGSV,4,4,13,39,71,352,35,1*49
$BDGSV,2,1,05,20,23,314,23,23,81,023,30,32,75,269,32,38,23,189,22,3*7A
$BDGSV,2,2,05,39,71,352,40,3*4E
$BDGLL,3-- Send QB4 Data OK......294

904.60170,N,11721.25806,E,133314.00,A,A*7C
$BDTXT,01,01,01,ANTENNA OK*24

-- Build QB4 Data :2024,7,10 21-33-14   294


-- Send QB4 Data OK......294





$BDZDA,133315.00,10,07,2024,00,00*73
$BDRMC,133315.00,A,3904.60155,N,11721.25805,E,0.126,,100724,,,A,V*1F
$BDGGA,133315.00,3904.60155,N,11721.25805,E,1,06,4.50,24.5,M,-4.9,M,,*68
$BDGSA,A,3,06,08,16,23,32,39,,,,,,,8.53,4.50,7.24,4*06
$BDGSV,4,1,13,05,17,250,,06,68,313,26,07,12,180,20,08,32,203,24,1*7A
$BDGSV,4,2,13,09,55,286,19,16,68,316,32,20,23,314,24,23,81,023,29,1*71
$BDGSV,4,3,13,25,28,051,21,32,75,269,29,37,82,021,,38,23,189,25,1*7F
$BDGSV,4,4,13,39,71,352,34,1*48
$BDGSV,2,1,05,20,23,314,22,23,81,023,29,32,75,269,32,38,23,189,21,3*70
$BDGSV,2,2,05,39,71,352,38,3*41
$BDGLL,3904.60155,N,11721.25805,E,133315.00,A,A*79
$BDTXT,01,01,01,ANTENNA OK*24

-- Build QB4 Data :2024,7,10 21-33-15   294






$BDZDA,133316.00,10,07,2024,00,00*70
$BDRMC,133316.00,A,3904.60143,N,11721.25794,E,0.156,,100724,,,A,V*1B
$BDGGA,133316.00,3904.60143,N,11721.25794,E,1,06,4.50,25.4,M,-4.9,M,,*6B
$BDGSA,A,3,06,08,16,23,32,39,,,,,,,8.52,4.50,7.23,4*00
$BDGSV,4,1,13,05,17,250,,06,68,313,27,07,12,180,21,08,32,203,23,1*7D
$BDGSV,4,2,13,09,55,286,20,16,68,316,33,20,23,314,25,23,81,023,30,1*73
$BDGSV,4,3,13,25,28,051,22,32,75,269,30,37,82,021,,38,23,189,26,1*77
$BDGSV,4,4,13,39,71,352,35,1*49
$BDGSV,2,1,05,20,23,314,22,23,81,023,29,32,75,269,33,38,23,189,22,3*72
$BDGSV,2,2,05,39,71,352,40,3*4E
$BDGLL,3904.60143,N,11721.25794,E,133316.00,A,A*7A
$BDTXT,01,01,01,ANTENNA OK*24

-- Send QB4 Data OK......294


-- Build QB4 Data :2024,7,10 21-33-16   294






$BDZDA,133317.00,10,07,2024,00,00*71
$BDRMC,133317.00,A,3904.60132,N,11721.25788,E,0.171,,100724,,,A,V*14
$BDGGA,133317.00,3904.60132,N,11721.25788,E,1,06,4.50,26.3,M,-4.9,M,,*65
$BDGSA,A,3,06,08,16,23,32,39,,,,,,,8.52,4.50,7.23,4*00
$BDGSV,4,1,13,05,17,250,,06,68,313,27,07,12,180,21,08,32,203,24,1*7A
$BDGSV,4,2,13,09,55,286,20,16,68,316,33,20,23,314,25,23,81,023,30,1*73
$BDGSV,4,3,13,25,28,051,22,32,75,268,30,37,82,021,,38,23,189,26,1*76
$BDGSV,4,4,13,39,71,352,35,1*49
$BDGSV,2,1,05,20,23,314,21,23,81,023,29,32,75,268,32,38,23,189,22,3*71
$BDGSV,2,2,05,39,71,352,38,3*41
$BDGLL,3904.60132,N,11721.25788,E,133317.00,A,A*70
$BDTXT,01,01,01,ANTENNA OK*24

-- Send QB4 Data OK......294


-- Build QB4 Data :2024,7,10 21-33-17   294






$BDZDA,133318.00,10,07,2024,00,00*7E
$BDRMC,133318.00,A,3904.60117,N,11721.25764,E,0.216,,100724,,,A,V*1C
$BDGGA,133318.00,3904.60117,N,11721.25764,E,1,06,4.50,27.2,M,-4.9,M,,*6F
$BDGSA,A,3,06,08,16,23,32,39,,,,,,,8.52,4.50,7.23,4*00
$BDGSV,4,1,13,05,17,250,,06,68,313,27,07,12,180,20,08,32,203,25,1*7A
$BDGSV,4,2,13,09,55,286,20,16,68,316,33,20,23,314,25,23,81,023,31,1*72
$BDGSV,4,3,13,25,28,051,22,32,75,268,31,37,82,021,,38,23,189,26,1*77
$BDGSV,4,4,13,39,71,352,35,1-- Send QB4 Data OK......294

*49
$BDGSV,2,1,05,20,23,314,22,23,81,023,29,32,75,268,32,38,23,189,22,3*72
$BDGSV,2,2,05,39,71,352,39,3*40
$BDGLL,3904.60117,N,11721.25764,E,133318.00,A,A*7A
$BDTXT,01,01,01,ANTENNA OK*24

-- Build QB4 Data :2024,7,10 21-33-18   294






$BDZDA,133319.00,10,07,2024,00,00*7F
$BDRMC,133319.00,A,3904.60120,N,11721.25750,E,0.150,,100724,,,A,V*1F
$BDGGA,133319.00,3904.60120,N,11721.25750,E,1,06,4.50,28.0,M,-4.9,M,,*60
$BDGSA,A,3,06,08,16,23,32,39,,,,,,,8.52,4.50,7.23,4*00
$BDGSV,4,1,13,05,17,250,,06,68,313,26,07,12,180,20,08,32,203,24,1*7A
$BDGSV,4,2,13,09,55,286,20,16,68,316,32,20,23,314,24,23,81,023,31,1*72
$BDGSV,4,3,13,25,28,051,22,32,75,268,30,37,82,021,,38,23,189,26,1*76
$BDGSV,4,4,13,39,71,352,35,1*49
$BDGSV,2,1,05,20,23,314,22,23,81,023,28,32,75,268,32,38,23,189,22,3*73
$BDGSV,2,2,05,39,71,352,39,3*40
$BDGLL,3904.60120,N,11721.25750,E,133319.00,A,A*78
$BDTXT,01,01,01,ANTENNA OK*24

-- Send QB4 Data OK......294


-- Build QB4 Data :2024,7,10 21-33-19   294






$BDZDA,133320.00,10,07,2024,00,00*75
$BDRMC,133320.00,A,3904.60110,N,11721.25739,E,0.154,,100724,,,A,V*1D
$BDGGA,133320.00,3904.60110,N,11721.25739,E,1,06,4.50,28.8,M,-4.9,M,,*6E
$BDGSA,A,3,06,08,16,23,32,39,,,,,,,8.51,4.50,7.22,4*02
$BDGSV,4,1,13,05,17,250,,06,68,313,27,07,12,180,21,08,32,203,25,1*7B
$BDGSV,4,2,13,09,55,286,20,16,68,316,33,20,23,314,24,23,81,023,31,1*73
$BDGSV,4,3,13,25,28,051,21,32,75,268,30,37,82,021,,38,23,189,26,1*75
$BDGSV,4,4,13,39,71,352,35,1*49
$BDGSV,2,1,05,20,23,314,22,23,81,023,28,32,75,268,32,38,23,189,21,3*70
$BDGSV,2,2,05,39,71,352,39,3*40
$BDGLL,3904.60110,N,11721.25739,E,133320.00,A,A*7E
$BDTXT,01,01,01,ANTENNA OK*24

-- Send QB4 Data OK......294


-- Build QB4 Data :2024,7,10 21-33-20   294






$BDZDA,133321.00,10,07,2024,00,00*74
$BDRMC,133321.00,A,3904.60103,N,11721.25729,E,0.123,,100724,,,A,V*1F
$BDGGA,133321.00,3904.60103,N,11721.25729,E,1,06,4.50,29.6,M,-4.9,M,,*63
$BDGSA,A,3,06,08,16,23,32,39,,,,,,,8.51,4.50,7.22,4*02
$BDGSV,4,1,13,05,17,250,,06,68,313,26,07,12,180,20,08,32,203,24,1*7A
$BDGSV,4,2,13,09,55,286,20,16,68,316,32,20,23,314,24-- Send QB4 Data OK......294

,23,81,023,30,1*73
$BDGSV,4,3,13,25,28,051,21,32,75,268,29,37,82,021,,38,23,189,26,1*7D
$BDGSV,4,4,13,39,71,352,34,1*48
$BDGSV,2,1,05,20,23,314,21,23,81,023,28,32,75,268,32,38,23,189,20,3*72
$BDGSV,2,2,05,39,71,352,38,3*41
$BDGLL,3904.60103,N,11721.25729,E,133321.00,A,A*7C
$BDTXT,01,01,01,ANTENNA OK*24





$BDZDA,133322.00,10,07,2024,00,00*77
$BDRMC,133322.00,A,3904.60097,N,11721.25715,E,0.066,,100724,,,A,V*1F
$BDGGA,133322.00,3904.60097,N,11721.25715,E,1,06,4.50,30.5,M,-4.9,M,,*68
$BDGSA,A,3,06,08,16,23,32,39,,,,,,,8.51,4.50,7.22,4*02
$BDGSV,4,1,13,05,17,250,,06,68,313,27,07,12,180,21,08,32,203,25,1*7B
$BDGSV,4,2,13,09,55,286,21,16,68,316,34,20,23,314,24,23,81,023,32,1*76
$BDGSV,4,3,13,25,28,051,22,32,75,268,31,37,82,021,,38,23,189,27,1*76
$BDGSV,4,4,13,39,71,352,35,1*49
$BDGSV,2,1,05,20,23,314,23,23,81,023,28,32,75,268,33,38,23,189,20,3*71
$BDGSV,2,2,05,39,71,352,40,3*4E
$BDGLL,3904.60097,N,11721.25715,E,133322.00,A,A*7C
$BDTXT,01,01,01,ANTENNA OK*24





$BDZDA,133323.00,10,07,2024,00,00*76
$BDRMC,133323.00,A,3904.60088,N,11721.25693,E,0.052,,100724,,,A,V*18
$BDGGA,133323.00,3904.60088,N,11721.25693,E,1,06,4.50,31.3,M,-4.9,M,,*6F
$BDGSA,A,3,06,08,16,23,32,39,,,,,,,8.51,4.50,7.22,4*02
$BDGSV,4,1,13,05,17,250,,06,68,313,27,07,12,180,21,08,32,203,25,1*7B
$BDGSV,4,2,13,09,55,286,21,16,68,316,34,20,23,314,24,23,81,023,32,1*76
$BDGSV,4,3,13,25,28,051,23,32,75,268,31,37,82,021,,38,23,189,27,1*77
$BDGSV,4,4,13,39,71,352,36,1*4A
$BDGSV,2,1,05,20,23,314,24,23,81,023,29,32,75,268,33,38,23,189,20,3*77
$BDGSV,2,2,05,39,71,352,40,3*4E
$BDGLL,3904.60088,N,11721.25693,E,133323.00,A,A*7C
$BDTXT,01,01,01,ANTENNA OK*24

-- CRY_SIGN is error...






$BDZDA,133324.00,10,07,2024,00,00*71
$BDRMC,133324.00,A,3904.60076,N,11721.25688,E,0.074,,100724,,,A,V*10
$BDGGA,133324.00,3904.60076,N,11721.25688,E,1,06,4.50,32.3,M,-4.9,M,,*60
$BDGSA,A,3,06,08,16,23,32,39,,,,,,,8.50,4.50,7.21,4*00
$BDGSV,4,1,13,05,17,250,,06,68,313,27,07,12,180,21,08,32,203,25,1*7B
$BDGSV,4,2,13,09,55,286,21,16,68,316,33,20,23,314,25,23,81,023,31,1*73
$BDGSV,4,3,13,25,28,051,22,32,75,268,30,37,82,021,,38,23,189,27,1*77
$BDGSV,4,4,13,39,71,352,35,1*49
$BDGSV,2,1,05,20,23,314,23,23,81,023,28,32,75,268,32,38,23,189,21,3*71
$BDGSV,2,2,05,39,71,352,38,3*41
$BDGLL,3904.60076,N,11721.25688,E,133324.00,A,A*70
$BDTXT,01,01,01,ANTENNA OK*24

-- Build QB4 Data :2024,7,10 21-33-23   294


-- Send QB4 Data OK......294


-- Build QB4 Data :2024,7,10 21-33-24   294






$BDZDA,133325.00,10,07,2024,00,00*70
$BDRMC,133325.00,A,3904.60067,N,11721.25679,E,0.169,,100724,,,A,V*12
$BDGGA,133325.00,3904.60067,N,11721.25679,E,1,06,4.50,32.8,M,-4.9,M,,*64
$BDGSA,A,3,06,08,16,23,32,39,,,,,,,8.50,4.50,7.21,4*00
$BDGSV,4,1,13,05,17,250,,06,68,313,26,07,12,180,21,08,32,203,24,1*7B
$BDGSV,4,2,13,09,55,286,20,16,68,316,32,20,23,314,23,23,81,023,30,1*74
$BDGSV,4,3,13,25,28,051,21,32,75,268,26,37,82,021,,38,23,189,26,1*72
$BDGSV,4,4,13,39,71,352,35,1*49
$BDGSV,2,1,05,20,23,314,22,23,81,023,28,32,75,268,32,38,23,189,21,3*70
$BDGSV,2,2,05,39,71,352,40,3*4E
$BDGLL,3904.60067,N,11721.25679,E,133325.00,A,A*7F
$BDTXT,01,01,01,ANTENNA OK*24

-- Send QB4 Data OK......294


-- Build QB4 Data :2024,7,10 21-33-25   294






$BDZDA,133326.00,10,07,2024,00,00*73
$BDRMC,133326.00,A,3904.60055,N,11721.25669,E,0.156,,100724,,,A,V*1D
$BDGGA,133326.00,3904.60055,N,11721.25669,E,1,06,4.49,33.6,M,-4.9,M,,*60
$BDGSA,A,3,06,08,16,23,32,39,,,,,,,8.50,4.49,7.21,4*08
$BDGSV,4,1,13,05,17,250,,06,68,313,27,07,12,180,23,08,32,203,25,1*79
$BDGSV,4,2,13,09,55,286,21,16,68,316,33,20,23,314,24,23,81,023,31,1*72
$BDGSV,4,3,13,25,28,051,22,32,75,268,30,37,82,021,,38,23,189,27,1*77
$BDGSV,4,4,13,39,71,352,35,1*49
$BDGSV,2,1,05,20,23,314,23,23,81,023,29,32,75,268,33,38,23,189,22,3*72
$BDGSV,2,2,05,39,71,352,40,3*4E
$BDGLL,3904.60055,N,11721.25669,E,133326.00,A,A*7C
$BDTXT,01,01,01,ANTENNA OK*24

-- Send QB4 Data OK......294


-- Build QB4 Data :2024,7,10 21-33-26   294






$BDZDA,133327.00,10,07,2024,00,00*72
$BDRMC,133327.00,A,3904.60050,N,11721.25660,E,0.132,,100724,,,A,V*12
$BDGGA,133327.00,3904.60050,N,11721.25660,E,1,06,4.49,34.1,M,-4.9,M,,*6D
$BDGSA,A,3,06,08,16,23,32,39,,,,,,,8.50,4.49,7.21,4*08
$BDGSV,4,1,13,05,17,250,,06,68,313,27,07,12,180,23,08,32,203,25,1*79
$BDGSV,4,2,13,09,55,286,21,16,68,316,33,20,23,314,25,23,81,023,32,1*70
$BDGSV,4,3,13,25,28,051,22,32,75,268,31,37,82,021,,38,23,189,27,1*76
$BDGSV,4,4,13,39,71,352,35,1*49
$BDGSV,2,1,05,20,23,314,23,23,81,023,29,32,75,268,33,38,23,189,22,3*72
$BDGSV,2,2,05,39,71,352,40,3*4E
$BDGLL,3904.60050,N,11721.25660,E,133327.00,A,A*71
$BDTXT,01,01,01,ANTENNA OK*24
-- Send QB4 Data OK......294


-- Build QB4 Data :2024,7,10 21-33-27   294


-- Send QB4 Data OK......294





$BDZDA,133328.00,10,07,2024,00,00*7D
$BDRMC,133328.00,A,3904.60045,N,11721.25644,E,0.057,,100724,,,A,V*1D
$BDGGA,133328.00,3904.60045,N,11721.25644,E,1,06,4.49,35.0,M,-4.9,M,,*60
$BDGSA,A,3,06,08,16,23,32,39,,,,,,,8.49,4.49,7.20,4*01
$BDGSV,4,1,13,05,17,250,,06,68,313,27,07,12,180,23,08,32,203,25,1*79
$BDGSV,4,2,13,09,55,286,21,16,68,316,33,20,23,314,25,23,81,023,31,1*73
$BDGSV,4,3,13,25,28,051,22,32,75,268,30,37,82,021,,38,23,189,27,1*77
$BDGSV,4,4,13,39,71,352,35,1*49
$BDGSV,2,1,05,20,23,314,22,23,81,023,29,32,75,268,32,38,23,189,22,3*72
$BDGSV,2,2,05,39,71,352,38,3*41
$BDGLL,3904.60045,N,11721.25644,E,133328.00,A,A*7C
$BDTXT,01,01,01,ANTENNA OK*24

-- Build QB4 Data :2024,7,10 21-33-28   294






$BDZDA,133329.00,10,07,2024,00,00*7C
$BDRMC,133329.00,A,3904.60046,N,11721.25629,E,0.090,,100724,,,A,V*1F
$BDGGA,133329.00,3904.60046,N,11721.25629,E,1,06,4.49,35.6,M,-4.9,M,,*6F
$BDGSA,A,3,06,08,16,23,32,39,,,,,,,8.49,4.49,7.20,4*01
$BDGSV,4,1,13,05,17,250,,06,68,313,27,07,12,180,22,08,32,203,24,1*79
$BDGSV,4,2,13,09,55,286,20,16,68,316,33,20,23,314,25,23,81,023,31,1*72
$BDGSV,4,3,13,25,28,051,21,32,75,268,30,37,82,021,,38,23,189,27,1*74
$BDGSV,4,4,13,39,71,352,35,1*49
$BDGSV,2,1,05,20,23,314,22,23,81,023,28,32,75,268,32,38,23,189,21,3*70
$BDGSV,2,2,05,39,71,352,39,3*40
$BDGLL,3904.60046,N,11721.25629,E,133329.00,A,A*75
$BDTXT,01,01,01,ANTENNA OK*24

-- Send QB4 Data OK......294


-- Build QB4 Data :2024,7,10 21-33-29   294






$BDZDA,133330.00,10,07,2024,00,00*74
$BDRMC,133330.00,A,3904.60042,N,11721.25613,E,0.123,,100724,,,A,V*13
$BDGGA,133330.00,3904.60042,N,11721.25613,E,1,06,4.49,36.3,M,-4.9,M,,*6C
$BDGSA,A,3,06,08,16,23,32,39,,,,,,,8.49,4.49,7.20,4*01
$BDGSV,4,1,13,05,17,250,,06,68,313,27,07,12,180,21,08,32,203,24,1*7A
$BDGSV,4,2,13,09,55,286,20,16,68,316,32,20,23,314,25,23,81,023,31,1*73
$BDGSV,4,3,13,25,28,051,21,32,75,268,30,37,82,021,,38,23,189,26,1*75
$BDGSV,4,4,13,39,71,352,34,1*48
$BDGSV,2,1,05,20,23,314,21,23,81,023,27,32,75,268,32,38,23,189,20,3*7D
$BDGSV,2,2,05,39,71,352,38,3*41
$BDGLL,3904.60042,N,11721.25613,E,133330.00,A,A*70
$BDTXT,01,01,01,ANTENNA OK*24
-- Send QB4 Data OK......294


-- Build QB4 Data :2024,7,10 21-33-30   294


-- Send QB4 Data OK......294





$BDZDA,133331.00,10,07,2024,00,00*75
$BDRMC,133331.00,A,3904.60041,N,11721.25595,E,0.149,,100724,,,A,V*10
$BDGGA,133331.00,3904.60041,N,11721.25595,E,1,06,4.49,36.9,M,-4.9,M,,*69
$BDGSA,A,3,06,08,16,23,32,39,,,,,,,8.49,4.49,7.20,4*01
$BDGSV,4,1,13,05,17,250,,06,68,313,27,07,12,180,21,08,32,203,25,1*7B
$BDGSV,4,2,13,09,55,286,21,16,68,316,33,20,23,314,25,23,81,023,32,1*70
$BDGSV,4,3,13,25,28,051,21,32,75,268,31,37,82,021,,38,23,189,27,1*75
$BDGSV,4,4,13,39,71,352,35,1*49
$BDGSV,2,1,05,20,23,314,22,23,81,023,28,32,75,268,33,38,23,189,20,3*70
$BDGSV,2,2,05,39,71,352,40,3*4E
$BDGLL,3904.60041,N,11721.25595,E,133331.00,A,A*7F
$BDTXT,01,01,01,ANTENNA OK*24

-- Build QB4 Data :2024,7,10 21-33-31   294






$BDZDA,133332.00,10,07,2024,00,00*76
$BDRMC,133332.00,A,3904.60035,N,11721.25576,E,0.133,,100724,,,A,V*10
$BDGGA,133332.00,3904.60035,N,11721.25576,E,1,06,4.49,37.6,M,-4.9,M,,*6A
$BDGSA,A,3,06,08,16,23,32,39,,,,,,,8.48,4.49,7.20,4*00
$BDGSV,4,1,13,05,17,250,,06,68,313,28,07,12,180,22,08,32,203,25,1*77
$BDGSV,4,2,13,09,55,286,21,16,68,316,34,20,23,314,26,23,81,023,33,1*75
$BDGSV,4,3,13,25,28,051,22,32,75,268,32,37,82,021,,38,23,189,28,1*7A
$BDGSV,4,4,13,39,71,352,36,1*4A
$BDGSV,2,1,05,20,23,314,23,23,81,023,28,32,75,268,34,38,23,189,21,3*77
$BDGSV,2,2,05,39,71,352,40,3*4E
$BDGLL,3904.60035,N,11721.25576,E,133332.00,A,A*72
$BDTXT,01,01,01,ANTENNA OK*24

-- Send QB4 Data OK......294


-- Build QB4 Data :2024,7,10 21-33-32   294






$BDZDA,133333.00,10,07,2024,00,00*77
$BDRMC,133333.00,A,3904.60024,N,11721.25560,E,0.293,,100724,,,A,V*1F
$BDGGA,133333.00,3904.60024,N,11721.25560,E,1,07,4.11,38.0,M,-4.9,M,,*69
$BDGSA,A,3,06,08,16,23,32,38,39,,,,,,6.97,4.11,5.63,4*0F
$BDGSV,4,1,13,05,17,250,,06,68,313,27,07,12,180,22,08,32,203,25,1*78
$BDGSV,4,2,13,09,55,286,21,16,68,316,34,20,23,314,25,23,81,023,33,1*76
$BDGSV,4,3,13,25,28,051,22,32,75,268,32,37,82,021,,38,21,191,27,1*7E
$BDGSV,4,4,13,39,71,352,36-- Send QB4 Data OK......294

,1*4A
$BDGSV,2,1,05,20,23,314,23,23,81,023,28,32,75,268,33,38,21,191,21,3*7B
$BDGSV,2,2,05,39,71,352,40,3*4E
$BDGLL,3904.60024,N,11721.25560,E,133333.00,A,A*74
$BDTXT,01,01,01,ANTENNA OK*24

-- Build QB4 Data :2024,7,10 21-33-33   294






$BDZDA,133334.00,10,07,2024,00,00*70
$BDRMC,133334.00,A,3904.60014,N,11721.25553,E,0.307,,100724,,,A,V*17
$BDGGA,133334.00,3904.60014,N,11721.25553,E,1,07,4.11,38.5,M,-4.9,M,,*68
$BDGSA,A,3,06,08,16,23,32,38,39,,,,,,6.97,4.11,5.63,4*0F
$BDGSV,4,1,13,05,17,250,,06,68,313,26,07,12,180,20,08,32,203,24,1*7A
$BDGSV,4,2,13,09,55,286,19,16,68,316,28,20,23,314,24,23,81,023,27,1*74
$BDGSV,4,3,13,25,28,051,21,32,75,268,25,37,82,021,,38,21,191,27,1*7B
$BDGSV,4,4,13,39,71,352,32,1*4E
$BDGSV,2,1,05,20,23,314,21,23,81,023,27,32,75,268,28,38,21,191,19,3*77
$BDGSV,2,2,05,39,71,352,38,3*41
$BDGLL,3904.60014,N,11721.25553,E,133334.00,A,A*70
$BDTXT,01,01,01,ANTENNA OK*24

-- Send QB4 Data OK......294


-- Build QB4 Data :2024,7,10 21-33-34   294






$BDZDA,133335.00,10,07,2024,00,00*71
$BDRMC,133335.00,A,3904.60007,N,11721.25556,E,0.215,,100724,,,A,V*13
$BDGGA,133335.00,3904.60007,N,11721.25556,E,1,07,4.11,38.9,M,-4.9,M,,*62
$BDGSA,A,3,06,08,16,23,32,38,39,,,,,,6.97,4.11,5.63,4*0F
$BDGSV,4,1,13,05,17,250,,06,68,313,27,07,12,180,21,08,32,203,25,1*7B
$BDGSV,4,2,13,09,55,286,19,16,68,316,33,20,23,314,24,23,81,023,32,1*7A
$BDGSV,4,3,13,25,28,051,21,32,75,268,32,37,82,021,,38,21,191,27,1*7D
$BDGSV,4,4,13,39,71,352,35,1*49
$BDGSV,2,1,05,20,23,314,21,23,81,023,28,32,75,268,33,38,21,191,20,3*78
$BDGSV,2,2,05,39,71,352,40,3*4E
$BDGLL,3904.60007,N,11721.25556,E,133335.00,A,A*76
$BDTXT,01,01,01,ANTENNA OK*24

-- Send QB4 Data OK......294


-- Build QB4 Data :2024,7,10 21-33-35   294






$BDZDA,133336.00,10,07,2024,00,00*72
$BDRMC,133336.00,A,3904.59998,N,11721.25556,E,0.225,,100724,,,A,V*16
$BDGGA,133336.00,3904.59998,N,11721.25556,E,1,07,4.11,39.5,M,-4.9,M,,*69
$BDGSA,A,3,06,08,16,23,32,38,39,,,,,,6.97,4.11,5.63,4*0F
$BDGSV,4,1,13,05,17,250,,06,68,313,27,07,12,180,22,08,32,203,25,1*78
$BDGSV,4,2,13,09,55,286,20,16,68,316,33,20,23,314,-- Send QB4 Data OK......294

25,23,81,023,32,1*71
$BDGSV,4,3,13,25,28,051,21,32,75,268,31,37,82,021,,38,21,191,27,1*7E
$BDGSV,4,4,13,39,71,352,35,1*49
$BDGSV,2,1,05,20,23,314,22,23,81,023,28,32,75,268,33,38,21,191,21,3*7A
$BDGSV,2,2,05,39,71,352,40,3*4E
$BDGLL,3904.59998,N,11721.25556,E,133336.00,A,A*70
$BDTXT,01,01,01,ANTENNA OK*24

-- Build QB4 Data :2024,7,10 21-33-36   294






$BDZDA,133337.00,10,07,2024,00,00*73
$BDRMC,133337.00,A,3904.59991,N,11721.25558,E,0.264,,100724,,,A,V*15
$BDGGA,133337.00,3904.59991,N,11721.25558,E,1,07,4.11,40.0,M,-4.9,M,,*64
$BDGSA,A,3,06,08,16,23,32,38,39,,,,,,6.97,4.11,5.62,4*0E
$BDGSV,4,1,13,05,17,250,,06,68,313,27,07,12,180,23,08,32,203,25,1*79
$BDGSV,4,2,13,09,55,286,21,16,68,316,33,20,23,314,25,23,81,023,32,1*70
$BDGSV,4,3,13,25,28,051,22,32,75,268,31,37,82,021,,38,21,191,27,1*7D
$BDGSV,4,4,13,39,71,352,35,1*49
$BDGSV,2,1,05,20,23,314,22,23,81,023,28,32,75,268,33,38,21,191,21,3*7A
$BDGSV,2,2,05,39,71,352,40,3*4E
$BDGLL,3904.59991,N,11721.25558,E,133337.00,A,A*76
$BDTXT,01,01,01,ANTENNA OK*24

-- Send QB4 Data OK......294


-- Build QB4 Data :2024,7,10 21-33-37   294






$BDZDA,133338.00,10,07,2024,00,00*7C
$BDRMC,133338.00,A,3904.59983,N,11721.25556,E,0.226,,100724,,,A,V*11
$BDGGA,133338.00,3904.59983,N,11721.25556,E,1,07,4.11,40.6,M,-4.9,M,,*60
$BDGSA,A,3,06,08,16,23,32,38,39,,,,,,6.97,4.11,5.62,4*0E
$BDGSV,4,1,13,05,17,250,,06,68,313,26,07,12,180,22,08,32,203,25,1*79
$BDGSV,4,2,13,09,55,286,20,16,68,316,33,20,23,314,25,23,81,023,32,1*71
$BDGSV,4,3,13,25,28,051,22,32,75,268,31,37,82,021,,38,21,191,27,1*7D
$BDGSV,4,4,13,39,71,352,35,1*49
$BDGSV,2,1,05,20,23,314,21,23,81,023,28,32,75,268,32,38,21,191,20,3*79
$BDGSV,2,2,05,39,71,352,39,3*40
$BDGLL,3904.59983,N,11721.25556,E,133338.00,A,A*74
$BDTXT,01,01,01,ANTENNA OK*24

-- Send QB4 Data OK......294


-- Build QB4 Data :2024,7,10 21-33-38   294






$BDZDA,133339.00,10,07,2024,00,00*7D
$BDRMC,133339.00,A,3904.59977,N,11721.25550,E,0.250,,100724,,,A,V*1C
$BDGGA,133339.00,3904.59977,N,11721.25550,E,1,07,4.11,41.1,M,-4.9,M,,*6A
$BDGSA,A,3,06,08,16,23,32,38,39,,,,,,6.97,4.11,5.62,4*0E
$B-- Send QB4 Data OK......294

DGSV,4,1,13,05,17,250,,06,68,313,26,07,12,180,22,08,32,203,25,1*79
$BDGSV,4,2,13,09,55,286,20,16,68,317,32,20,23,314,25,23,81,023,32,1*71
$BDGSV,4,3,13,25,28,051,21,32,75,268,31,37,82,021,,38,21,191,27,1*7E
$BDGSV,4,4,13,39,71,352,35,1*49
$BDGSV,2,1,05,20,23,314,21,23,81,023,27,32,75,268,32,38,21,191,19,3*7C
$BDGSV,2,2,05,39,71,352,39,3*40
$BDGLL,3904.59977,N,11721.25550,E,133339.00,A,A*78
$BDTXT,01,01,01,ANTENNA OK*24

-- Build QB4 Data :2024,7,10 21-33-39   294






$BDZDA,133340.00,10,07,2024,00,00*73
$BDRMC,133340.00,A,3904.59972,N,11721.25545,E,0.246,,100724,,,A,V*14
$BDGGA,133340.00,3904.59972,N,11721.25545,E,1,07,4.11,41.6,M,-4.9,M,,*62
$BDGSA,A,3,06,08,16,23,32,38,39,,,,,,6.97,4.11,5.62,4*0E
$BDGSV,4,1,13,05,17,250,,06,68,313,27,07,12,180,22,08,32,203,25,1*78
$BDGSV,4,2,13,09,55,286,20,16,68,317,32,20,23,314,24,23,81,023,32,1*70
$BDGSV,4,3,13,25,28,051,20,32,75,268,30,37,82,021,,38,21,191,27,1*7E
$BDGSV,4,4,13,39,71,352,34,1*48
$BDGSV,2,1,05,20,23,314,21,23,81,023,27,32,75,268,32,38,21,191,19,3*7C
$BDGSV,2,2,05,39,71,352,38,3*41
$BDGLL,3904.59972,N,11721.25545,E,133340.00,A,A*77
$BDTXT,01,01,01,ANTENNA OK*24

-- Send QB4 Data OK......294


-- Build QB4 Data :2024,7,10 21-33-40   294






$BDZDA,133341.00,10,07,2024,00,00*72
$BDRMC,133341.00,A,3904.59968,N,11721.25537,E,0.227,,100724,,,A,V*1C
$BDGGA,133341.00,3904.59968,N,11721.25537,E,1,07,4.11,42.1,M,-4.9,M,,*69
$BDGSA,A,3,06,08,16,23,32,38,39,,,,,,6.96,4.11,5.62,4*0F
$BDGSV,4,1,13,05,17,250,,06,68,313,27,07,12,180,22,08,32,203,25,1*78
$BDGSV,4,2,13,09,55,286,20,16,68,317,33,20,23,314,25,23,81,023,33,1*71
$BDGSV,4,3,13,25,28,051,21,32,75,268,32,37,82,021,,38,21,191,27,1*7D
$BDGSV,4,4,13,39,71,352,36,1*4A
$BDGSV,2,1,05,20,23,314,21,23,81,023,27,32,75,268,33,38,21,191,20,3*77
$BDGSV,2,2,05,39,71,352,39,3*40
$BDGLL,3904.59968,N,11721.25537,E,133341.00,A,A*78
$BDTXT,01,01,01,ANTENNA OK*24

-- Send QB4 Data OK......294


-- Build QB4 Data :2024,7,10 21-33-41   294






$BDZDA,133342.00,10,07,2024,00,00*71
$BDRMC,133342.00,A,3904.59965,N,11721.25531,E,0.251,,100724,,,A,V*15
$BDGGA,133342.00-- Send QB4 Data OK......294

,3904.59965,N,11721.25531,E,1,07,4.11,42.4,M,-4.9,M,,*64
$BDGSA,A,3,06,08,16,23,32,38,39,,,,,,6.96,4.11,5.62,4*0F
$BDGSV,4,1,13,05,17,250,,06,68,313,27,07,12,180,22,08,32,203,25,1*78
$BDGSV,4,2,13,09,55,286,21,16,68,317,34,20,23,314,25,23,81,023,33,1*77
$BDGSV,4,3,13,25,28,051,22,32,75,268,32,37,82,021,,38,21,191,28,1*71
$BDGSV,4,4,13,39,71,352,36,1*4A
$BDGSV,2,1,05,20,23,314,22,23,81,023,28,32,75,268,33,38,21,191,20,3*7B
$BDGSV,2,2,05,39,71,352,39,3*40
$BDGLL,3904.59965,N,11721.25531,E,133342.00,A,A*70
$BDTXT,01,01,01,ANTENNA OK*24

-- Build QB4 Data :2024,7,10 21-33-42   294






$BDZDA,133343.00,10,07,2024,00,00*70
$BDRMC,133343.00,A,3904.59962,N,11721.25517,E,0.235,,100724,,,A,V*15
$BDGGA,133343.00,3904.59962,N,11721.25517,E,1,07,4.11,42.8,M,-4.9,M,,*6A
$BDGSA,A,3,06,08,16,23,32,38,39,,,,,,6.96,4.11,5.62,4*0F
$BDGSV,4,1,13,05,17,250,,06,68,313,27,07,12,180,21,08,32,203,25,1*7B
$BDGSV,4,2,13,09,55,286,20,16,68,317,33,20,23,314,24,23,81,023,32,1*71
$BDGSV,4,3,13,25,28,051,20,32,75,268,31,37,82,021,,38,21,191,27,1*7F
$BDGSV,4,4,13,39,71,352,35,1*49
$BDGSV,2,1,05,20,23,314,22,23,81,023,28,32,75,268,33,38,21,191,20,3*7B
$BDGSV,2,2,05,39,71,352,39,3*40
$BDGLL,3904.59962,N,11721.25517,E,133343.00,A,A*72
$BDTXT,01,01,01,ANTENNA OK*24

-- Send QB4 Data OK......294


-- Build QB4 Data :2024,7,10 21-33-43   294






$BDZDA,133344.00,10,07,2024,00,00*77
$BDRMC,133344.00,A,3904.59962,N,11721.25504,E,0.212,,100724,,,A,V*15
$BDGGA,133344.00,3904.59962,N,11721.25504,E,1,07,4.11,43.1,M,-4.9,M,,*67
$BDGSA,A,3,06,08,16,23,32,38,39,,,,,,6.96,4.11,5.62,4*0F
$BDGSV,4,1,13,05,17,250,,06,68,313,26,07,12,180,20,08,32,203,24,1*7A
$BDGSV,4,2,13,09,55,286,19,16,68,317,33,20,23,314,24,23,81,023,32,1*7B
$BDGSV,4,3,13,25,28,051,20,32,75,268,28,37,82,021,,38,21,191,26,1*76
$BDGSV,4,4,13,39,71,352,35,1*49
$BDGSV,2,1,05,20,23,314,21,23,81,023,27,32,75,268,33,38,21,191,20,3*77
$BDGSV,2,2,05,39,71,352,39,3*40
$BDGLL,3904.59962,N,11721.25504,E,133344.00,A,A*77
$BDTXT,01,01,01,ANTENNA OK*24

-- Send QB4 Data OK......294


-- Build QB4 Data :2024,7,10 21-33-44   294


-- Send QB4 Data OK......294





$BDZDA,133345.00,10,07,2024,00,00*76
$BDRMC,133345.00,A,3904.59959,N,11721.25496,E,0.218,,100724,,,A,V*1C
$BDGGA,133345.00,3904.59959,N,11721.25496,E,1,07,4.11,43.4,M,-4.9,M,,*61
$BDGSA,A,3,06,08,16,23,32,38,39,,,,,,6.96,4.11,5.61,4*0C
$BDGSV,4,1,13,05,17,250,,06,68,313,26,07,12,180,21,08,32,203,24,1*7B
$BDGSV,4,2,13,09,55,286,19,16,68,317,33,20,23,314,25,23,81,023,32,1*7A
$BDGSV,4,3,13,25,28,051,20,32,75,268,32,37,82,021,,38,21,191,27,1*7C
$BDGSV,4,4,13,39,71,352,35,1*49
$BDGSV,2,1,05,20,23,314,21,23,81,023,28,32,75,268,33,38,21,191,20,3*78
$BDGSV,2,2,05,39,71,352,40,3*4E
$BDGLL,3904.59959,N,11721.25496,E,133345.00,A,A*74
$BDTXT,01,01,01,ANTENNA OK*24

-- Build QB4 Data :2024,7,10 21-33-45   294






$BDZDA,133346.00,10,07,2024,00,00*75
$BDRMC,133346.00,A,3904.59963,N,11721.25488,E,0.204,,100724,,,A,V*14
$BDGGA,133346.00,3904.59963,N,11721.25488,E,1,07,4.11,43.5,M,-4.9,M,,*65
$BDGSA,A,3,06,08,16,23,32,38,39,,,,,,6.96,4.11,5.61,4*0C
$BDGSV,4,1,13,05,17,250,,06,68,313,26,07,12,180,20,08,32,203,24,1*7A
$BDGSV,4,2,13,09,55,286,19,16,68,317,33,20,23,314,25,23,81,023,33,1*7B
$BDGSV,4,3,13,25,28,051,20,32,75,268,32,37,82,021,,38,21,191,27,1*7C
$BDGSV,4,4,13,39,71,352,35,1*49
$BDGSV,2,1,05,20,23,314,22,23,81,023,28,32,75,268,33,38,21,191,21,3*7A
$BDGSV,2,2,05,39,71,352,40,3*4E
$BDGLL,3904.59963,N,11721.25488,E,133346.00,A,A*71
$BDTXT,01,01,01,ANTENNA OK*24

-- Send QB4 Data OK......294


-- Build QB4 Data :2024,7,10 21-33-46   294






$BDZDA,133347.00,10,07,2024,00,00*74
$BDRMC,133347.00,A,3904.59967,N,11721.25482,E,0.262,,100724,,,A,V*1B
$BDGGA,133347.00,3904.59967,N,11721.25482,E,1,07,4.11,43.5,M,-4.9,M,,*6A
$BDGSA,A,3,06,08,16,23,32,38,39,,,,,,6.96,4.11,5.61,4*0C
$BDGSV,4,1,13,05,17,250,,06,68,313,26,07,12,180,20,08,32,203,24,1*7A
$BDGSV,4,2,13,09,55,286,19,16,68,317,33,20,23,314,24,23,81,023,32,1*7B
$BDGSV,4,3,13,25,28,051,20,32,75,268,32,37,82,021,,38,21,191,27,1*7C
$BDGSV,4,4,13,39,71,352,35,1*49
$BDGSV,2,1,05,20,23,314,22,23,81,023,28,32,75,268,33,38,21,191,20,3*7B
$BDGSV,2,2,05,39,71,352,40,3*4E
$BDGLL,3904.59967,N,11721.25482,E,133347.00,A,A*7E
$BDTXT,01,01,01,ANTENNA OK*24
-- Send QB4 Data OK......294


-- Build QB4 Data :2024,7,10 21-33-47   294






$BDZDA,133348.00,10,07,2024,00,00*7B
$BDRMC,133348.00,A,3904.59972,N,11721.25474,E,0.214,,100724,,,A,V*18
$BDGGA,133348.00,3904.59972,N,11721.25474,E,1,07,4.11,43.5,M,-4.9,M,,*68
$BDGSA,A,3,06,08,16,23,32,38,39,,,,,,6.96,4.11,5.61,4*0C
$BDGSV,4,1,13,05,17,250,,06,68,313,26,07,12,180,20,08,32,203,24,1*7A
$BDGSV,4,2,13,09,55,286,19,16,68,317,32,20,23,314,23,23,81,023,32,1*7D
$BDGSV,4,3,13,25,28,051,20,32,75,268,32,37,82,021,,38,21,191,27,1*7C
$BDGSV,4,4,13,39,71,352,35,1*49
$BDGSV,2,1,05,20,23,314,21,23,81,023,28,32,75,268,33,38,21,191,21,3*79
$BDGSV,2,2,05,39,71,352,40,3*4E
$BDGLL,3904.59972,N,11721.25474,E,133348.00,A,A*7C
$BDTXT,01,01,01,ANTENNA OK*24

-- Send QB4 Data OK......294


-- Build QB4 Data :2024,7,10 21-33-48   294






$BDZDA,133349.00,10,07,2024,00,00*7A
$BDRMC,133349.00,A,3904.59976,N,11721.25475,E,0.199,,100724,,,A,V*1A
$BDGGA,133349.00,3904.59976,N,11721.25475,E,1,07,4.11,43.4,M,-4.9,M,,*6D
$BDGSA,A,3,06,08,16,23,32,38,39,,,,,,6.95,4.11,5.61,4*0F
$BDGSV,4,1,13,05,17,250,,06,68,313,26,07,12,180,20,08,32,203,24,1*7A
$BDGSV,4,2,13,09,55,286,19,16,68,317,32,20,23,314,24,23,81,023,32,1*7A
$BDGSV,4,3,13,25,28,051,21,32,75,268,32,37,82,021,,38,21,191,27,1*7D
$BDGSV,4,4,13,39,71,352,35,1*49
$BDGSV,2,1,05,20,23,314,20,23,81,023,28,32,75,268,33,38,21,191,20,3*79
$BDGSV,2,2,05,39,71,352,40,3*4E
$BDGLL,3904.59976,N,11721.25475,E,133349.00,A,A*78
$BDTXT,01,01,01,ANTENNA OK*24

-- Send QB4 Data OK......294


-- Build QB4 Data :2024,7,10 21-33-49   294






$BDZDA,133350.00,10,07,2024,00,00*72
$BDRMC,133350.00,A,3904.59985,N,11721.25470,E,0.134,,100724,,,A,V*1C
$BDGGA,133350.00,3904.59985,N,11721.25470,E,1,07,4.11,43.2,M,-4.9,M,,*6A
$BDGSA,A,3,06,08,16,23,32,38,39,,,,,,6.95,4.11,5.61,4*0F
$BDGSV,4,1,13,05,17,250,,06,68,313,26,07,12,180,20,08,32,203,24,1*7A
$BDGSV,4,2,13,09,55,286,19,16,68,317,32,20,23,314,25,23,81,023,33,1*7A
$BDGSV,4,3,13,25,28,051,21,32,75,268,32,37,82,021,,38,21,191,27,1*7D
$BDGSV,4,4,13,39,71,352,35,1*49
$BDGSV,2,1,05,20,23,314,20,23,81,023,28,32,75,268,33,38,21,191,19,3*73
$BDGSV,2,2,05,39,71,352,40,3*4E
$BDGLL-- Send QB4 Data OK......294

,3904.59985,N,11721.25470,E,133350.00,A,A*79
$BDTXT,01,01,01,ANTENNA OK*24

-- Build QB4 Data :2024,7,10 21-33-50   294






$BDZDA,133351.00,10,07,2024,00,00*73
$BDRMC,133351.00,A,3904.59988,N,11721.25467,E,0.242,,100724,,,A,V*14
$BDGGA,133351.00,3904.59988,N,11721.25467,E,1,07,4.11,43.0,M,-4.9,M,,*62
$BDGSA,A,3,06,08,16,23,32,38,39,,,,,,6.95,4.11,5.61,4*0F
$BDGSV,4,1,13,05,17,250,,06,68,313,27,07,12,180,20,08,32,203,24,1*7B
$BDGSV,4,2,13,09,55,286,20,16,68,317,32,20,23,314,25,23,81,023,33,1*70
$BDGSV,4,3,13,25,28,051,21,32,75,268,32,37,82,021,,38,21,191,27,1*7D
$BDGSV,4,4,13,39,71,352,35,1*49
$BDGSV,2,1,05,20,23,314,20,23,81,023,28,32,75,268,33,38,21,191,19,3*73
$BDGSV,2,2,05,39,71,352,40,3*4E
$BDGLL,3904.59988,N,11721.25467,E,133351.00,A,A*73
$BDTXT,01,01,01,ANTENNA OK*24

-- Send QB4 Data OK......294


-- Build QB4 Data :2024,7,10 21-33-51   294






$BDZDA,133352.00,10,07,2024,00,00*70
$BDRMC,133352.00,A,3904.59993,N,11721.25463,E,0.202,,100724,,,A,V*1D
$BDGGA,133352.00,3904.59993,N,11721.25463,E,1,07,4.11,42.9,M,-4.9,M,,*67
$BDGSA,A,3,06,08,16,23,32,38,39,,,,,,6.95,4.11,5.61,4*0F
$BDGSV,4,1,13,05,17,250,,06,68,313,27,07,12,180,21,08,32,203,24,1*7A
$BDGSV,4,2,13,09,55,286,20,16,68,317,33,20,23,314,24,23,81,023,33,1*70
$BDGSV,4,3,13,25,28,051,21,32,75,267,32,37,82,021,,38,21,191,28,1*7D
$BDGSV,4,4,13,39,71,352,35,1*49
$BDGSV,2,1,05,20,23,314,20,23,81,023,28,32,75,267,33,38,21,191,19,3*7C
$BDGSV,2,2,05,39,71,352,40,3*4E
$BDGLL,3904.59993,N,11721.25463,E,133352.00,A,A*7E
$BDTXT,01,01,01,ANTENNA OK*24

-- Send QB4 Data OK......294


-- Build QB4 Data :2024,7,10 21-33-52   294






$BDZDA,133353.00,10,07,2024,00,00*71
$BDRMC,133353.00,A,3904.59998,N,11721.25460,E,0.195,,100724,,,A,V*19
$BDGGA,133353.00,3904.59998,N,11721.25460,E,1,07,4.11,42.8,M,-4.9,M,,*6F
$BDGSA,A,3,06,08,16,23,32,38,39,,,,,,6.95,4.11,5.60,4*0E
$BDGSV,4,1,13,05,17,250,,06,68,313,27,07,12,180,20,08,32,203,25,1*7A
$BDGSV,4,2,13,09,55,286,21,16,68,317,29,20,23,314,25,23,81,023,30,1*78
$BDGSV,4,3,13,25,28,051,21,32,75,267,32,37,82,021,,38,21,191,28,1*7D
$BDGSV,4,4,13,39,71,352,32-- Send QB4 Data OK......294

,1*4E
$BDGSV,2,1,05,20,23,314,20,23,81,023,28,32,75,267,33,38,21,191,19,3*7C
$BDGSV,2,2,05,39,71,352,38,3*41
$BDGLL,3904.59998,N,11721.25460,E,133353.00,A,A*77
$BDTXT,01,01,01,ANTENNA OK*24

-- Build QB4 Data :2024,7,10 21-33-53   294


-- Send QB4 Data OK......294





$BDZDA,133354.00,10,07,2024,00,00*76
$BDRMC,133354.00,A,3904.60000,N,11721.25456,E,0.158,,100724,,,A,V*18
$BDGGA,133354.00,3904.60000,N,11721.25456,E,1,07,4.11,42.8,M,-4.9,M,,*6F
$BDGSA,A,3,06,08,16,23,32,38,39,,,,,,6.95,4.11,5.60,4*0E
$BDGSV,4,1,13,05,17,250,,06,68,313,27,07,12,180,21,08,32,203,24,1*7A
$BDGSV,4,2,13,09,55,286,21,16,68,317,33,20,23,314,24,23,81,023,34,1*76
$BDGSV,4,3,13,25,28,051,21,32,75,267,33,37,82,021,,38,21,191,28,1*7C
$BDGSV,4,4,13,39,71,352,36,1*4A
$BDGSV,1,1,04,20,23,314,19,23,81,023,28,32,75,267,33,39,71,352,40,3*71
$BDGLL,3904.60000,N,11721.25456,E,133354.00,A,A*77
$BDTXT,01,01,01,ANTENNA OK*24

-- Build QB4 Data :2024,7,10 21-33-54   294






$BDZDA,133355.00,10,07,2024,00,00*77
$BDRMC,133355.00,A,3904.60010,N,11721.25446,E,0.210,,100724,,,A,V*16
$BDGGA,133355.00,3904.60010,N,11721.25446,E,1,07,4.11,42.3,M,-4.9,M,,*65
$BDGSA,A,3,06,08,16,23,32,38,39,,,,,,6.95,4.11,5.60,4*0E
$BDGSV,4,1,13,05,17,250,,06,68,313,27,07,12,180,21,08,32,203,24,1*7A
$BDGSV,4,2,13,09,55,286,20,16,68,317,33,20,24,314,24,23,81,023,33,1*77
$BDGSV,4,3,13,25,28,051,21,32,75,267,33,37,82,021,,38,21,191,28,1*7C
$BDGSV,4,4,13,39,71,352,35,1*49
$BDGSV,1,1,04,20,24,314,19,23,81,023,28,32,75,267,33,39,71,352,39,3*78
$BDGLL,3904.60010,N,11721.25446,E,133355.00,A,A*76
$BDTXT,01,01,01,ANTENNA OK*24

-- Send QB4 Data OK......294


-- Build QB4 Data :2024,7,10 21-33-55   294






$BDZDA,133356.00,10,07,2024,00,00*74
$BDRMC,133356.00,A,3904.60015,N,11721.25443,E,0.211,,100724,,,A,V*14
$BDGGA,133356.00,3904.60015,N,11721.25443,E,1,07,4.10,42.1,M,-4.9,M,,*65
$BDGSA,A,3,06,08,16,23,32,38,39,,,,,,6.95,4.10,5.60,4*0F
$BDGSV,4,1,13,05,17,250,,06,68,313,27,07,12,180,22,08,32,203,25,1*78
$BDGSV,4,2,13,09,55,286,20,16,68,317,33,20,24,314,25,23,81,023,34,1*71
$BDGSV,4,3,13,25,28,051,21,32,75,267,33,37,82,021,,38,21,191,28,1*7C
$BDGSV,4,4,13,39,71,352,36-- Send QB4 Data OK......294

,1*4A
$BDGSV,1,1,04,20,24,314,20,23,81,023,28,32,75,267,33,39,71,352,40,3*7C
$BDGLL,3904.60015,N,11721.25443,E,133356.00,A,A*75
$BDTXT,01,01,01,ANTENNA OK*24

-- Build QB4 Data :2024,7,10 21-33-56   294






$BDZDA,133357.00,10,07,2024,00,00*75
$BDRMC,133357.00,A,3904.60023,N,11721.25450,E,0.204,,100724,,,A,V*16
$BDGGA,133357.00,3904.60023,N,11721.25450,E,1,07,4.10,41.7,M,-4.9,M,,*66
$BDGSA,A,3,06,08,16,23,32,38,39,,,,,,6.94,4.10,5.60,4*0E
$BDGSV,4,1,13,05,17,250,,06,68,313,27,07,12,180,21,08,32,203,24,1*7A
$BDGSV,4,2,13,09,55,286,20,16,68,317,32,20,24,314,24,23,81,023,33,1*76
$BDGSV,4,3,13,25,28,051,20,32,75,267,32,37,82,021,,38,21,191,28,1*7C
$BDGSV,4,4,13,39,71,352,35,1*49
$BDGSV,1,1,04,20,24,314,20,23,81,023,28,32,75,267,33,39,71,352,39,3*72
$BDGLL,3904.60023,N,11721.25450,E,133357.00,A,A*73
$BDTXT,01,01,01,ANTENNA OK*24

-- Send QB4 Data OK......294


-- Build QB4 Data :2024,7,10 21-33-57   294






$BDZDA,133358.00,10,07,2024,00,00*7A
$BDRMC,133358.00,A,3904.60029,N,11721.25450,E,0.219,,100724,,,A,V*1F
$BDGGA,133358.00,3904.60029,N,11721.25450,E,1,07,4.10,41.5,M,-4.9,M,,*61
$BDGSA,A,3,06,08,16,23,32,38,39,,,,,,6.94,4.10,5.60,4*0E
$BDGSV,4,1,13,05,17,250,,06,68,313,26,07,12,180,21,08,32,203,23,1*7C
$BDGSV,4,2,13,09,55,286,20,16,68,317,32,20,24,314,23,23,81,023,33,1*71
$BDGSV,4,3,13,25,28,051,19,32,75,267,32,37,82,021,,38,21,191,28,1*76
$BDGSV,4,4,13,39,71,352,35,1*49
$BDGSV,1,1,04,20,24,314,20,23,81,023,28,32,75,267,33,39,71,352,40,3*7C
$BDGLL,3904.60029,N,11721.25450,E,133358.00,A,A*76
$BDTXT,01,01,01,ANTENNA OK*24

-- Send QB4 Data OK......294


-- Build QB4 Data :2024,7,10 21-33-58   294






$BDZDA,133359.00,10,07,2024,00,00*7B
$BDRMC,133359.00,A,3904.60041,N,11721.25451,E,0.179,,100724,,,A,V*14
$BDGGA,133359.00,3904.60041,N,11721.25451,E,1,07,4.10,41.0,M,-4.9,M,,*6A
$BDGSA,A,3,06,08,16,23,32,38,39,,,,,,6.94,4.10,5.60,4*0E
$BDGSV,4,1,13,05,17,250,,06,68,313,26,07,12,180,20,08,32,203,23,1*7D
$BDGSV,4,2,13,09,55,286,19,16,68,317,31,20,24,314,-- Send QB4 Data OK......294

22,23,81,023,32,1*78
$BDGSV,4,3,13,25,28,051,19,32,75,267,31,37,82,021,,38,21,191,27,1*7A
$BDGSV,4,4,13,39,71,352,34,1*48
$BDGSV,1,1,04,20,24,314,19,23,81,023,28,32,75,267,33,39,71,352,39,3*78
$BDGLL,3904.60041,N,11721.25451,E,133359.00,A,A*78
$BDTXT,01,01,01,ANTENNA OK*24

-- Build QB4 Data :2024,7,10 21-33-59   294






$BDZDA,133400.00,10,07,2024,00,00*70
$BDRMC,133400.00,A,3904.60055,N,11721.25450,E,0.155,,100724,,,A,V*15
$BDGGA,133400.00,3904.60055,N,11721.25450,E,1,07,4.10,40.5,M,-4.9,M,,*61
$BDGSA,A,3,06,08,16,23,32,38,39,,,,,,6.94,4.10,5.60,4*0E
$BDGSV,4,1,13,05,17,250,,06,68,313,27,07,12,180,20,08,31,203,23,1*7F
$BDGSV,4,2,13,09,55,286,20,16,68,317,32,20,24,314,23,23,81,023,33,1*71
$BDGSV,4,3,13,25,28,051,20,32,75,267,32,37,82,021,,38,21,191,27,1*73
$BDGSV,4,4,13,39,71,352,35,1*49
$BDGSV,1,1,04,20,24,314,19,23,81,023,28,32,75,267,33,39,71,352,40,3*76
$BDGLL,3904.60055,N,11721.25450,E,133400.00,A,A*77
$BDTXT,01,01,01,ANTENNA OK*24

-- Send QB4 Data OK......294


-- Build QB4 Data :2024,7,10 21-34-0   294






$BDZDA,133401.00,10,07,2024,00,00*71
$BDRMC,133401.00,A,3904.60073,N,11721.25439,E,0.158,,100724,,,A,V*12
$BDGGA,133401.00,3904.60073,N,11721.25439,E,1,07,4.10,39.8,M,-4.9,M,,*68
$BDGSA,A,3,06,08,16,23,32,38,39,,,,,,6.94,4.10,5.59,4*04
$BDGSV,4,1,13,05,17,250,,06,68,313,27,07,12,180,21,08,31,203,24,1*79
$BDGSV,4,2,13,09,55,286,21,16,68,317,33,20,24,314,24,23,81,023,34,1*71
$BDGSV,4,3,13,25,28,051,20,32,75,267,33,37,82,021,,38,21,191,27,1*72
$BDGSV,4,4,13,39,71,352,35,1*49
$BDGSV,1,1,04,20,24,314,19,23,81,023,28,32,75,267,34,39,71,352,40,3*71
$BDGLL,3904.60073,N,11721.25439,E,133401.00,A,A*7D
$BDTXT,01,01,01,ANTENNA OK*24

-- Send QB4 Data OK......294


-- Build QB4 Data :2024,7,10 21-34-1   294






$BDZDA,133402.00,10,07,2024,00,00*72
$BDRMC,133402.00,A,3904.60088,N,11721.25430,E,0.140,,100724,,,A,V*15
$BDGGA,133402.00,3904.60088,N,11721.25430,E,1,07,4.10,39.2,M,-4.9,M,,*6C
$BDGSA,A,3,06,08,16,23,32,38,39,,,,,,6.94,4.10,5.59,4*04
$B-- Send QB4 Data OK......294

DGSV,4,1,13,05,17,250,,06,68,313,27,07,12,180,20,08,31,203,25,1*79
$BDGSV,4,2,13,09,55,286,20,16,68,317,33,20,24,314,23,23,81,023,34,1*77
$BDGSV,4,3,13,25,28,051,21,32,75,267,33,37,82,021,,38,21,191,27,1*73
$BDGSV,4,4,13,39,71,352,35,1*49
$BDGSV,1,1,04,20,24,314,18,23,81,023,28,32,75,267,33,39,71,352,39,3*79
$BDGLL,3904.60088,N,11721.25430,E,133402.00,A,A*73
$BDTXT,01,01,01,ANTENNA OK*24

-- Build QB4 Data :2024,7,10 21-34-2   294






$BDZDA,133403.00,10,07,2024,00,00*73
$BDRMC,133403.00,A,3904.60097,N,11721.25416,E,0.176,,100724,,,A,V*1B
$BDGGA,133403.00,3904.60097,N,11721.25416,E,1,07,4.10,38.9,M,-4.9,M,,*6D
$BDGSA,A,3,06,08,16,23,32,38,39,,,,,,6.94,4.10,5.59,4*04
$BDGSV,4,1,13,05,17,250,,06,68,313,27,07,12,180,21,08,31,203,24,1*79
$BDGSV,4,2,13,09,55,286,20,16,68,317,32,20,24,314,23,23,81,023,34,1*76
$BDGSV,4,3,13,25,28,051,21,32,75,267,30,37,82,021,,38,21,191,27,1*70
$BDGSV,4,4,13,39,71,352,35,1*49
$BDGSV,1,1,04,20,24,314,17,23,81,023,27,32,75,267,32,39,71,352,38,3*79
$BDGLL,3904.60097,N,11721.25416,E,133403.00,A,A*78
$BDTXT,01,01,01,ANTENNA OK*24

-- Send QB4 Data OK......294


-- Build QB4 Data :2024,7,10 21-34-3   294






$BDZDA,133404.00,10,07,2024,00,00*74
$BDRMC,133404.00,A,3904.60107,N,11721.25417,E,0.188,,100724,,,A,V*14
$BDGGA,133404.00,3904.60107,N,11721.25417,E,1,07,4.10,38.5,M,-4.9,M,,*6F
$BDGSA,A,3,06,08,16,23,32,38,39,,,,,,6.94,4.10,5.59,4*04
$BDGSV,4,1,13,05,17,250,,06,68,313,27,07,12,180,21,08,31,203,24,1*79
$BDGSV,4,2,13,09,55,286,21,16,68,317,33,20,24,314,23,23,81,023,34,1*76
$BDGSV,4,3,13,25,28,051,21,32,75,267,33,37,82,021,,38,21,191,28,1*7C
$BDGSV,4,4,13,39,71,352,36,1*4A
$BDGSV,1,1,04,20,24,314,17,23,81,023,28,32,75,267,33,39,71,352,39,3*76
$BDGLL,3904.60107,N,11721.25417,E,133404.00,A,A*76
$BDTXT,01,01,01,ANTENNA OK*24

-- Send QB4 Data OK......294


-- Build QB4 Data :2024,7,10 21-34-4   294






$BDZDA,133405.00,10,07,2024,00,00*75
$BDRMC,133405.00,A,3904.60119,N,11721.25410,E,0.176,,100724,,,A,V*1C
$BDGGA,133405.00-- Send QB4 Data OK......294

,3904.60119,N,11721.25410,E,1,07,4.10,38.0,M,-4.9,M,,*63
$BDGSA,A,3,06,08,16,23,32,38,39,,,,,,6.93,4.10,5.59,4*03
$BDGSV,4,1,13,05,17,250,,06,68,313,27,07,12,180,21,08,31,203,24,1*79
$BDGSV,4,2,13,09,55,286,21,16,68,317,33,20,24,314,23,23,81,023,34,1*76
$BDGSV,4,3,13,25,28,051,21,32,75,267,33,37,82,021,,38,21,191,28,1*7C
$BDGSV,4,4,13,39,71,352,35,1*49
$BDGSV,1,1,04,20,24,314,16,23,81,023,28,32,75,267,33,39,71,352,39,3*77
$BDGLL,3904.60119,N,11721.25410,E,133405.00,A,A*7F
$BDTXT,01,01,01,ANTENNA OK*24

-- Build QB4 Data :2024,7,10 21-34-5   294






$BDZDA,133406.00,10,07,2024,00,00*76
$BDRMC,133406.00,A,3904.60131,N,11721.25405,E,0.176,,100724,,,A,V*11
$BDGGA,133406.00,3904.60131,N,11721.25405,E,1,07,4.10,37.5,M,-4.9,M,,*64
$BDGSA,A,3,06,08,16,23,32,38,39,,,,,,6.93,4.10,5.59,4*03
$BDGSV,4,1,13,05,17,250,,06,68,313,27,07,12,180,21,08,31,203,24,1*79
$BDGSV,4,2,13,09,55,286,21,16,68,317,33,20,24,314,23,23,81,023,35,1*77
$BDGSV,4,3,13,25,28,051,21,32,75,267,33,37,82,021,,38,21,191,28,1*7C
$BDGSV,4,4,13,39,71,352,36,1*4A
$BDGSV,1,1,04,20,24,314,16,23,81,023,28,32,75,267,32,39,71,352,39,3*76
$BDGLL,3904.60131,N,11721.25405,E,133406.00,A,A*72
$BDTXT,01,01,01,ANTENNA OK*24

-- Send QB4 Data OK......294


-- Build QB4 Data :2024,7,10 21-34-6   294






$BDZDA,133407.00,10,07,2024,00,00*77
$BDRMC,133407.00,A,3904.60142,N,11721.25389,E,0.191,,100724,,,A,V*1E
$BDGGA,133407.00,3904.60142,N,11721.25389,E,1,07,4.10,37.2,M,-4.9,M,,*65
$BDGSA,A,3,06,08,16,23,32,38,39,,,,,,6.93,4.10,5.59,4*03
$BDGSV,4,1,13,05,17,250,,06,68,313,27,07,12,180,20,08,31,203,23,1*7F
$BDGSV,4,2,13,09,55,286,20,16,68,317,32,20,24,314,22,23,81,023,34,1*77
$BDGSV,4,3,13,25,28,051,20,32,75,267,32,37,82,021,,38,21,191,27,1*73
$BDGSV,4,4,13,39,71,352,35,1*49
$BDGSV,1,1,04,20,24,314,16,23,81,023,28,32,75,267,32,39,71,352,39,3*76
$BDGLL,3904.60142,N,11721.25389,E,133407.00,A,A*74
$BDTXT,01,01,01,ANTENNA OK*24

-- Send QB4 Data OK......294


-- Build QB4 Data :2024,7,10 21-34-7   294


-- Send QB4 Data OK......294





$BDZDA,133408.00,10,07,2024,00,00*78
$BDRMC,133408.00,A,3904.60155,N,11721.25380,E,0.161,,100724,,,A,V*11
$BDGGA,133408.00,3904.60155,N,11721.25380,E,1,07,4.10,36.7,M,-4.9,M,,*61
$BDGSA,A,3,06,08,16,23,32,38,39,,,,,,6.93,4.10,5.59,4*03
$BDGSV,4,1,13,05,17,250,,06,68,313,26,07,12,180,20,08,31,203,23,1*7E
$BDGSV,4,2,13,09,55,286,20,16,68,317,32,20,24,314,21,23,81,023,33,1*73
$BDGSV,4,3,13,25,28,051,20,32,75,267,32,37,82,021,,38,21,191,27,1*73
$BDGSV,4,4,13,39,71,352,34,1*48
$BDGSV,1,1,04,20,24,314,17,23,81,023,28,32,75,267,32,39,71,352,38,3*76
$BDGLL,3904.60155,N,11721.25380,E,133408.00,A,A*74
$BDTXT,01,01,01,ANTENNA OK*24

-- Build QB4 Data :2024,7,10 21-34-8   294






$BDZDA,133409.00,10,07,2024,00,00*79
$BDRMC,133409.00,A,3904.60165,N,11721.25370,E,0.161,,100724,,,A,V*1C
$BDGGA,133409.00,3904.60165,N,11721.25370,E,1,07,4.10,36.3,M,-4.9,M,,*68
$BDGSA,A,3,06,08,16,23,32,38,39,,,,,,6.93,4.10,5.58,4*02
$BDGSV,4,1,13,05,17,250,,06,68,313,27,07,12,180,20,08,31,203,23,1*7F
$BDGSV,4,2,13,09,55,286,20,16,68,317,32,20,24,314,22,23,81,023,34,1*77
$BDGSV,4,3,13,25,28,051,21,32,75,267,32,37,82,021,,38,21,191,28,1*7D
$BDGSV,4,4,13,39,71,352,35,1*49
$BDGSV,1,1,04,20,24,314,17,23,81,023,28,32,75,267,32,39,71,352,40,3*79
$BDGLL,3904.60165,N,11721.25370,E,133409.00,A,A*79
$BDTXT,01,01,01,ANTENNA OK*24

-- Send QB4 Data OK......294


-- Build QB4 Data :2024,7,10 21-34-9   294






$BDZDA,133410.00,10,07,2024,00,00*71
$BDRMC,133410.00,A,3904.60179,N,11721.25360,E,0.093,,100724,,,A,V*14
$BDGGA,133410.00,3904.60179,N,11721.25360,E,1,07,4.10,35.7,M,-4.9,M,,*6B
$BDGSA,A,3,06,08,16,23,32,38,39,,,,,,6.93,4.10,5.58,4*02
$BDGSV,4,1,13,05,17,250,,06,68,313,27,07,12,180,21,08,31,203,24,1*79
$BDGSV,4,2,13,09,55,286,21,16,68,317,33,20,24,314,22,23,81,023,35,1*76
$BDGSV,4,3,13,25,28,051,22,32,75,267,33,37,82,021,,38,21,191,28,1*7F
$BDGSV,4,4,13,39,71,352,36,1*4A
$BDGSV,1,1,04,20,24,314,18,23,81,023,29,32,75,267,33,39,71,352,40,3*76
$BDGLL,3904.60179,N,11721.25360,E,133410.00,A,A*7D
$BDTXT,01,01,01,ANTENNA OK*24
-- Send QB4 Data OK......294


-- Build QB4 Data :2024,7,10 21-34-10   294






$BDZDA,133411.00,10,07,2024,00,00*70
$BDRMC,133411.00,A,3904.60191,N,11721.25351,E,0.150,,100724,,,A,V*1F
$BDGGA,133411.00,3904.60191,N,11721.25351,E,1,07,4.10,35.1,M,-4.9,M,,*68
$BDGSA,A,3,06,08,16,23,32,38,39,,,,,,6.93,4.10,5.58,4*02
$BDGSV,4,1,13,05,17,250,,06,68,313,28,07,12,180,21,08,31,203,25,1*77
$BDGSV,4,2,13,09,55,286,22,16,68,317,33,20,24,314,22,23,81,023,35,1*75
$BDGSV,4,3,13,25,28,051,23,32,75,267,33,37,82,021,,38,21,191,29,1*7F
$BDGSV,4,4,13,39,71,352,36,1*4A
$BDGSV,1,1,04,20,24,314,17,23,81,023,29,32,75,267,33,39,71,352,40,3*79
$BDGLL,3904.60191,N,11721.25351,E,133411.00,A,A*78
$BDTXT,01,01,01,ANTENNA OK*24

-- Send QB4 Data OK......294


-- Build QB4 Data :2024,7,10 21-34-11   294






$BDZDA,133412.00,10,07,2024,00,00*73
$BDRMC,133412.00,A,3904.60201,N,11721.25344,E,0.127,,100724,,,A,V*12
$BDGGA,133412.00,3904.60201,N,11721.25344,E,1,07,4.10,34.7,M,-4.9,M,,*62
$BDGSA,A,3,06,08,16,23,32,38,39,,,,,,6.93,4.10,5.58,4*02
$BDGSV,4,1,13,05,17,250,,06,68,313,27,07,12,180,21,08,31,203,24,1*79
$BDGSV,4,2,13,09,55,286,21,16,68,317,33,20,24,314,22,23,81,023,34,1*77
$BDGSV,4,3,13,25,28,051,23,32,75,267,32,37,82,021,,38,21,192,28,1*7C
$BDGSV,4,4,13,39,71,352,35,1*49
$BDGSV,1,1,04,20,24,314,16,23,81,023,28,32,75,267,32,39,71,352,38,3*77
$BDGLL,3904.60201,N,11721.25344,E,133412.00,A,A*75
$BDTXT,01,01,01,ANTENNA OK*24

-- Send QB4 Data OK......294


-- Build QB4 Data :2024,7,10 21-34-12   294






$BDZDA,133413.00,10,07,2024,00,00*72
$BDRMC,133413.00,A,3904.60207,N,11721.25340,E,0.105,,100724,,,A,V*11
$BDGGA,133413.00,3904.60207,N,11721.25340,E,1,07,4.10,34.5,M,-4.9,M,,*63
$BDGSA,A,3,06,08,16,23,32,38,39,,,,,,6.92,4.10,5.58,4*03
$BDGSV,4,1,13,05,17,250,,06,68,313,27,07,12,180,20,08,31,203,23,1*7F
$BDGSV,4,2,13,09,55,286,19,16,68,317,32,20,24,314,21,23,81,023,34,1*7E
$BDGSV,4,3,13,25,28,051,21,32,75,267,32,37,82,022,,38,21,192,27,1*72
$BDGSV,4,4,13,39,71,352,35,1*49
$BDGSV,1,1,04,20,24,314,14,23,81,023,28,32,75,267,32,39,71,352,40,3*7A
$BDGLL,3904.60207,N,11721.25340,E,13341-- Send QB4 Data OK......294

3.00,A,A*76
$BDTXT,01,01,01,ANTENNA OK*24

-- Build QB4 Data :2024,7,10 21-34-13   294






$BDZDA,133414.00,10,07,2024,00,00*75
$BDRMC,133414.00,A,3904.60215,N,11721.25331,E,0.137,,100724,,,A,V*12
$BDGGA,133414.00,3904.60215,N,11721.25331,E,1,07,4.10,34.1,M,-4.9,M,,*65
$BDGSA,A,3,06,08,16,23,32,38,39,,,,,,6.92,4.10,5.58,4*03
$BDGSV,4,1,13,05,17,250,,06,68,313,27,07,12,180,21,08,31,203,23,1*7E
$BDGSV,4,2,13,09,55,286,20,16,68,317,33,20,24,314,21,23,81,023,35,1*74
$BDGSV,4,3,13,25,28,051,22,32,75,267,33,37,82,022,,38,21,192,28,1*7F
$BDGSV,4,4,13,39,71,352,35,1*49
$BDGSV,1,1,04,20,24,314,14,23,81,023,29,32,75,267,33,39,71,352,40,3*7A
$BDGLL,3904.60215,N,11721.25331,E,133414.00,A,A*74
$BDTXT,01,01,01,ANTENNA OK*24

-- Send QB4 Data OK......294


-- Build QB4 Data :2024,7,10 21-34-14   294






$BDZDA,133415.00,10,07,2024,00,00*74
$BDRMC,133415.00,A,3904.60220,N,11721.25330,E,0.112,,100724,,,A,V*13
$BDGGA,133415.00,3904.60220,N,11721.25330,E,1,07,4.10,33.9,M,-4.9,M,,*6C
$BDGSA,A,3,06,08,16,23,32,38,39,,,,,,6.92,4.10,5.58,4*03
$BDGSV,4,1,13,05,17,250,,06,68,313,27,07,12,180,21,08,31,203,24,1*79
$BDGSV,4,2,13,09,55,286,20,16,68,317,33,20,24,314,21,23,81,023,35,1*74
$BDGSV,4,3,13,25,28,051,22,32,75,267,33,37,82,022,,38,21,192,28,1*7F
$BDGSV,4,4,13,39,71,352,36,1*4A
$BDGSV,1,1,04,20,24,314,16,23,81,023,29,32,75,267,33,39,71,352,40,3*78
$BDGLL,3904.60220,N,11721.25330,E,133415.00,A,A*72
$BDTXT,01,01,01,ANTENNA OK*24

-- Send QB4 Data OK......294


-- Build QB4 Data :2024,7,10 21-34-15   294






$BDZDA,133416.00,10,07,2024,00,00*77
$BDRMC,133416.00,A,3904.60224,N,11721.25317,E,0.091,,100724,,,A,V*1B
$BDGGA,133416.00,3904.60224,N,11721.25317,E,1,07,4.10,33.7,M,-4.9,M,,*60
$BDGSA,A,3,06,08,16,23,32,38,39,,,,,,6.92,4.10,5.58,4*03
$BDGSV,4,1,13,05,17,250,,06,68,313,27,07,12,180,21,08,31,203,23,1*7E
$BDGSV,4,2,13,09,55,287,21,16,68,317,32,20,24,314,21,23,81,023,34,1*74
$BDGSV,4,3,13,25,28,051,22,32,75,267,32,37,82,022,,38,21,192,28,1*7E
$BDGSV,4,4,13,39,71,352,35-- Send QB4 Data OK......294

,1*49
$BDGSV,1,1,04,20,24,314,15,23,81,023,29,32,75,267,32,39,71,352,38,3*75
$BDGLL,3904.60224,N,11721.25317,E,133416.00,A,A*70
$BDTXT,01,01,01,ANTENNA OK*24

-- Build QB4 Data :2024,7,10 21-34-16   294


-- Send QB4 Data OK......294






$BDZDA,133417.00,10,07,2024,00,00*76
$BDRMC,133417.00,A,3904.60226,N,11721.25308,E,0.120,,100724,,,A,V*1D
$BDGGA,133417.00,3904.60226,N,11721.25308,E,1,07,4.10,33.5,M,-4.9,M,,*6F
$BDGSA,A,3,06,08,16,23,32,38,39,,,,,,6.92,4.10,5.57,4*0C
$BDGSV,4,1,13,05,17,250,,06,68,313,27,07,12,180,21,08,31,203,23,1*7E
$BDGSV,4,2,13,09,55,287,21,16,68,317,33,20,24,314,21,23,81,023,35,1*74
$BDGSV,4,3,13,25,28,051,22,32,75,267,33,37,82,022,,38,21,192,28,1*7F
$BDGSV,4,4,13,39,71,352,35,1*49
$BDGSV,1,1,04,20,24,314,15,23,81,023,29,32,75,267,33,39,71,352,40,3*7B
$BDGLL,3904.60226,N,11721.25308,E,133417.00,A,A*7D
$BDTXT,01,01,01,ANTENNA OK*24

-- Build QB4 Data :2024,7,10 21-34-17   294






$BDZDA,133418.00,10,07,2024,00,00*79
$BDRMC,133418.00,A,3904.60228,N,11721.25297,E,0.136,,100724,,,A,V*1C
$BDGGA,133418.00,3904.60228,N,11721.25297,E,1,07,4.10,33.4,M,-4.9,M,,*68
$BDGSA,A,3,06,08,16,23,32,38,39,,,,,,6.92,4.10,5.57,4*0C
$BDGSV,4,1,13,05,17,250,,06,68,313,27,07,12,180,20,08,31,203,23,1*7F
$BDGSV,4,2,13,09,55,287,21,16,68,317,32,20,24,314,20,23,81,024,34,1*72
$BDGSV,4,3,13,25,28,051,22,32,75,267,32,37,82,022,,38,21,192,28,1*7E
$BDGSV,4,4,13,39,71,352,34,1*48
$BDGSV,1,1,04,20,24,314,15,23,81,024,28,32,75,267,32,39,71,352,38,3*73
$BDGLL,3904.60228,N,11721.25297,E,133418.00,A,A*7B
$BDTXT,01,01,01,ANTENNA OK*24

-- Send QB4 Data OK......294


-- Build QB4 Data :2024,7,10 21-34-18   294






$BDZDA,133419.00,10,07,2024,00,00*78
$BDRMC,133419.00,A,3904.60235,N,11721.25279,E,0.098,,100724,,,A,V*14
$BDGGA,133419.00,3904.60235,N,11721.25279,E,1,07,4.09,33.2,M,-4.9,M,,*6B
$BDGSA,A,3,06,08,16,23,32,38,39,,,,,,6.92,4.09,5.57,4*04
$BDGSV,4,1,13,05,17,250,,06,68,313,27,07,12,180,20,08,31,203,23,1*7F
$BDGSV,4,2,13,09,55,287,21,16,68,317,33,20,24,314,-- Send QB4 Data OK......294

21,23,81,024,35,1*73
$BDGSV,4,3,13,25,28,051,22,32,75,267,33,37,82,022,,38,21,192,28,1*7F
$BDGSV,4,4,13,39,71,352,36,1*4A
$BDGSV,1,1,04,20,24,314,16,23,81,024,30,32,75,267,33,39,71,352,40,3*77
$BDGLL,3904.60235,N,11721.25279,E,133419.00,A,A*76
$BDTXT,01,01,01,ANTENNA OK*24

-- Build QB4 Data :2024,7,10 21-34-19   294






$BDZDA,133420.00,10,07,2024,00,00*72
$BDRMC,133420.00,A,3904.60245,N,11721.25257,E,0.106,,100724,,,A,V*13
$BDGGA,133420.00,3904.60245,N,11721.25257,E,1,07,4.09,32.8,M,-4.9,M,,*61
$BDGSA,A,3,06,08,16,23,32,38,39,,,,,,6.92,4.09,5.57,4*04
$BDGSV,4,1,13,05,17,250,,06,68,313,28,07,12,180,22,08,31,203,24,1*75
$BDGSV,4,2,13,09,55,287,22,16,68,317,33,20,24,314,21,23,81,024,36,1*73
$BDGSV,4,3,13,25,28,051,23,32,75,267,33,37,82,022,,38,21,192,29,1*7F
$BDGSV,4,4,13,39,71,352,36,1*4A
$BDGSV,1,1,04,20,24,314,15,23,81,024,30,32,75,267,34,39,71,352,40,3*73
$BDGLL,3904.60245,N,11721.25257,E,133420.00,A,A*77
$BDTXT,01,01,01,ANTENNA OK*24

-- Send QB4 Data OK......294


-- Build QB4 Data :2024,7,10 21-34-20   294






$BDZDA,133421.00,10,07,2024,00,00*73
$BDRMC,133421.00,A,3904.60255,N,11721.25244,E,0.037,,100724,,,A,V*12
$BDGGA,133421.00,3904.60255,N,11721.25244,E,1,07,4.09,32.5,M,-4.9,M,,*6E
$BDGSA,A,3,06,08,16,23,32,38,39,,,,,,6.91,4.09,5.57,4*07
$BDGSV,4,1,13,05,17,250,,06,68,313,28,07,12,180,22,08,31,203,24,1*75
$BDGSV,4,2,13,09,55,287,21,16,68,317,33,20,24,314,22,23,81,024,35,1*70
$BDGSV,4,3,13,25,28,051,23,32,75,267,33,37,82,022,,38,21,192,29,1*7F
$BDGSV,4,4,13,39,71,352,36,1*4A
$BDGSV,1,1,04,20,24,314,14,23,81,024,30,32,75,267,33,39,71,352,38,3*7A
$BDGLL,3904.60255,N,11721.25244,E,133421.00,A,A*75
$BDTXT,01,01,01,ANTENNA OK*24

-- Send QB4 Data OK......294


-- Build QB4 Data :2024,7,10 21-34-21   294






$BDZDA,133422.00,10,07,2024,00,00*70
$BDRMC,133422.00,A,3904.60261,N,11721.25234,E,0.050,,100724,,,A,V*10
$BDGGA,133422.00,3904.60261,N,11721.25234,E,1,07,4.09,32.3,M,-4.9,M,,*6B
$BDGSA,A,3,06,08,16,23,32,38,39,,,,,,6.91,4.09,5.57,4*07
$B-- Send QB4 Data OK......294

DGSV,4,1,13,05,17,250,,06,68,313,26,07,12,180,20,08,31,203,23,1*7E
$BDGSV,4,2,13,09,55,287,20,16,68,317,27,20,23,317,20,23,81,024,32,1*75
$BDGSV,4,3,13,25,28,051,22,32,75,267,28,37,82,022,,38,21,192,27,1*7A
$BDGSV,4,4,13,39,71,352,31,1*4D
$BDGSV,1,1,04,20,23,317,12,23,81,024,28,32,75,267,32,39,71,352,38,3*70
$BDGLL,3904.60261,N,11721.25234,E,133422.00,A,A*76
$BDTXT,01,01,01,ANTENNA OK*24

-- Build QB4 Data :2024,7,10 21-34-22   294






$BDZDA,133423.00,10,07,2024,00,00*71
$BDRMC,133423.00,A,3904.60262,N,11721.25214,E,0.077,,100724,,,A,V*15
$BDGGA,133423.00,3904.60262,N,11721.25214,E,1,07,4.09,32.3,M,-4.9,M,,*6B
$BDGSA,A,3,06,08,16,23,32,38,39,,,,,,6.91,4.09,5.57,4*07
$BDGSV,4,1,13,05,17,250,,06,68,313,27,07,12,180,20,08,31,203,23,1*7F
$BDGSV,4,2,13,09,55,287,21,16,68,317,32,20,23,317,21,23,81,024,35,1*76
$BDGSV,4,3,13,25,28,051,22,32,75,267,32,37,82,022,,38,21,192,28,1*7E
$BDGSV,4,4,13,39,71,352,35,1*49
$BDGSV,1,1,04,20,23,317,13,23,81,024,29,32,75,267,33,39,71,352,40,3*7E
$BDGLL,3904.60262,N,11721.25214,E,133423.00,A,A*76
$BDTXT,01,01,01,ANTENNA OK*24

-- Send QB4 Data OK......294


-- Build QB4 Data :2024,7,10 21-34-23   294






$BDZDA,133424.00,10,07,2024,00,00*76
$BDRMC,133424.00,A,3904.60265,N,11721.25203,E,0.051,,100724,,,A,V*17
$BDGGA,133424.00,3904.60265,N,11721.25203,E,1,07,4.09,32.2,M,-4.9,M,,*6C
$BDGSA,A,3,06,08,16,23,32,38,39,,,,,,6.91,4.09,5.57,4*07
$BDGSV,4,1,13,05,17,250,,06,68,313,27,07,12,180,20,08,31,203,23,1*7F
$BDGSV,4,2,13,09,55,287,20,16,68,317,32,20,23,317,20,23,81,024,35,1*76
$BDGSV,4,3,13,25,28,051,22,32,75,267,32,37,82,022,,38,21,192,28,1*7E
$BDGSV,4,4,13,39,71,352,35,1*49
$BDGSV,1,1,04,20,23,317,14,23,81,024,30,32,75,267,33,39,71,352,39,3*7F
$BDGLL,3904.60265,N,11721.25203,E,133424.00,A,A*70
$BDTXT,01,01,01,ANTENNA OK*24

-- Send QB4 Data OK......294


-- Build QB4 Data :2024,7,10 21-34-24   294






$BDZDA,133425.00,10,07,2024,00,00*77
$BDRMC,133425.00,A,3904.60268,N,11721.25178,E,0.057,,100724,,,A,V*12
$BDGGA,133425.00,3904.60268,N,11721.25178,E,1,07,4.09,32.2,M,-4.9,M,,*6F
$BDGSA,A,3,06,08,16,23,32,38,39,,,,,,6.91,4.09,5.56,4*06
$BDGSV,4,1,13,05,17,250,,06,68,313,27,07,12,180,20,08,31,203,23,1*7F
$BDGSV,4,2,13,09,55,287,21,16,68,317,33,20,23,317,21,23,81,024,35,1*77
$BDGSV,4,3,13,25,28,051,23,32,75,267,33,37,82,022,,38,21,192,28,1*7E
$BDGSV,4,4,13,39,71,352,36,1*4A
$BDGSV,1,1,04,20,23,317,15,23,81,024,30,32,75,267,34,39,71,352,40,3*77
$BDGLL,3904.60268,N,11721.25178,E,133425.00,A,A*73
$BDTXT,01,01,01,ANTENNA OK*24

-- Send QB4 Data OK......294


-- Build QB4 Data :2024,7,10 21-34-25   294






$BDZDA,133426.00,10,07,2024,00,00*74
$BDRMC,133426.00,A,3904.60269,N,11721.25151,E,0.102,,100724,,,A,V*1A
$BDGGA,133426.00,3904.60269,N,11721.25151,E,1,07,4.09,32.1,M,-4.9,M,,*65
$BDGSA,A,3,06,08,16,23,32,38,39,,,,,,6.91,4.09,5.56,4*06
$BDGSV,4,1,13,05,17,250,,06,68,313,27,07,12,180,20,08,31,203,23,1*7F
$BDGSV,4,2,13,09,55,287,21,16,68,317,32,20,23,317,21,23,81,024,35,1*76
$BDGSV,4,3,13,25,28,051,23,32,75,267,32,37,82,022,,38,21,192,28,1*7F
$BDGSV,4,4,13,39,71,352,35,1*49
$BDGSV,1,1,04,20,23,317,14,23,81,024,30,32,75,267,33,39,71,352,40,3*71
$BDGLL,3904.60269,N,11721.25151,E,133426.00,A,A*7A
$BDTXT,01,01,01,ANTENNA OK*24

-- Send QB4 Data OK......294


-- Build QB4 Data :2024,7,10 21-34-26   294






$BDZDA,133427.00,10,07,2024,00,00*75
$BDRMC,133427.00,A,3904.60275,N,11721.25125,E,0.096,,100724,,,A,V*19
$BDGGA,133427.00,3904.60275,N,11721.25125,E,1,07,4.09,31.9,M,-4.9,M,,*61
$BDGSA,A,3,06,08,16,23,32,38,39,,,,,,6.91,4.09,5.56,4*06
$BDGSV,4,1,13,05,17,250,,06,68,313,27,07,12,180,20,08,31,203,24,1*78
$BDGSV,4,2,13,09,55,287,21,16,68,317,32,20,23,317,21,23,81,024,35,1*76
$BDGSV,4,3,13,25,28,051,23,32,75,266,32,37,82,022,,38,21,192,28,1*7E
$BDGSV,4,4,13,39,71,352,35,1*49
$BDGSV,1,1,04,20,23,317,15,23,81,024,30,32,75,266,33,39,71,352,40,3*71
$BDGLL,3904.60275,N,11721.25125,E,133427.00,A,A*75
$BDTXT,01,01,01,ANTENNA OK*24

-- Send QB4 Data OK......294


-- Build QB4 Data :2024,7,10 21-34-27   294






$BDZDA,133428.00,10,07,2024,00,00*7A
$BDRMC,133428.00,A,3904.60278,N,11721.25094,E,0.142,,100724,,,A,V*18
$BDGGA,133428.00,3904.60278,N,11721.25094,E,1,07,4.09,31.7,M,-4.9,M,,*66
$BDGSA,A,3,06,08,16,23,32,38,39,,,,,,6.91,4.09,5.56,4*06
$BDGSV,4,1,13,05,17,250,,06,68,313,27,07,12,180,21,08,31,203,23,1*7E
$BDGSV,4,2,13,09,55,287,21,16,68,317,32,20,23,317,20,23,81,024,35,1*77
$BDGSV,4,3,13,25,28,051,22,32,75,266,32,37,82,022,,38,21,192,28,1*7F
$BDGSV,4,4,13,39,71,352,35,1*49
$BDGSV,1,1,04,20,23,317,14,23,81,024,30,32,75,266,33,39,71,352,39,3*7E
$BDGLL,3904.60278,N,11721.25094,E,133428.00,A,A*7C
$BDTXT,01,01,01,ANTENNA OK*24

-- Send QB4 Data OK......294


-- Build QB4 Data :2024,7,10 21-34-28   294






$BDZDA,133429.00,10,07,2024,00,00*7B
$BDRMC,133429.00,A,3904.60283,N,11721.25068,E,0.096,,100724,,,A,V*16
$BDGGA,133429.00,3904.60283,N,11721.25068,E,1,07,4.09,31.6,M,-4.9,M,,*61
$BDGSA,A,3,06,08,16,23,32,38,39,,,,,,6.90,4.09,5.56,4*07
$BDGSV,4,1,13,05,17,250,,06,68,313,28,07,12,180,21,08,31,203,24,1*76
$BDGSV,4,2,13,09,55,287,22,16,68,317,33,20,23,317,21,23,81,024,36,1*77
$BDGSV,4,3,13,25,28,051,23,32,75,266,33,37,82,022,,38,21,192,28,1*7F
$BDGSV,4,4,13,39,71,352,36,1*4A
$BDGSV,1,1,04,20,23,317,14,23,81,024,31,32,75,266,34,39,71,352,40,3*76
$BDGLL,3904.60283,N,11721.25068,E,133429.00,A,A*7A
$BDTXT,01,01,01,ANTENNA OK*24

-- Send QB4 Data OK......294


-- Build QB4 Data :2024,7,10 21-34-29   294






$BDZDA,133430.00,10,07,2024,00,00*73
$BDRMC,133430.00,A,3904.60287,N,11721.25044,E,0.070,,100724,,,A,V*1C
$BDGGA,133430.00,3904.60287,N,11721.25044,E,1,07,4.09,31.5,M,-4.9,M,,*60
$BDGSA,A,3,06,08,16,23,32,38,39,,,,,,6.90,4.09,5.56,4*07
$BDGSV,4,1,13,05,17,250,,06,68,313,28,07,12,180,21,08,31,203,24,1*76
$BDGSV,4,2,13,09,55,287,22,16,68,317,33,20,23,317,21,23,81,024,36,1*77
$BDGSV,4,3,13,25,28,051,24,32,75,266,32,37,82,022,,38,21,192,29,1*78
$BDGSV,4,4,13,39,71,352,36,1*4A
$BDGSV,1,1,04,20,23,317,14,23,81,024,31,32,75,266,33,39,71,352,40,3*71
$BDGLL,3904.60287,N,11721.25044,E,133430.00,A,A*78
$BDTXT,01,01,01,ANTENNA OK*24
-- Send QB4 Data OK......294


-- Build QB4 Data :2024,7,10 21-34-30   294


-- Send QB4 Data OK......294





$BDZDA,133431.00,10,07,2024,00,00*72
$BDRMC,133431.00,A,3904.60287,N,11721.25022,E,0.139,,100724,,,A,V*11
$BDGGA,133431.00,3904.60287,N,11721.25022,E,1,07,4.09,31.5,M,-4.9,M,,*61
$BDGSA,A,3,06,08,16,23,32,38,39,,,,,,6.90,4.09,5.56,4*07
$BDGSV,4,1,13,05,17,250,,06,68,313,27,07,12,180,21,08,31,203,23,1*7E
$BDGSV,4,2,13,09,55,287,20,16,68,317,31,20,23,317,20,23,81,024,35,1*75
$BDGSV,4,3,13,25,28,051,23,32,75,266,31,37,82,022,,38,21,192,28,1*7D
$BDGSV,4,4,13,39,71,352,34,1*48
$BDGSV,1,1,04,20,23,317,14,23,81,024,30,32,75,266,32,39,71,352,38,3*7E
$BDGLL,3904.60287,N,11721.25022,E,133431.00,A,A*79
$BDTXT,01,01,01,ANTENNA OK*24

-- Build QB4 Data :2024,7,10 21-34-31   294






$BDZDA,133432.00,10,07,2024,00,00*71
$BDRMC,133432.00,A,3904.60289,N,11721.25010,E,0.085,,100724,,,A,V*1B
$BDGGA,133432.00,3904.60289,N,11721.25010,E,1,07,4.09,31.4,M,-4.9,M,,*6C
$BDGSA,A,3,06,08,16,23,32,38,39,,,,,,6.90,4.09,5.56,4*07
$BDGSV,4,1,13,05,17,250,,06,68,314,27,07,12,180,20,08,31,203,22,1*79
$BDGSV,4,2,13,09,55,287,21,16,68,317,32,20,23,317,21,23,81,024,35,1*76
$BDGSV,4,3,13,25,28,051,23,32,75,266,32,37,82,022,,38,21,192,28,1*7E
$BDGSV,4,4,13,39,71,352,35,1*49
$BDGSV,1,1,04,20,23,317,12,23,81,024,32,32,75,266,33,39,71,352,40,3*74
$BDGLL,3904.60289,N,11721.25010,E,133432.00,A,A*75
$BDTXT,01,01,01,ANTENNA OK*24

-- Send QB4 Data OK......294


-- Build QB4 Data :2024,7,10 21-34-32   294






$BDZDA,133433.00,10,07,2024,00,00*70
$BDRMC,133433.00,A,3904.60289,N,11721.24987,E,0.114,,100724,,,A,V*15
$BDGGA,133433.00,3904.60289,N,11721.24987,E,1,07,4.09,31.4,M,-4.9,M,,*6B
$BDGSA,A,3,06,08,16,23,32,38,39,,,,,,6.90,4.09,5.55,4*04
$BDGSV,4,1,13,05,17,250,,06,68,314,27,07,12,180,20,08,31,203,23,1*78
$BDGSV,4,2,13,09,55,287,22,16,68,317,33,20,23,317,21,23,81,024,36,1*77
$BDGSV,4,3,13,25,28,051,23,32,75,266,32,37,82,022,,38,21,192,29,1*7F
$BDGSV,4,4,13,39,71,352,35,1*49
$BDGSV,1,1,04,20,23,317,14,23,81,024,31,32,75,266,33,39,71,352,40,3*71
$BDGLL,3904.60289,N,11721.24987,E,13343-- Send QB4 Data OK......294

3.00,A,A*72
$BDTXT,01,01,01,ANTENNA OK*24

-- Build QB4 Data :2024,7,10 21-34-33   294






$BDZDA,133434.00,10,07,2024,00,00*77
$BDRMC,133434.00,A,3904.60289,N,11721.24962,E,0.099,,100724,,,A,V*1D
$BDGGA,133434.00,3904.60289,N,11721.24962,E,1,07,4.09,31.4,M,-4.9,M,,*67
$BDGSA,A,3,06,08,16,23,32,38,39,,,,,,6.90,4.09,5.55,4*04
$BDGSV,4,1,13,05,17,250,,06,68,314,27,07,12,180,21,08,31,203,23,1*79
$BDGSV,4,2,13,09,55,287,21,16,68,317,32,20,23,317,21,23,81,024,35,1*76
$BDGSV,4,3,13,25,28,051,24,32,75,266,32,37,82,022,,38,21,192,28,1*79
$BDGSV,4,4,13,39,71,352,35,1*49
$BDGSV,1,1,04,20,23,317,15,23,81,024,31,32,75,266,33,39,71,352,39,3*7E
$BDGLL,3904.60289,N,11721.24962,E,133434.00,A,A*7E
$BDTXT,01,01,01,ANTENNA OK*24

-- Send QB4 Data OK......294


-- Build QB4 Data :2024,7,10 21-34-34   294






$BDZDA,133435.00,10,07,2024,00,00*76
$BDRMC,133435.00,A,3904.60285,N,11721.24942,E,0.102,,100724,,,A,V*11
$BDGGA,133435.00,3904.60285,N,11721.24942,E,1,07,4.09,31.5,M,-4.9,M,,*69
$BDGSA,A,3,06,08,16,23,32,38,39,,,,,,6.90,4.09,5.55,4*04
$BDGSV,4,1,13,05,17,250,,06,68,314,27,07,12,180,20,08,31,203,23,1*78
$BDGSV,4,2,13,09,55,287,20,16,68,317,32,20,23,317,21,23,81,024,35,1*77
$BDGSV,4,3,13,25,28,051,24,32,75,266,31,37,82,022,,38,21,192,28,1*7A
$BDGSV,4,4,13,39,71,352,35,1*49
$BDGSV,1,1,04,20,23,317,16,23,81,024,30,32,75,266,32,39,71,352,39,3*7D
$BDGLL,3904.60285,N,11721.24942,E,133435.00,A,A*71
$BDTXT,01,01,01,ANTENNA OK*24

-- Send QB4 Data OK......294


-- Build QB4 Data :2024,7,10 21-34-35   294






$BDZDA,133436.00,10,07,2024,00,00*75
$BDRMC,133436.00,A,3904.60281,N,11721.24923,E,0.068,,100724,,,A,V*1C
$BDGGA,133436.00,3904.60281,N,11721.24923,E,1,07,4.09,31.8,M,-4.9,M,,*64
$BDGSA,A,3,06,08,16,23,32,38,39,,,,,,6.90,4.09,5.55,4*04
$BDGSV,4,1,13,05,17,250,,06,68,314,27,07,12,180,20,08,31,203,22,1*79
$BDGSV,4,2,13,09,55,287,20,16,68,317,32,20,23,317,21,23,81,024,35,1*77
$BDGSV,4,3,13,25,28,051,23,32,75,266,31,37,82,022,,38,21,192,28,1*7D
$BDGSV,4,4,13,39,71,352,35-- Send QB4 Data OK......294

,1*49
$BDGSV,1,1,04,20,23,317,14,23,81,024,31,32,75,266,32,39,71,352,39,3*7E
$BDGLL,3904.60281,N,11721.24923,E,133436.00,A,A*71
$BDTXT,01,01,01,ANTENNA OK*24

-- Build QB4 Data :2024,7,10 21-34-36   294






$BDZDA,133437.00,10,07,2024,00,00*74
$BDRMC,133437.00,A,3904.60280,N,11721.24909,E,0.052,,100724,,,A,V*1D
$BDGGA,133437.00,3904.60280,N,11721.24909,E,1,07,4.09,31.9,M,-4.9,M,,*6D
$BDGSA,A,3,06,08,16,23,32,38,39,,,,,,6.89,4.09,5.55,4*0C
$BDGSV,4,1,13,05,17,250,,06,68,314,26,07,12,180,20,08,31,203,21,1*7B
$BDGSV,4,2,13,09,55,287,19,16,68,317,31,20,23,317,20,23,80,024,34,1*7F
$BDGSV,4,3,13,25,28,051,22,32,75,266,30,37,82,022,,38,21,192,27,1*72
$BDGSV,4,4,13,39,71,352,34,1*48
$BDGSV,1,1,04,20,23,317,13,23,80,024,31,32,75,266,32,39,71,352,39,3*78
$BDGLL,3904.60280,N,11721.24909,E,133437.00,A,A*79
$BDTXT,01,01,01,ANTENNA OK*24

-- Send QB4 Data OK......294


-- Build QB4 Data :2024,7,10 21-34-37   294






$BDZDA,133438.00,10,07,2024,00,00*7B
$BDRMC,133438.00,A,3904.60274,N,11721.24896,E,0.060,,100724,,,A,V*1F
$BDGGA,133438.00,3904.60274,N,11721.24896,E,1,07,4.09,32.2,M,-4.9,M,,*66
$BDGSA,A,3,06,08,16,23,32,38,39,,,,,,6.89,4.09,5.55,4*0C
$BDGSV,4,1,13,05,17,250,,06,68,314,27,07,12,180,21,08,31,203,22,1*78
$BDGSV,4,2,13,09,55,287,20,16,68,317,32,20,23,317,20,23,80,024,35,1*77
$BDGSV,4,3,13,25,28,051,23,32,75,266,31,37,82,022,,38,21,192,28,1*7D
$BDGSV,4,4,13,39,71,352,35,1*49
$BDGSV,1,1,04,20,23,317,13,23,80,024,31,32,75,266,32,39,71,352,40,3*76
$BDGLL,3904.60274,N,11721.24896,E,133438.00,A,A*7A
$BDTXT,01,01,01,ANTENNA OK*24

-- Send QB4 Data OK......294


-- Build QB4 Data :2024,7,10 21-34-38   294






$BDZDA,133439.00,10,07,2024,00,00*7A
$BDRMC,133439.00,A,3904.60269,N,11721.24871,E,0.094,,100724,,,A,V*10
$BDGGA,133439.00,3904.60269,N,11721.24871,E,1,07,4.09,32.4,M,-4.9,M,,*64
$BDGSA,A,3,06,08,16,23,32,38,39,,,,,,6.89,4.09,5.55,4*0C
$BDGSV,4,1,13,05,17,250,,06,68,314,27,07,12,180,21,08,31,203,22,1*78
$BDGSV,4,2,13,09,55,287,20,16,68,317,32,20,23,317,21,23,80,024,36,1*75
$BDGSV,4,3,13,25,28,051,24,32,75,266,32,37,82,022,,38,21,192,28,1*79
$BDGSV,4,4,13,39,71,352,35,1*49
$BDGSV,1,1,04,20,23,317,14,23,80,024,31,32,75,266,32,39,71,352,40,3*71
$BDGLL,3904.60269,N,11721.24871,E,133439.00,A,A*7E
$BDTXT,01,01,01,ANTENNA OK*24

-- Send QB4 Data OK......294


-- Build QB4 Data :2024,7,10 21-34-39   294


-- Send QB4 Data OK......294






$BDZDA,133440.00,10,07,2024,00,00*74
$BDRMC,133440.00,A,3904.60260,N,11721.24845,E,0.175,,100724,,,A,V*1E
$BDGGA,133440.00,3904.60260,N,11721.24845,E,1,07,4.09,32.8,M,-4.9,M,,*68
$BDGSA,A,3,06,08,16,23,32,38,39,,,,,,6.89,4.09,5.55,4*0C
$BDGSV,4,1,13,05,17,250,,06,68,314,27,07,12,180,21,08,31,203,22,1*78
$BDGSV,4,2,13,09,55,287,21,16,68,317,32,20,23,317,21,23,80,024,35,1*77
$BDGSV,4,3,13,25,28,051,24,32,75,266,32,37,82,022,,38,21,192,28,1*79
$BDGSV,4,4,13,39,71,352,35,1*49
$BDGSV,1,1,04,20,23,317,15,23,80,024,31,32,75,266,33,39,71,352,40,3*71
$BDGLL,3904.60260,N,11721.24845,E,133440.00,A,A*7E
$BDTXT,01,01,01,ANTENNA OK*24

-- Build QB4 Data :2024,7,10 21-34-40   294






$BDZDA,133441.00,10,07,2024,00,00*75
$BDRMC,133441.00,A,3904.60255,N,11721.24833,E,0.160,,100724,,,A,V*1C
$BDGGA,133441.00,3904.60255,N,11721.24833,E,1,07,4.09,32.9,M,-4.9,M,,*6F
$BDGSA,A,3,06,08,16,23,32,38,39,,,,,,6.89,4.09,5.54,4*0D
$BDGSV,4,1,13,05,17,250,,06,68,314,26,07,12,180,20,08,31,203,21,1*7B
$BDGSV,4,2,13,09,55,287,19,16,68,317,26,20,23,317,19,23,80,024,32,1*75
$BDGSV,4,3,13,25,28,051,22,32,75,266,25,37,82,022,,38,21,192,27,1*76
$BDGSV,4,4,13,39,71,352,34,1*48
$BDGSV,1,1,04,20,23,317,13,23,80,024,31,32,75,266,32,39,71,352,38,3*79
$BDGLL,3904.60255,N,11721.24833,E,133441.00,A,A*78
$BDTXT,01,01,01,ANTENNA OK*24

-- Send QB4 Data OK......294


-- Build QB4 Data :2024,7,10 21-34-41   294






$BDZDA,133442.00,10,07,2024,00,00*76
$BDRMC,133442.00,A,3904.60250,N,11721.24814,E,0.137,,100724,,,A,V*1D
$BDGGA,133442.00,3904.60250,N,11721.24814,E,1,07,4.08,33.1,M,-4.9,M,,*64
$BDGSA,A,3,06,08,16,23,32,38,39,,,,,,6.89,4.08,5.54,4*0C
$B-- Send QB4 Data OK......294

DGSV,4,1,13,05,17,250,,06,68,314,27,07,12,180,20,08,31,203,22,1*79
$BDGSV,4,2,13,09,55,287,20,16,68,317,32,20,24,317,20,23,80,024,35,1*70
$BDGSV,4,3,13,25,28,051,22,32,75,266,31,37,81,022,,38,21,192,27,1*70
$BDGSV,4,4,13,39,71,352,35,1*49
$BDGSV,1,1,04,20,24,317,15,23,80,024,31,32,75,266,33,39,71,352,40,3*76
$BDGLL,3904.60250,N,11721.24814,E,133442.00,A,A*7B
$BDTXT,01,01,01,ANTENNA OK*24

-- Build QB4 Data :2024,7,10 21-34-42   294






$BDZDA,133443.00,10,07,2024,00,00*77
$BDRMC,133443.00,A,3904.60245,N,11721.24793,E,0.118,,100724,,,A,V*15
$BDGGA,133443.00,3904.60245,N,11721.24793,E,1,07,4.08,33.2,M,-4.9,M,,*62
$BDGSA,A,3,06,08,16,23,32,38,39,,,,,,6.89,4.08,5.54,4*0C
$BDGSV,4,1,13,05,17,250,,06,68,314,26,07,12,180,21,08,31,203,21,1*7A
$BDGSV,4,2,13,09,55,287,20,16,68,317,31,20,24,317,20,23,80,024,34,1*72
$BDGSV,4,3,13,25,28,051,22,32,75,266,30,37,81,022,,38,21,192,27,1*71
$BDGSV,4,4,13,39,71,352,34,1*48
$BDGSV,1,1,04,20,24,317,14,23,80,024,31,32,75,266,32,39,71,352,40,3*76
$BDGLL,3904.60245,N,11721.24793,E,133443.00,A,A*7E
$BDTXT,01,01,01,ANTENNA OK*24

-- Send QB4 Data OK......294


-- Build QB4 Data :2024,7,10 21-34-43   294






$BDZDA,133444.00,10,07,2024,00,00*70
$BDRMC,133444.00,A,3904.60240,N,11721.24774,E,0.114,,100724,,,A,V*12
$BDGGA,133444.00,3904.60240,N,11721.24774,E,1,07,4.08,33.4,M,-4.9,M,,*6F
$BDGSA,A,3,06,08,16,23,32,38,39,,,,,,6.89,4.08,5.54,4*0C
$BDGSV,4,1,13,05,17,250,,06,68,314,27,07,12,180,21,08,31,203,22,1*78
$BDGSV,4,2,13,09,55,287,20,16,68,317,31,20,24,317,20,23,80,024,35,1*73
$BDGSV,4,3,13,25,28,051,23,32,75,266,30,37,81,022,,38,21,192,27,1*70
$BDGSV,4,4,13,39,71,352,34,1*48
$BDGSV,1,1,04,20,24,317,15,23,80,024,31,32,75,266,33,39,71,352,40,3*76
$BDGLL,3904.60240,N,11721.24774,E,133444.00,A,A*75
$BDTXT,01,01,01,ANTENNA OK*24

-- Send QB4 Data OK......294


-- Build QB4 Data :2024,7,10 21-34-44   294






$BDZDA,133445.00,10,07,2024,00,00*71
$BDRMC,133445.00,A,3904.60238,N,11721.24764,E,0.050,,100724,,,A,V*1C
$BDGGA,133445.00-- Send QB4 Data OK......294

,3904.60238,N,11721.24764,E,1,07,4.08,33.5,M,-4.9,M,,*61
$BDGSA,A,3,06,08,16,23,32,38,39,,,,,,6.88,4.08,5.54,4*0D
$BDGSV,4,1,13,05,17,250,,06,68,314,27,07,12,180,20,08,31,203,22,1*79
$BDGSV,4,2,13,09,55,287,19,16,68,317,31,20,24,317,19,23,80,024,34,1*72
$BDGSV,4,3,13,25,28,051,23,32,75,266,30,37,81,022,,38,21,192,27,1*70
$BDGSV,4,4,13,39,71,352,34,1*48
$BDGSV,1,1,04,20,24,317,15,23,80,024,31,32,75,266,32,39,71,352,39,3*79
$BDGLL,3904.60238,N,11721.24764,E,133445.00,A,A*7A
$BDTXT,01,01,01,ANTENNA OK*24

-- Build QB4 Data :2024,7,10 21-34-45   294






$BDZDA,133446.00,10,07,2024,00,00*72
$BDRMC,133446.00,A,3904.60239,N,11721.24748,E,0.063,,100724,,,A,V*10
$BDGGA,133446.00,3904.60239,N,11721.24748,E,1,07,4.08,33.6,M,-4.9,M,,*6E
$BDGSA,A,3,06,08,16,23,32,38,39,,,,,,6.88,4.08,5.54,4*0D
$BDGSV,4,1,13,05,17,250,,06,68,314,26,07,12,180,20,08,31,203,22,1*78
$BDGSV,4,2,13,09,55,287,19,16,68,317,31,20,24,317,20,23,80,024,35,1*79
$BDGSV,4,3,13,25,28,051,22,32,75,266,31,37,81,022,,38,21,192,27,1*70
$BDGSV,4,4,13,39,71,352,34,1*48
$BDGSV,1,1,04,20,24,317,15,23,80,024,32,32,75,266,32,39,71,352,40,3*74
$BDGLL,3904.60239,N,11721.24748,E,133446.00,A,A*76
$BDTXT,01,01,01,ANTENNA OK*24

-- Send QB4 Data OK......294


-- Build QB4 Data :2024,7,10 21-34-46   294






$BDZDA,133447.00,10,07,2024,00,00*73
$BDRMC,133447.00,A,3904.60233,N,11721.24739,E,0.064,,100724,,,A,V*1A
$BDGGA,133447.00,3904.60233,N,11721.24739,E,1,07,4.08,33.9,M,-4.9,M,,*6C
$BDGSA,A,3,06,08,16,23,32,38,39,,,,,,6.88,4.08,5.54,4*0D
$BDGSV,4,1,13,05,17,250,,06,68,314,27,07,12,180,21,08,31,203,22,1*78
$BDGSV,4,2,13,09,55,287,20,16,68,317,32,20,24,317,20,23,80,024,35,1*70
$BDGSV,4,3,13,25,28,051,23,32,75,266,31,37,81,022,,38,21,192,27,1*71
$BDGSV,4,4,13,39,71,352,35,1*49
$BDGSV,1,1,04,20,24,317,16,23,80,024,31,32,75,266,32,39,71,352,39,3*7A
$BDGLL,3904.60233,N,11721.24739,E,133447.00,A,A*7B
$BDTXT,01,01,01,ANTENNA OK*24
-- Send QB4 Data OK......294


-- Build QB4 Data :2024,7,10 21-34-47   294






$BDZDA,133448.00,10,07,2024,00,00*7C
$BDRMC,133448.00,A,3904.60230,N,11721.24717,E,0.129,,100724,,,A,V*12
$BDGGA,133448.00,3904.60230,N,11721.24717,E,1,07,4.08,34.0,M,-4.9,M,,*62
$BDGSA,A,3,06,08,16,23,32,38,39,,,,,,6.88,4.08,5.54,4*0D
$BDGSV,4,1,13,05,17,250,,06,68,314,28,07,12,180,22,08,31,203,22,1*74
$BDGSV,4,2,13,09,55,287,21,16,68,317,33,20,24,317,21,23,80,024,36,1*72
$BDGSV,4,3,13,25,28,051,24,32,75,266,32,37,81,022,,38,21,192,28,1*7A
$BDGSV,4,4,13,39,71,352,36,1*4A
$BDGSV,1,1,04,20,24,317,16,23,80,024,32,32,75,266,33,39,71,352,41,3*77
$BDGLL,3904.60230,N,11721.24717,E,133448.00,A,A*7B
$BDTXT,01,01,01,ANTENNA OK*24

-- Send QB4 Data OK......294


-- Build QB4 Data :2024,7,10 21-34-48   294






$BDZDA,133449.00,10,07,2024,00,00*7D
$BDRMC,133449.00,A,3904.60232,N,11721.24686,E,0.107,,100724,,,A,V*14
$BDGGA,133449.00,3904.60232,N,11721.24686,E,1,07,4.08,34.0,M,-4.9,M,,*68
$BDGSA,A,3,06,08,16,23,32,38,39,,,,,,6.88,4.08,5.53,4*0A
$BDGSV,4,1,13,05,17,250,,06,68,314,28,07,12,180,22,08,31,203,23,1*75
$BDGSV,4,2,13,09,55,287,21,16,68,317,33,20,24,317,21,23,80,024,36,1*72
$BDGSV,4,3,13,25,28,051,25,32,75,266,33,37,81,022,,38,21,192,29,1*7B
$BDGSV,4,4,13,39,71,352,36,1*4A
$BDGSV,1,1,04,20,24,317,17,23,80,024,32,32,75,266,33,39,71,352,40,3*77
$BDGLL,3904.60232,N,11721.24686,E,133449.00,A,A*71
$BDTXT,01,01,01,ANTENNA OK*24

-- Send QB4 Data OK......294


-- Build QB4 Data :2024,7,10 21-34-49   294






$BDZDA,133450.00,10,07,2024,00,00*75
$BDRMC,133450.00,A,3904.60231,N,11721.24667,E,0.147,,100724,,,A,V*14
$BDGGA,133450.00,3904.60231,N,11721.24667,E,1,07,4.08,34.1,M,-4.9,M,,*6D
$BDGSA,A,3,06,08,16,23,32,38,39,,,,,,6.88,4.08,5.53,4*0A
$BDGSV,4,1,13,05,17,250,,06,68,314,27,07,12,180,21,08,31,203,22,1*78
$BDGSV,4,2,13,09,55,287,20,16,68,317,32,20,24,317,20,23,80,024,35,1*70
$BDGSV,4,3,13,25,28,051,23,32,75,266,31,37,81,022,,38,21,192,28,1*7E
$BDGSV,4,4,13,39,71,352,34,1*48
$BDGSV,1,1,04,20,24,317,15,23,80,024,31,32,75,266,32,39,71,352,39,3*79
$BDGLL,3904.60231,N,11721.24667,E,133450.00,A,A*75
$BDTXT,01,01,01,ANTENNA OK*24
-- Send QB4 Data OK......294


-- Build QB4 Data :2024,7,10 21-34-50   294






$BDZDA,133451.00,10,07,2024,00,00*74
$BDRMC,133451.00,A,3904.60228,N,11721.24648,E,0.159,,100724,,,A,V*1F
$BDGGA,133451.00,3904.60228,N,11721.24648,E,1,07,4.08,34.1,M,-4.9,M,,*69
$BDGSA,A,3,06,08,16,23,32,38,39,,,,,,6.88,4.08,5.53,4*0A
$BDGSV,4,1,13,05,17,250,,06,68,314,27,07,12,180,21,08,31,203,21,1*7B
$BDGSV,4,2,13,09,55,287,20,16,68,317,30,20,24,317,19,23,80,024,36,1*7B
$BDGSV,4,3,13,25,28,051,22,32,75,266,30,37,81,022,,38,21,192,27,1*71
$BDGSV,4,4,13,39,71,352,33,1*4F
$BDGSV,1,1,04,20,24,317,13,23,80,024,31,32,75,266,32,39,71,352,40,3*71
$BDGLL,3904.60228,N,11721.24648,E,133451.00,A,A*71
$BDTXT,01,01,01,ANTENNA OK*24

-- Send QB4 Data OK......294


-- Build QB4 Data :2024,7,10 21-34-51   294






$BDZDA,133452.00,10,07,2024,00,00*77
$BDRMC,133452.00,A,3904.60225,N,11721.24620,E,0.158,,100724,,,A,V*1E
$BDGGA,133452.00,3904.60225,N,11721.24620,E,1,07,4.08,34.2,M,-4.9,M,,*6A
$BDGSA,A,3,06,08,16,23,32,38,39,,,,,,6.88,4.08,5.53,4*0A
$BDGSV,4,1,13,05,17,250,,06,68,314,27,07,12,180,21,08,31,203,22,1*78
$BDGSV,4,2,13,09,55,287,20,16,68,317,32,20,24,317,19,23,80,024,35,1*7A
$BDGSV,4,3,13,25,28,051,23,32,75,266,31,37,81,022,,38,21,192,28,1*7E
$BDGSV,4,4,13,39,71,352,35,1*49
$BDGSV,1,1,04,20,24,317,12,23,80,024,32,32,75,266,33,39,71,352,40,3*72
$BDGLL,3904.60225,N,11721.24620,E,133452.00,A,A*71
$BDTXT,01,01,01,ANTENNA OK*24

-- Send QB4 Data OK......294


-- Build QB4 Data :2024,7,10 21-34-52   294






$BDZDA,133453.00,10,07,2024,00,00*76
$BDRMC,133453.00,A,3904.60224,N,11721.24596,E,0.149,,100724,,,A,V*10
$BDGGA,133453.00,3904.60224,N,11721.24596,E,1,07,4.08,34.4,M,-4.9,M,,*62
$BDGSA,A,3,06,08,16,23,32,38,39,,,,,,6.87,4.08,5.53,4*05
$BDGSV,4,1,13,05,17,250,,06,68,314,27,07,12,180,21,08,31,203,21,1*7B
$BDGSV,4,2,13,09,55,287,20,16,68,317,32,20,24,317,19,23,80,024,35,1*7A
$BDGSV,4,3,13,25,27,051,22,32,75,266,31,37,81,022,,38,21,192,28,1*70
$BDGSV,4,4,13,39,71,353,34,1*49
$BDGSV,1,1,04,20,24,317,13,23,80,024,32,32,75,266,33,39,71,353,40,3*72
$BDGLL,3904.60224,N,11721.24596,E,13345-- Send QB4 Data OK......294

3.00,A,A*7F
$BDTXT,01,01,01,ANTENNA OK*24

-- Build QB4 Data :2024,7,10 21-34-53   294


-- Send QB4 Data OK......294





$BDZDA,133454.00,10,07,2024,00,00*71
$BDRMC,133454.00,A,3904.60218,N,11721.24581,E,0.135,,100724,,,A,V*15
$BDGGA,133454.00,3904.60218,N,11721.24581,E,1,07,4.08,34.5,M,-4.9,M,,*6D
$BDGSA,A,3,06,08,16,23,32,38,39,,,,,,6.87,4.08,5.53,4*05
$BDGSV,4,1,13,05,17,250,,06,68,314,27,07,12,180,21,08,31,203,21,1*7B
$BDGSV,4,2,13,09,55,287,20,16,68,317,31,20,24,317,19,23,80,024,34,1*78
$BDGSV,4,3,13,25,27,051,22,32,75,266,30,37,81,022,,38,21,192,27,1*7E
$BDGSV,4,4,13,39,71,353,34,1*49
$BDGSV,1,1,04,20,24,317,15,23,80,024,32,32,75,266,32,39,71,353,40,3*75
$BDGLL,3904.60218,N,11721.24581,E,133454.00,A,A*71
$BDTXT,01,01,01,ANTENNA OK*24

-- Build QB4 Data :2024,7,10 21-34-54   294






$BDZDA,133455.00,10,07,2024,00,00*70
$BDRMC,133455.00,A,3904.60216,N,11721.24574,E,0.063,,100724,,,A,V*12
$BDGGA,133455.00,3904.60216,N,11721.24574,E,1,07,4.08,34.7,M,-4.9,M,,*6A
$BDGSA,A,3,06,08,16,23,32,38,39,,,,,,6.87,4.08,5.53,4*05
$BDGSV,4,1,13,05,17,250,,06,68,314,27,07,12,180,20,08,31,203,21,1*7A
$BDGSV,4,2,13,09,55,287,20,16,68,317,31,20,24,317,19,23,80,024,35,1*79
$BDGSV,4,3,13,25,27,051,22,32,75,266,31,37,81,022,,38,21,192,27,1*7F
$BDGSV,4,4,13,39,71,353,34,1*49
$BDGSV,1,1,04,20,24,317,16,23,80,024,32,32,75,266,33,39,71,353,40,3*77
$BDGLL,3904.60216,N,11721.24574,E,133455.00,A,A*74
$BDTXT,01,01,01,ANTENNA OK*24

-- Send QB4 Data OK......294


-- Build QB4 Data :2024,7,10 21-34-55   294






$BDZDA,133456.00,10,07,2024,00,00*73
$BDRMC,133456.00,A,3904.60211,N,11721.24562,E,0.124,,100724,,,A,V*13
$BDGGA,133456.00,3904.60211,N,11721.24562,E,1,07,4.08,34.8,M,-4.9,M,,*66
$BDGSA,A,3,06,08,16,23,32,38,39,,,,,,6.87,4.08,5.53,4*05
$BDGSV,4,1,13,05,17,250,,06,68,314,27,07,12,180,20,08,31,203,22,1*79
$BDGSV,4,2,13,09,55,287,19,16,68,317,31,20,24,317,18,23,80,024,34,1*73
$BDGSV,4,3,13,25,27,051,22,32,75,266,30,37,81,022,,38,21,192,27,1*7E
$BDGSV,4,4,13,39,71,353,34-- Send QB4 Data OK......294

,1*49
$BDGSV,1,1,04,20,24,317,16,23,80,024,31,32,75,266,31,39,71,353,39,3*78
$BDGLL,3904.60211,N,11721.24562,E,133456.00,A,A*77
$BDTXT,01,01,01,ANTENNA OK*24

-- Build QB4 Data :2024,7,10 21-34-56   294






$BDZDA,133457.00,10,07,2024,00,00*72
$BDRMC,133457.00,A,3904.60206,N,11721.24550,E,0.108,,100724,,,A,V*1B
$BDGGA,133457.00,3904.60206,N,11721.24550,E,1,07,4.08,35.1,M,-4.9,M,,*68
$BDGSA,A,3,06,08,16,23,32,38,39,,,,,,6.87,4.08,5.52,4*04
$BDGSV,4,1,13,05,17,250,,06,68,314,28,07,12,180,21,08,31,203,22,1*77
$BDGSV,4,2,13,09,55,287,20,16,68,317,32,20,24,317,19,23,80,024,35,1*7A
$BDGSV,4,3,13,25,27,051,22,32,75,266,31,37,81,022,,38,21,192,27,1*7F
$BDGSV,4,4,13,39,71,353,35,1*48
$BDGSV,1,1,04,20,24,317,16,23,80,024,32,32,75,266,32,39,71,353,40,3*76
$BDGLL,3904.60206,N,11721.24550,E,133457.00,A,A*71
$BDTXT,01,01,01,ANTENNA OK*24

-- Send QB4 Data OK......294


-- Build QB4 Data :2024,7,10 21-34-57   294






$BDZDA,133458.00,10,07,2024,00,00*7D
$BDRMC,133458.00,A,3904.60203,N,11721.24533,E,0.085,,100724,,,A,V*10
$BDGGA,133458.00,3904.60203,N,11721.24533,E,1,07,4.08,35.2,M,-4.9,M,,*64
$BDGSA,A,3,06,08,16,23,32,38,39,,,,,,6.87,4.08,5.52,4*04
$BDGSV,4,1,13,05,17,250,,06,68,314,28,07,12,180,21,08,31,203,23,1*76
$BDGSV,4,2,13,09,55,287,20,16,68,317,32,20,24,317,20,23,80,024,36,1*73
$BDGSV,4,3,13,25,27,051,22,32,75,266,31,37,81,022,,38,21,192,28,1*70
$BDGSV,4,4,13,39,71,353,35,1*48
$BDGSV,1,1,04,20,24,317,16,23,80,024,32,32,75,266,33,39,71,353,40,3*77
$BDGLL,3904.60203,N,11721.24533,E,133458.00,A,A*7E
$BDTXT,01,01,01,ANTENNA OK*24

-- Send QB4 Data OK......294


-- Build QB4 Data :2024,7,10 21-34-58   294






$BDZDA,133459.00,10,07,2024,00,00*7C
$BDRMC,133459.00,A,3904.60203,N,11721.24526,E,0.106,,100724,,,A,V*1F
$BDGGA,133459.00,3904.60203,N,11721.24526,E,1,07,4.08,35.2,M,-4.9,M,,*61
$BDGSA,A,3,06,08,16,23,32,38,39,,,,,,6.87,4.08,5.52,4*04
$BDGSV,4,1,13,05,17,250,,06,68,314,28,07,12,180,22,08,31,203,23,1*75
$BDGSV,4,2,13,09,55,287,20,16,68,317,32,20,24,317,-- Send QB4 Data OK......294

21,23,80,024,35,1*71
$BDGSV,4,3,13,25,27,051,22,32,75,266,32,37,81,022,,38,21,192,28,1*73
$BDGSV,4,4,13,39,71,353,35,1*48
$BDGSV,1,1,04,20,24,317,17,23,80,024,32,32,75,266,33,39,71,353,40,3*76
$BDGLL,3904.60203,N,11721.24526,E,133459.00,A,A*7B
$BDTXT,01,01,01,ANTENNA OK*24

-- Build QB4 Data :2024,7,10 21-34-59   294






$BDZDA,133500.00,10,07,2024,00,00*71
$BDRMC,133500.00,A,3904.60206,N,11721.24517,E,0.067,,100724,,,A,V*13
$BDGGA,133500.00,3904.60206,N,11721.24517,E,1,07,4.08,35.1,M,-4.9,M,,*68
$BDGSA,A,3,06,08,16,23,32,38,39,,,,,,6.87,4.08,5.52,4*04
$BDGSV,4,1,13,05,17,250,,06,68,314,27,07,12,180,20,08,31,203,23,1*78
$BDGSV,4,2,13,09,55,287,19,16,68,317,28,20,24,317,20,23,80,024,35,1*71
$BDGSV,4,3,13,25,27,051,21,32,75,266,27,37,81,022,,38,21,192,27,1*7B
$BDGSV,4,4,13,39,71,353,35,1*48
$BDGSV,1,1,04,20,24,317,16,23,80,024,31,32,75,266,28,39,71,353,38,3*71
$BDGLL,3904.60206,N,11721.24517,E,133500.00,A,A*71
$BDTXT,01,01,01,ANTENNA OK*24

-- Send QB4 Data OK......294


-- Build QB4 Data :2024,7,10 21-35-0   294






$BDZDA,133501.00,10,07,2024,00,00*70
$BDRMC,133501.00,A,3904.60210,N,11721.24507,E,0.038,,100724,,,A,V*1E
$BDGGA,133501.00,3904.60210,N,11721.24507,E,1,07,4.08,35.0,M,-4.9,M,,*6E
$BDGSA,A,3,06,08,16,23,32,38,39,,,,,,6.86,4.08,5.52,4*05
$BDGSV,4,1,13,05,17,250,,06,68,314,28,07,12,180,21,08,31,203,23,1*76
$BDGSV,4,2,13,09,55,287,20,16,68,317,33,20,24,317,21,23,80,024,36,1*73
$BDGSV,4,3,13,25,27,051,21,32,75,266,32,37,81,022,,38,21,192,28,1*70
$BDGSV,4,4,13,39,71,353,35,1*48
$BDGSV,1,1,04,20,24,317,16,23,80,024,32,32,75,266,33,39,71,353,40,3*77
$BDGLL,3904.60210,N,11721.24507,E,133501.00,A,A*76
$BDTXT,01,01,01,ANTENNA OK*24

-- Send QB4 Data OK......294


-- Build QB4 Data :2024,7,10 21-35-1   294






$BDZDA,133502.00,10,07,2024,00,00*73
$BDRMC,133502.00,A,3904.60207,N,11721.24499,E,0.049,,100724,,,A,V*1B
$BDGGA,133502.00,3904.60207,N,11721.24499,E,1,07,4.08,35.2,M,-4.9,M,,*6F
$BDGSA,A,3,06,08,16,23,32,38,39,,,,,,6.86,4.08,5.52,4*05
$BDGSV,4,1,13,05,17,250,,06,68,314,28,07,12,180,20,08,31,203,23,1*77
$BDGSV,4,2,13,09,55,287,20,16,68,317,32,20,24,317,21,23,80,024,35,1*71
$BDGSV,4,3,13,25,27,051,21,32,75,265,32,37,81,022,,38,21,192,28,1*73
$BDGSV,4,4,13,39,71,353,35,1*48
$BDGSV,1,1,04,20,24,317,16,23,80,024,32,32,75,265,33,39,71,353,40,3*74
$BDGLL,3904.60207,N,11721.24499,E,133502.00,A,A*75
$BDTXT,01,01,01,ANTENNA OK*24

-- Send QB4 Data OK......294


-- Build QB4 Data :2024,7,10 21-35-2   294






$BDZDA,133503.00,10,07,2024,00,00*72
$BDRMC,133503.00,A,3904.60207,N,11721.24487,E,0.057,,100724,,,A,V*1A
$BDGGA,133503.00,3904.60207,N,11721.24487,E,1,07,4.08,35.3,M,-4.9,M,,*60
$BDGSA,A,3,06,08,16,23,32,38,39,,,,,,6.86,4.08,5.52,4*05
$BDGSV,4,1,13,05,17,250,,06,68,314,27,07,12,180,20,08,31,203,22,1*79
$BDGSV,4,2,13,09,55,287,20,16,68,317,31,20,24,317,20,23,80,024,35,1*73
$BDGSV,4,3,13,25,27,051,21,32,75,265,31,37,81,022,,38,21,192,28,1*70
$BDGSV,4,4,13,39,71,353,35,1*48
$BDGSV,1,1,04,20,24,317,17,23,80,024,32,32,75,265,33,39,71,353,40,3*75
$BDGLL,3904.60207,N,11721.24487,E,133503.00,A,A*7B
$BDTXT,01,01,01,ANTENNA OK*24

-- Send QB4 Data OK......294


-- Build QB4 Data :2024,7,10 21-35-3   294






$BDZDA,133504.00,10,07,2024,00,00*75
$BDRMC,133504.00,A,3904.60212,N,11721.24481,E,0.030,,100724,,,A,V*1E
$BDGGA,133504.00,3904.60212,N,11721.24481,E,1,07,4.08,35.3,M,-4.9,M,,*65
$BDGSA,A,3,06,08,16,23,32,38,39,,,,,,6.86,4.08,5.52,4*05
$BDGSV,4,1,13,05,17,250,,06,68,314,27,07,12,180,21,08,31,203,22,1*78
$BDGSV,4,2,13,09,55,287,20,16,68,317,31,20,24,317,20,23,80,024,35,1*73
$BDGSV,4,3,13,25,27,051,21,32,75,265,31,37,81,022,,38,21,192,28,1*70
$BDGSV,4,4,13,39,71,353,34,1*49
$BDGSV,1,1,04,20,24,317,16,23,80,024,32,32,75,265,32,39,71,353,40,3*75
$BDGLL,3904.60212,N,11721.24481,E,133504.00,A,A*7E
$BDTXT,01,01,01,ANTENNA OK*24

-- Send QB4 Data OK......294


-- Build QB4 Data :2024,7,10 21-35-4   294






$BDZDA,133505.00,10,07,2024,00,00*74
$BDRMC,133505.00,A,3904.60213,N,11721.24473,E,0.035,,100724,,,A,V*16
$BDGGA,133505.00-- Send QB4 Data OK......294

,3904.60213,N,11721.24473,E,1,07,4.07,35.4,M,-4.9,M,,*60
$BDGSA,A,3,06,08,16,23,32,38,39,,,,,,6.86,4.07,5.51,4*09
$BDGSV,4,1,13,05,17,250,,06,68,314,27,07,12,180,21,08,31,203,22,1*78
$BDGSV,4,2,13,09,55,287,20,16,68,317,32,20,24,317,21,23,80,024,35,1*71
$BDGSV,4,3,13,25,27,051,20,32,75,265,31,37,81,022,,38,21,192,27,1*7E
$BDGSV,4,4,13,39,71,353,34,1*49
$BDGSV,1,1,04,20,24,317,16,23,80,024,32,32,75,265,32,39,71,353,39,3*7B
$BDGLL,3904.60213,N,11721.24473,E,133505.00,A,A*73
$BDTXT,01,01,01,ANTENNA OK*24

-- Build QB4 Data :2024,7,10 21-35-5   294






$BDZDA,133506.00,10,07,2024,00,00*77
$BDRMC,133506.00,A,3904.60216,N,11721.24468,E,0.060,,100724,,,A,V*1A
$BDGGA,133506.00,3904.60216,N,11721.24468,E,1,07,4.07,35.4,M,-4.9,M,,*6C
$BDGSA,A,3,06,08,16,23,32,38,39,,,,,,6.86,4.07,5.51,4*09
$BDGSV,4,1,13,05,17,250,,06,68,314,27,07,12,180,21,08,31,203,21,1*7B
$BDGSV,4,2,13,09,55,287,19,16,68,317,31,20,24,317,20,23,80,024,34,1*78
$BDGSV,4,3,13,25,27,051,19,32,75,265,30,37,81,022,,38,21,192,27,1*75
$BDGSV,4,4,13,39,71,353,34,1*49
$BDGSV,1,1,04,20,24,317,16,23,80,024,31,32,75,265,32,39,71,353,39,3*78
$BDGLL,3904.60216,N,11721.24468,E,133506.00,A,A*7F
$BDTXT,01,01,01,ANTENNA OK*24

-- Send QB4 Data OK......294


-- Build QB4 Data :2024,7,10 21-35-6   294






$BDZDA,133507.00,10,07,2024,00,00*76
$BDRMC,133507.00,A,3904.60222,N,11721.24453,E,0.016,,100724,,,A,V*15
$BDGGA,133507.00,3904.60222,N,11721.24453,E,1,07,4.07,35.3,M,-4.9,M,,*65
$BDGSA,A,3,06,08,16,23,32,38,39,,,,,,6.86,4.07,5.51,4*09
$BDGSV,4,1,13,05,17,250,,06,68,314,28,07,12,180,21,08,31,203,22,1*77
$BDGSV,4,2,13,09,55,287,20,16,68,317,32,20,24,317,20,23,80,024,36,1*73
$BDGSV,4,3,13,25,27,051,20,32,75,265,32,37,81,022,,38,21,192,28,1*72
$BDGSV,4,4,13,39,71,353,35,1*48
$BDGSV,1,1,04,20,24,317,16,23,80,024,32,32,75,265,33,39,71,353,40,3*74
$BDGLL,3904.60222,N,11721.24453,E,133507.00,A,A*71
$BDTXT,01,01,01,ANTENNA OK*24
-- Send QB4 Data OK......294


-- Build QB4 Data :2024,7,10 21-35-7   294


-- Send QB4 Data OK......294





$BDZDA,133508.00,10,07,2024,00,00*79
$BDRMC,133508.00,A,3904.60224,N,11721.24434,E,0.070,,100724,,,A,V*1D
$BDGGA,133508.00,3904.60224,N,11721.24434,E,1,07,4.07,35.3,M,-4.9,M,,*6D
$BDGSA,A,3,06,08,16,23,32,38,39,,,,,,6.86,4.07,5.51,4*09
$BDGSV,4,1,13,05,17,250,,06,68,314,28,07,12,180,21,08,31,203,23,1*76
$BDGSV,4,2,13,09,55,287,20,16,68,317,33,20,24,317,20,23,80,024,36,1*72
$BDGSV,4,3,13,25,27,051,21,32,75,265,32,37,81,022,,38,21,192,28,1*73
$BDGSV,4,4,13,39,71,353,35,1*48
$BDGSV,1,1,04,20,24,317,16,23,80,024,32,32,75,265,33,39,71,353,40,3*74
$BDGLL,3904.60224,N,11721.24434,E,133508.00,A,A*79
$BDTXT,01,01,01,ANTENNA OK*24

-- Build QB4 Data :2024,7,10 21-35-8   294






$BDZDA,133509.00,10,07,2024,00,00*78
$BDRMC,133509.00,A,3904.60225,N,11721.24427,E,0.098,,100724,,,A,V*19
$BDGGA,133509.00,3904.60225,N,11721.24427,E,1,07,4.07,35.3,M,-4.9,M,,*6F
$BDGSA,A,3,06,08,16,23,32,38,39,,,,,,6.85,4.07,5.51,4*0A
$BDGSV,4,1,13,05,17,250,,06,68,314,28,07,12,180,21,08,31,203,23,1*76
$BDGSV,4,2,13,09,55,287,20,16,68,317,32,20,24,317,20,23,80,024,35,1*70
$BDGSV,4,3,13,25,27,051,21,32,75,265,31,37,81,022,,38,21,192,28,1*70
$BDGSV,4,4,13,39,71,353,35,1*48
$BDGSV,1,1,04,20,24,317,17,23,80,024,32,32,75,265,33,39,71,353,39,3*7B
$BDGLL,3904.60225,N,11721.24427,E,133509.00,A,A*7B
$BDTXT,01,01,01,ANTENNA OK*24

-- Send QB4 Data OK......294


-- Build QB4 Data :2024,7,10 21-35-9   294






$BDZDA,133510.00,10,07,2024,00,00*70
$BDRMC,133510.00,A,3904.60225,N,11721.24427,E,0.088,,100724,,,A,V*10
$BDGGA,133510.00,3904.60225,N,11721.24427,E,1,07,4.07,35.3,M,-4.9,M,,*67
$BDGSA,A,3,06,08,16,23,32,38,39,,,,,,6.85,4.07,5.51,4*0A
$BDGSV,4,1,13,05,17,250,,06,68,314,27,07,12,180,20,08,31,203,21,1*7A
$BDGSV,4,2,13,09,55,287,19,16,68,317,31,20,24,317,18,23,80,024,34,1*73
$BDGSV,4,3,13,25,27,051,20,32,75,265,30,37,81,022,,38,21,192,27,1*7F
$BDGSV,4,4,13,39,71,353,32,1*4F
$BDGSV,1,1,04,20,24,317,16,23,80,024,32,32,75,265,33,39,71,353,39,3*7A
$BDGLL,3904.60225,N,11721.24427,E,133510.00,A,A*73
$BDTXT,01,01,01,ANTENNA OK*24

-- Send QB4 Data OK......294


-- Build QB4 Data :2024,7,10 21-35-10   294


-- Send QB4 Data OK......294





$BDZDA,133511.00,10,07,2024,00,00*71
$BDRMC,133511.00,A,3904.60235,N,11721.24415,E,0.078,,100724,,,A,V*1E
$BDGGA,133511.00,3904.60235,N,11721.24415,E,1,07,4.07,34.9,M,-4.9,M,,*6D
$BDGSA,A,3,06,08,16,23,32,38,39,,,,,,6.85,4.07,5.51,4*0A
$BDGSV,4,1,13,05,17,250,,06,68,314,27,07,12,180,21,08,31,203,22,1*78
$BDGSV,4,2,13,09,55,287,20,16,68,317,32,20,24,317,19,23,80,024,36,1*79
$BDGSV,4,3,13,25,27,051,20,32,75,265,31,37,81,022,,38,21,192,28,1*71
$BDGSV,4,4,13,39,71,353,35,1*48
$BDGSV,1,1,04,20,24,317,18,23,80,024,32,32,75,265,33,39,71,353,41,3*7B
$BDGLL,3904.60235,N,11721.24415,E,133511.00,A,A*72
$BDTXT,01,01,01,ANTENNA OK*24

-- Build QB4 Data :2024,7,10 21-35-11   294






$BDZDA,133512.00,10,07,2024,00,00*72
$BDRMC,133512.00,A,3904.60241,N,11721.24410,E,0.077,,100724,,,A,V*14
$BDGGA,133512.00,3904.60241,N,11721.24410,E,1,07,4.07,34.7,M,-4.9,M,,*66
$BDGSA,A,3,06,08,16,23,32,38,39,,,,,,6.85,4.07,5.51,4*0A
$BDGSV,4,1,13,05,17,250,,06,68,314,28,07,12,180,22,08,31,203,23,1*75
$BDGSV,4,2,13,09,55,287,21,16,68,317,32,20,24,317,20,23,80,024,34,1*70
$BDGSV,4,3,13,25,27,051,20,32,75,265,32,37,81,022,,38,21,192,28,1*72
$BDGSV,4,4,13,39,71,353,35,1*48
$BDGSV,1,1,04,20,24,317,18,23,80,024,32,32,75,265,33,39,71,353,40,3*7A
$BDGLL,3904.60241,N,11721.24410,E,133512.00,A,A*77
$BDTXT,01,01,01,ANTENNA OK*24

-- Send QB4 Data OK......294


-- Build QB4 Data :2024,7,10 21-35-12   294






$BDZDA,133513.00,10,07,2024,00,00*73
$BDRMC,133513.00,A,3904.60243,N,11721.24404,E,0.073,,100724,,,A,V*16
$BDGGA,133513.00,3904.60243,N,11721.24404,E,1,07,4.07,34.7,M,-4.9,M,,*60
$BDGSA,A,3,06,08,16,23,32,38,39,,,,,,6.85,4.07,5.50,4*0B
$BDGSV,4,1,13,05,17,250,,06,68,314,27,07,12,180,21,08,31,203,23,1*79
$BDGSV,4,2,13,09,55,287,20,16,68,317,31,20,24,317,19,23,80,024,34,1*78
$BDGSV,4,3,13,25,27,051,19,32,75,265,30,37,81,022,,38,21,192,27,1*75
$BDGSV,4,4,13,39,71,353,34,1*49
$BDGSV,1,1,04,20,24,317,17,23,80,024,31,32,75,265,33,39,71,353,40,3*76
$BDGLL,3904.60243,N,11721.24404,E,133513.00,A,A*71
$BDTXT,01,01,01,ANTENNA OK*24

-- Send QB4 Data OK......294


-- Build QB4 Data :2024,7,10 21-35-13   294






$BDZDA,133514.00,10,07,2024,00,00*74
$BDRMC,133514.00,A,3904.60244,N,11721.24401,E,0.079,,100724,,,A,V*19
$BDGGA,133514.00,3904.60244,N,11721.24401,E,1,07,4.07,34.7,M,-4.9,M,,*65
$BDGSA,A,3,06,08,16,23,32,38,39,,,,,,6.85,4.07,5.50,4*0B
$BDGSV,4,1,13,05,17,250,,06,68,314,27,07,12,180,21,08,31,203,22,1*78
$BDGSV,4,2,13,09,55,287,20,16,68,317,31,20,24,317,18,23,80,024,34,1*79
$BDGSV,4,3,13,25,27,051,19,32,75,265,30,37,81,022,,38,21,192,27,1*75
$BDGSV,4,4,13,39,71,353,34-- Send QB4 Data OK......294

,1*49
$BDGSV,1,1,04,20,24,317,17,23,80,024,32,32,75,265,33,39,71,353,40,3*75
$BDGLL,3904.60244,N,11721.24401,E,133514.00,A,A*74
$BDTXT,01,01,01,ANTENNA OK*24

-- Build QB4 Data :2024,7,10 21-35-14   294






$BDZDA,133515.00,10,07,2024,00,00*75
$BDRMC,133515.00,A,3904.60244,N,11721.24392,E,0.042,,100724,,,A,V*1D
$BDGGA,133515.00,3904.60244,N,11721.24392,E,1,07,4.07,34.7,M,-4.9,M,,*69
$BDGSA,A,3,06,08,16,23,32,38,39,,,,,,6.85,4.07,5.50,4*0B
$BDGSV,4,1,13,05,17,250,,06,68,314,27,07,12,180,22,08,31,203,22,1*7B
$BDGSV,4,2,13,09,55,287,20,16,68,317,31,20,24,317,19,23,80,024,35,1*79
$BDGSV,4,3,13,25,27,051,19,32,75,265,31,37,81,022,,38,21,192,28,1*7B
$BDGSV,4,4,13,39,71,353,34,1*49
$BDGSV,1,1,04,20,24,317,17,23,80,024,31,32,75,265,32,39,71,353,39,3*79
$BDGLL,3904.60244,N,11721.24392,E,133515.00,A,A*78
$BDTXT,01,01,01,ANTENNA OK*24

-- Send QB4 Data OK......294


-- Build QB4 Data :2024,7,10 21-35-15   294






$BDZDA,133516.00,10,07,2024,00,00*76
$BDRMC,133516.00,A,3904.60250,N,11721.24386,E,0.035,,100724,,,A,V*1E
$BDGGA,133516.00,3904.60250,N,11721.24386,E,1,07,4.07,34.6,M,-4.9,M,,*6B
$BDGSA,A,3,06,08,16,23,32,38,39,,,,,,6.85,4.07,5.50,4*0B
$BDGSV,4,1,13,05,17,250,,06,68,314,28,07,12,180,23,08,31,203,23,1*74
$BDGSV,4,2,13,09,55,287,21,16,68,317,32,20,24,317,19,23,80,024,37,1*79
$BDGSV,4,3,13,25,27,051,20,32,75,265,32,37,81,022,,38,21,192,28,1*72
$BDGSV,4,4,13,39,71,353,35,1*48
$BDGSV,1,1,04,20,24,317,17,23,80,024,32,32,75,265,33,39,71,353,41,3*74
$BDGLL,3904.60250,N,11721.24386,E,133516.00,A,A*7B
$BDTXT,01,01,01,ANTENNA OK*24

-- Send QB4 Data OK......294


-- Build QB4 Data :2024,7,10 21-35-16   294






$BDZDA,133517.00,10,07,2024,00,00*77
$BDRMC,133517.00,A,3904.60255,N,11721.24367,E,0.070,,100724,,,A,V*14
$BDGGA,133517.00,3904.60255,N,11721.24367,E,1,07,4.07,34.5,M,-4.9,M,,*63
$BDGSA,A,3,06,08,16,23,32,38,39,,,,,,6.84,4.07,5.50,4*0A
$BDGSV,4,1,13,05,17,250,,06,68,314,29,07,12,180,23,08,31,203,24,1*72
$BDGSV,4,2,13,09,55,287,22,16,68,317,33,20,24,317,20,23,80,024,36,1*70
$BDGSV,4,3,13,25,27,051,21,32,75,265,32,37,81,022,,38,21,192,29,1*72
$BDGSV,4,4,13,39,71,353,36,1*4B
$BDGSV,2,1,05,20,24,317,18,23,80,024,32,25,27,051,18,32,75,265,34,3*7D
$BDGSV,2,2,05,39,71,353,41,3*4E
$BDGLL,3904.60255,N,11721.24367,E,133517.00,A,A*70
$BDTXT,01,01,01,ANTENNA OK*24

-- Send QB4 Data OK......294


-- Build QB4 Data :2024,7,10 21-35-17   294






$BDZDA,133518.00,10,07,2024,00,00*78
$BDRMC,133518.00,A,3904.60258,N,11721.24352,E,0.105,,100724,,,A,V*13
$BDGGA,133518.00,3904.60258,N,11721.24352,E,1,07,4.07,34.3,M,-4.9,M,,*61
$BDGSA,A,3,06,08,16,23,32,38,39,,,,,,6.84,4.07,5.50,4*0A
$BDGSV,4,1,13,05,17,250,,06,68,314,29,07,12,180,23,08,31,203,24,1*72
$BDGSV,4,2,13,09,55,287,22,16,68,317,32,20,24,317,21,23,80,024,36,1*70
$BDGSV,4,3,13,25,27,051,21,32,75,265,32,37,81,022,,38,21,192,29,1*72
$BDGSV,4,4,13,39,71,353,35,1*48
$BDGSV,2,1,05,20,24,317,17,23,80,024,32,25,27,051,18,32,75,265,33,3*75
$BDGSV,2,2,05,39,71,353,38,3*40
$BDGLL,3904.60258,N,11721.24352,E,133518.00,A,A*74
$BDTXT,01,01,01,ANTENNA OK*24

-- Send QB4 Data OK......294


-- Build QB4 Data :2024,7,10 21-35-18   294






$BDZDA,133519.00,10,07,2024,00,00*79
$BDRMC,133519.00,A,3904.60266,N,11721.24328,E,0.206,,100724,,,A,V*12
$BDGGA,133519.00,3904.60266,N,11721.24328,E,1,07,4.07,34.1,M,-4.9,M,,*62
$BDGSA,A,3,06,08,16,23,32,38,39,,,,,,6.84,4.07,5.50,4*0A
$BDGSV,4,1,13,05,17,250,,06,68,314,28,07,12,180,23,08,31,203,24,1*73
$BDGSV,4,2,13,09,55,287,21,16,68,317,27,20,24,317,20,23,80,024,36,1*76
$BDGSV,4,3,13,25,27,051,21,32,75,265,27,37,81,022,,38,21,192,28,1*77
$BDGSV,4,4,13,39,71,353,35,1*48
$BDGSV,2,1,05,20,24,317,15,23,80,024,27,25,27,051,17,32,75,265,32,3*7D
$BDGSV,2,2,05,39,71,353,40,3*4F
$BDGLL,3904.60266,N,11721.24328,E,133519.00,A,A*75
$BDTXT,01,01,01,ANTENNA OK*24

-- Send QB4 Data OK......294


-- Build QB4 Data :2024,7,10 21-35-19   294






$BDZDA,133520.00,10,07,2024,00,00*73
$BDRMC,133520.00,A,3904.60269,N,11721.24313,E,0.120,,100724,,,A,V*18
$BDGGA,133520.00,3904.60269,N,11721.24313,E,1,07,4.07,34.0,M,-4.9,M,,*6E
$BDGSA,A,3,06,08,16,23,32,38,39,,,,,,6.84,4.07,5.50,4*0A
$BDGSV,4,1,13,05,17,250,,06,68,314,28,07,12,180,22,08,31,203,23,1*75
$BDGSV,4,2,13,09,55,287,20,16,68,317,32,20,24,317,19,23,80,024,35,1*7A
$BDGSV,4,3,13,25,27,051,21,32,75,265,31,37,81,022,,38,21,192,28,1*70
$BDGSV,4,4,13,39,71,353,35,1*48
$BDGSV,2,1,05,20,24,317,15,23,80,024,32,25,27,051,17,32,75,265,33,3*78
$BDGSV,2,2,05,39,71,353,40,3*4F
$BDGLL,3904.60269,N,11721.24313,E,133520.00,A,A*78
$BDTXT,01,01,01,ANTENNA OK*24

-- Send QB4 Data OK......294


-- Build QB4 Data :2024,7,10 21-35-20   294


-- Send QB4 Data OK......294






$BDZDA,133521.00,10,07,2024,00,00*72
$BDRMC,133521.00,A,3904.60274,N,11721.24306,E,0.041,,100724,,,A,V*17
$BDGGA,133521.00,3904.60274,N,11721.24306,E,1,07,4.07,33.9,M,-4.9,M,,*69
$BDGSA,A,3,06,08,16,23,32,38,39,,,,,,6.84,4.07,5.49,4*02
$BDGSV,4,1,13,05,17,250,,06,68,314,28,07,12,180,22,08,31,203,23,1*75
$BDGSV,4,2,13,09,55,287,21,16,68,317,32,20,24,317,19,23,80,024,35,1*7B
$BDGSV,4,3,13,25,27,051,20,32,75,265,31,37,81,022,,38,21,192,28,1*71
$BDGSV,4,4,13,39,71,353,34,1*49
$BDGSV,2,1,05,20,24,317,16,23,80,024,32,25,27,051,17,32,75,265,33,3*7B
$BDGSV,2,2,05,39,71,353,38,3*40
$BDGLL,3904.60274,N,11721.24306,E,133521.00,A,A*71
$BDTXT,01,01,01,ANTENNA OK*24

-- Build QB4 Data :2024,7,10 21-35-21   294






$BDZDA,133522.00,10,07,2024,00,00*71
$BDRMC,133522.00,A,3904.60278,N,11721.24301,E,0.053,,100724,,,A,V*1C
$BDGGA,133522.00,3904.60278,N,11721.24301,E,1,07,4.07,33.8,M,-4.9,M,,*60
$BDGSA,A,3,06,08,16,23,32,38,39,,,,,,6.84,4.07,5.49,4*02
$BDGSV,4,1,13,05,17,250,,06,68,314,27,07,12,180,22,08,31,203,23,1*7A
$BDGSV,4,2,13,09,55,287,22,16,68,317,32,20,24,317,19,23,80,024,35,1*78
$BDGSV,4,3,13,25,27,051,20,32,75,265,31,37,81,022,,38,21,192,28,1*71
$BDGSV,4,4,13,39,71,353,35,1*48
$BDGSV,2,1,05,20,24,317,16,23,80,024,32,25,27,051,18,32,75,265,33,3*74
$BDGSV,2,2,05,39,71,353,40,3*4F
$BDGLL,3904.60278,N,11721.24301,E,133522.00,A,A*79
$BDTXT,01,01,01,ANTENNA OK*24
-- Send QB4 Data OK......294


-- Build QB4 Data :2024,7,10 21-35-22   294


-- Send QB4 Data OK......294





$BDZDA,133523.00,10,07,2024,00,00*70
$BDRMC,133523.00,A,3904.60278,N,11721.24285,E,0.054,,100724,,,A,V*17
$BDGGA,133523.00,3904.60278,N,11721.24285,E,1,07,4.07,33.8,M,-4.9,M,,*6C
$BDGSA,A,3,06,08,16,23,32,38,39,,,,,,6.84,4.07,5.49,4*02
$BDGSV,4,1,13,05,17,250,,06,68,314,27,07,12,180,21,08,31,203,22,1*78
$BDGSV,4,2,13,09,55,287,20,16,68,317,31,20,24,317,18,23,80,024,34,1*79
$BDGSV,4,3,13,25,27,051,19,32,75,265,30,37,81,022,,38,21,192,28,1*7A
$BDGSV,4,4,13,39,71,353,34,1*49
$BDGSV,2,1,05,20,24,317,15,23,80,024,31,25,27,051,18,32,75,265,32,3*75
$BDGSV,2,2,05,39,71,353,39,3*41
$BDGLL,3904.60278,N,11721.24285,E,133523.00,A,A*75
$BDTXT,01,01,01,ANTENNA OK*24

-- Build QB4 Data :2024,7,10 21-35-23   294






$BDZDA,133524.00,10,07,2024,00,00*77
$BDRMC,133524.00,A,3904.60279,N,11721.24271,E,0.079,,100724,,,A,V*15
$BDGGA,133524.00,3904.60279,N,11721.24271,E,1,07,4.07,33.9,M,-4.9,M,,*60
$BDGSA,A,3,06,08,16,23,32,38,39,,,,,,6.83,4.07,5.49,4*05
$BDGSV,4,1,13,05,17,250,,06,68,314,28,07,12,180,22,08,31,203,22,1*74
$BDGSV,4,2,13,09,55,287,20,16,68,317,31,20,24,317,18,23,80,024,34,1*79
$BDGSV,4,3,13,25,27,051,20,32,75,265,30,37,81,022,,38,21,192,28,1*70
$BDGSV,4,4,13,39,71,353,34,1*49
$BDGSV,2,1,05,20,24,317,14,23,80,024,31,25,27,051,17,32,75,265,32,3*7B
$BDGSV,2,2,05,39,71,353,39,3*41
$BDGLL,3904.60279,N,11721.24271,E,133524.00,A,A*78
$BDTXT,01,01,01,ANTENNA OK*24

-- Send QB4 Data OK......294


-- Build QB4 Data :2024,7,10 21-35-24   294






$BDZDA,133525.00,10,07,2024,00,00*76
$BDRMC,133525.00,A,3904.60282,N,11721.24264,E,0.024,,100724,,,A,V*1C
$BDGGA,133525.00,3904.60282,N,11721.24264,E,1,07,4.07,33.8,M,-4.9,M,,*60
$BDGSA,A,3,06,08,16,23,32,38,39,,,,,,6.83,4.07,5.49,4*05
$BDGSV,4,1,13,05,17,250,,06,68,314,27,07,12,180,22,08,31,203,22,1*7B
$BDGSV,4,2,13,09,55,287,20,16,68,317,31,20,24,317,17,23,80,024,34,1*76
$BDGSV,4,3,13,25,27,051,19,32,75,265,30,37,81,022,,38,21,192,27,1*75
$BDGSV,4,4,13,39,71,353,34,1*49
$BDGSV,2,1,05,20,24,317,14,23,80,024,31,25,27,051,16,32,75,265,32,3*7A
$BDGSV,2,2,05,39,71,353,40,3*4F
$BDGLL,3904.60282,N,11721.24264,E,133525.00,A,A*79
$BDTXT,01,01,01,ANTENNA OK*24
-- Send QB4 Data OK......294


-- Build QB4 Data :2024,7,10 21-35-25   294


-- Send QB4 Data OK......294





$BDZDA,133526.00,10,07,2024,00,00*75
$BDRMC,133526.00,A,3904.60288,N,11721.24253,E,0.029,,100724,,,A,V*1C
$BDGGA,133526.00,3904.60288,N,11721.24253,E,1,07,4.07,33.6,M,-4.9,M,,*63
$BDGSA,A,3,06,08,16,23,32,38,39,,,,,,6.83,4.07,5.49,4*05
$BDGSV,4,1,13,05,17,250,,06,68,314,28,07,12,180,22,08,31,203,23,1*75
$BDGSV,4,2,13,09,55,287,21,16,68,317,32,20,24,317,18,23,80,024,35,1*7A
$BDGSV,4,3,13,25,27,051,19,32,75,265,31,37,81,022,,38,21,192,28,1*7B
$BDGSV,4,4,13,39,71,353,35,1*48
$BDGSV,2,1,05,20,24,317,16,23,80,024,32,25,27,051,17,32,75,265,33,3*7B
$BDGSV,2,2,05,39,71,353,40,3*4F
$BDGLL,3904.60288,N,11721.24253,E,133526.00,A,A*74
$BDTXT,01,01,01,ANTENNA OK*24

-- Build QB4 Data :2024,7,10 21-35-26   294






$BDZDA,133527.00,10,07,2024,00,00*74
$BDRMC,133527.00,A,3904.60295,N,11721.24242,E,0.071,,100724,,,A,V*1C
$BDGGA,133527.00,3904.60295,N,11721.24242,E,1,07,4.07,33.4,M,-4.9,M,,*6C
$BDGSA,A,3,06,08,16,23,32,38,39,,,,,,6.83,4.07,5.49,4*05
$BDGSV,4,1,13,05,17,250,,06,68,314,28,07,12,180,23,08,31,203,24,1*73
$BDGSV,4,2,13,09,55,287,21,16,68,317,32,20,24,317,18,23,80,024,35,1*7A
$BDGSV,4,3,13,25,27,051,20,32,75,265,31,37,81,022,,38,21,192,29,1*70
$BDGSV,4,4,13,39,71,353,35,1*48
$BDGSV,2,1,05,20,24,317,17,23,80,024,32,25,27,051,17,32,75,265,33,3*7A
$BDGSV,2,2,05,39,71,353,40,3*4F
$BDGLL,3904.60295,N,11721.24242,E,133527.00,A,A*79
$BDTXT,01,01,01,ANTENNA OK*24

-- Send QB4 Data OK......294


-- Build QB4 Data :2024,7,10 21-35-27   294






$BDZDA,133528.00,10,07,2024,00,00*7B
$BDRMC,133528.00,A,3904.60301,N,11721.24225,E,0.098,,100724,,,A,V*19
$BDGGA,133528.00,3904.60301,N,11721.24225,E,1,07,4.07,33.2,M,-4.9,M,,*68
$BDGSA,A,3,06,08,16,23,32,38,39,,,,,,6.83,4.07,5.49,4*05
$BDGSV,4,1,13,05,17,250,,06,68,314,28,07,12,180,23,08,31,203,23,1*74
$BDGSV,4,2,13,09,55,287,21,16,68,317,32,20,24,317,18,23,80,024,35,1*7A
$BDGSV,4,3,13,25,27,051,20,32,75,265,31,37,81,022,,38,21,192,28,1*71
$BDGSV,4,4,13,39,71,353,34,1*49
$BDGSV,2,1,05,20,24,317,18,23,80,024,32,25,27,051,17,32,75,265,33,3*75
$BDGSV,2,2,05,39,71,353,40,3*4F
$BDGLL-- Send QB4 Data OK......294

,3904.60301,N,11721.24225,E,133528.00,A,A*7B
$BDTXT,01,01,01,ANTENNA OK*24

-- Build QB4 Data :2024,7,10 21-35-28   294






$BDZDA,133529.00,10,07,2024,00,00*7A
$BDRMC,133529.00,A,3904.60307,N,11721.24220,E,0.091,,100724,,,A,V*12
$BDGGA,133529.00,3904.60307,N,11721.24220,E,1,07,4.06,33.0,M,-4.9,M,,*69
$BDGSA,A,3,06,08,16,23,32,38,39,,,,,,6.83,4.06,5.48,4*05
$BDGSV,4,1,13,05,17,250,,06,68,314,27,07,12,180,22,08,31,203,22,1*7B
$BDGSV,4,2,13,09,55,287,20,16,68,317,29,20,24,317,16,23,80,024,34,1*7E
$BDGSV,4,3,13,25,27,051,19,32,75,265,30,37,81,022,,38,21,192,27,1*75
$BDGSV,4,4,13,39,71,353,34,1*49
$BDGSV,2,1,05,20,24,317,16,23,80,024,32,25,27,051,16,32,75,265,33,3*7A
$BDGSV,2,2,05,39,71,353,40,3*4F
$BDGLL,3904.60307,N,11721.24220,E,133529.00,A,A*79
$BDTXT,01,01,01,ANTENNA OK*24

-- Send QB4 Data OK......294


-- Build QB4 Data :2024,7,10 21-35-29   294






$BDZDA,133530.00,10,07,2024,00,00*72
$BDRMC,133530.00,A,3904.60312,N,11721.24209,E,0.042,,100724,,,A,V*1B
$BDGGA,133530.00,3904.60312,N,11721.24209,E,1,07,4.06,32.8,M,-4.9,M,,*67
$BDGSA,A,3,06,08,16,23,32,38,39,,,,,,6.83,4.06,5.48,4*05
$BDGSV,4,1,13,05,17,250,,06,68,314,28,07,12,180,22,08,31,203,23,1*75
$BDGSV,4,2,13,09,55,287,21,16,68,317,31,20,24,317,18,23,80,024,35,1*79
$BDGSV,4,3,13,25,27,051,20,32,75,265,31,37,81,022,,38,21,192,28,1*71
$BDGSV,4,4,13,39,71,353,35,1*48
$BDGSV,2,1,05,20,24,317,16,23,80,024,32,25,27,051,17,32,75,265,34,3*7C
$BDGSV,2,2,05,39,71,353,41,3*4E
$BDGLL,3904.60312,N,11721.24209,E,133530.00,A,A*7E
$BDTXT,01,01,01,ANTENNA OK*24

-- Send QB4 Data OK......294


-- Build QB4 Data :2024,7,10 21-35-30   294






$BDZDA,133531.00,10,07,2024,00,00*73
$BDRMC,133531.00,A,3904.60318,N,11721.24188,E,0.114,,100724,,,A,V*18
$BDGGA,133531.00,3904.60318,N,11721.24188,E,1,07,4.06,32.7,M,-4.9,M,,*69
$BDGSA,A,3,06,08,16,23,32,38,39,,,,,,6.83,4.06,5.48,4*05
$BDGSV,4,1,13,05,17,250,,06,68,314,28,07,12,180,22,08,31,203,23,1*75
$BDGSV,4,2,13,09,55,287,21,16,68,317,31,20,24,317,18,23,80,024,35,1*79
$BDGSV,4,3,13,25,27,051,19,32,75,265,30,37,81,022,,38,21,192,28,1*7A
$BDGSV,4,4,13,39,71,353,35-- Send QB4 Data OK......294

,1*48
$BDGSV,2,1,05,20,24,317,16,23,80,024,32,25,27,051,17,32,75,265,33,3*7B
$BDGSV,2,2,05,39,71,353,41,3*4E
$BDGLL,3904.60318,N,11721.24188,E,133531.00,A,A*7F
$BDTXT,01,01,01,ANTENNA OK*24

-- Build QB4 Data :2024,7,10 21-35-31   294






$BDZDA,133532.00,10,07,2024,00,00*70
$BDRMC,133532.00,A,3904.60319,N,11721.24176,E,0.050,,100724,,,A,V*1A
$BDGGA,133532.00,3904.60319,N,11721.24176,E,1,07,4.06,32.8,M,-4.9,M,,*65
$BDGSA,A,3,06,08,16,23,32,38,39,,,,,,6.82,4.06,5.48,4*04
$BDGSV,4,1,13,05,17,250,,06,68,314,27,07,12,180,21,08,31,203,22,1*78
$BDGSV,4,2,13,09,55,287,20,16,68,317,30,20,24,317,18,23,80,024,33,1*7F
$BDGSV,4,3,13,25,27,051,19,32,75,265,29,37,81,022,,38,21,192,27,1*7D
$BDGSV,4,4,13,39,71,353,33,1*4E
$BDGSV,2,1,05,20,24,317,16,23,80,024,31,25,27,051,16,32,75,265,32,3*78
$BDGSV,2,2,05,39,71,353,37,3*4F
$BDGLL,3904.60319,N,11721.24176,E,133532.00,A,A*7C
$BDTXT,01,01,01,ANTENNA OK*24

-- Send QB4 Data OK......294


-- Build QB4 Data :2024,7,10 21-35-32   294






$BDZDA,133533.00,10,07,2024,00,00*71
$BDRMC,133533.00,A,3904.60320,N,11721.24165,E,0.075,,100724,,,A,V*14
$BDGGA,133533.00,3904.60320,N,11721.24165,E,1,07,4.06,32.8,M,-4.9,M,,*6C
$BDGSA,A,3,06,08,16,23,32,38,39,,,,,,6.82,4.06,5.48,4*04
$BDGSV,4,1,13,05,17,250,,06,68,314,28,07,12,180,22,08,31,203,22,1*74
$BDGSV,4,2,13,09,55,287,20,16,68,317,31,20,24,317,18,23,80,024,34,1*79
$BDGSV,4,3,13,25,27,051,19,32,75,265,30,37,81,023,,38,21,192,27,1*74
$BDGSV,4,4,13,39,71,353,34,1*49
$BDGSV,2,1,05,20,24,317,17,23,80,024,32,25,27,051,16,32,75,265,33,3*7B
$BDGSV,2,2,05,39,71,353,40,3*4F
$BDGLL,3904.60320,N,11721.24165,E,133533.00,A,A*75
$BDTXT,01,01,01,ANTENNA OK*24

-- Send QB4 Data OK......294


-- Build QB4 Data :2024,7,10 21-35-33   294






$BDZDA,133534.00,10,07,2024,00,00*76
$BDRMC,133534.00,A,3904.60324,N,11721.24159,E,0.020,,100724,,,A,V*18
$BDGGA,133534.00,3904.60324,N,11721.24159,E,1,07,4.06,32.7,M,-4.9,M,,*6F
$BDGSA,A,3,06,08,16,23,32,38,39,,,,,,6.82,4.06,5.48,4*04
$BDGSV,4,1,13,05,17,250,,06,68,314,28,07,12,180,22,08,31,203,23,1*75
$BDGSV,4,2,13,09,55,287,20,16,68,317,31,20,24,317,-- Send QB4 Data OK......294

17,23,80,024,33,1*71
$BDGSV,4,3,13,25,27,051,20,32,75,265,29,37,81,023,,38,21,192,27,1*76
$BDGSV,4,4,13,39,71,353,33,1*4E
$BDGSV,2,1,05,20,24,317,17,23,80,024,31,25,27,051,15,32,75,265,32,3*7A
$BDGSV,2,2,05,39,71,353,38,3*40
$BDGLL,3904.60324,N,11721.24159,E,133534.00,A,A*79
$BDTXT,01,01,01,ANTENNA OK*24

-- Build QB4 Data :2024,7,10 21-35-34   294


-- Send QB4 Data OK......294






$BDZDA,133535.00,10,07,2024,00,00*77
$BDRMC,133535.00,A,3904.60327,N,11721.24150,E,0.055,,100724,,,A,V*11
$BDGGA,133535.00,3904.60327,N,11721.24150,E,1,07,4.06,32.6,M,-4.9,M,,*65
$BDGSA,A,3,06,08,16,23,32,38,39,,,,,,6.82,4.06,5.48,4*04
$BDGSV,4,1,13,05,17,250,,06,68,314,28,07,12,180,22,08,31,203,23,1*75
$BDGSV,4,2,13,09,55,287,21,16,68,317,32,20,24,317,18,23,80,024,34,1*7B
$BDGSV,4,3,13,25,27,051,21,32,75,265,31,37,81,023,,38,21,192,28,1*71
$BDGSV,4,4,13,39,71,353,35,1*48
$BDGSV,2,1,05,20,24,317,17,23,80,024,32,25,27,051,15,32,75,265,33,3*78
$BDGSV,2,2,05,39,71,353,40,3*4F
$BDGLL,3904.60327,N,11721.24150,E,133535.00,A,A*72
$BDTXT,01,01,01,ANTENNA OK*24

-- Build QB4 Data :2024,7,10 21-35-35   294






$BDZDA,133536.00,10,07,2024,00,00*74
$BDRMC,133536.00,A,3904.60335,N,11721.24125,E,0.094,,100724,,,A,V*1E
$BDGGA,133536.00,3904.60335,N,11721.24125,E,1,07,4.06,32.4,M,-4.9,M,,*65
$BDGSA,A,3,06,08,16,23,32,38,39,,,,,,6.82,4.06,5.48,4*04
$BDGSV,4,1,13,05,17,250,,06,68,314,29,07,12,180,23,08,31,203,24,1*72
$BDGSV,4,2,13,09,55,287,21,16,68,317,32,20,24,317,18,23,80,024,35,1*7A
$BDGSV,4,3,13,25,27,051,21,32,75,264,30,37,81,023,,38,21,192,28,1*71
$BDGSV,4,4,13,39,71,353,35,1*48
$BDGSV,2,1,05,20,24,317,18,23,80,024,32,25,27,051,14,32,75,264,33,3*77
$BDGSV,2,2,05,39,71,353,40,3*4F
$BDGLL,3904.60335,N,11721.24125,E,133536.00,A,A*70
$BDTXT,01,01,01,ANTENNA OK*24

-- Send QB4 Data OK......294


-- Build QB4 Data :2024,7,10 21-35-36   294






$BDZDA,133537.00,10,07,2024,00,00*75
$BDRMC,133537.00,A,3904.60336,N,11721.24113,E,0.122,,100724,,,A,V*15
$BDGGA,133537.00,3904.60336,N,11721.24113,E,1,07,4.06,32.3,M,-4.9,M,,*65
$BDGSA,A,3,06,08,16,23,32,38,39,,,,,,6.82,4.06,5.47,4*0B
$B-- Send QB4 Data OK......294

DGSV,4,1,13,05,17,250,,06,68,314,28,07,12,180,22,08,31,203,25,1*73
$BDGSV,4,2,13,09,55,287,21,16,68,317,32,20,24,317,18,23,80,024,35,1*7A
$BDGSV,4,3,13,25,27,051,21,32,75,264,30,37,81,023,,38,21,192,28,1*71
$BDGSV,4,4,13,39,71,353,35,1*48
$BDGSV,2,1,05,20,24,317,18,23,80,024,32,25,27,051,14,32,75,264,33,3*77
$BDGSV,2,2,05,39,71,353,38,3*40
$BDGLL,3904.60336,N,11721.24113,E,133537.00,A,A*77
$BDTXT,01,01,01,ANTENNA OK*24

-- Build QB4 Data :2024,7,10 21-35-37   294






$BDZDA,133538.00,10,07,2024,00,00*7A
$BDRMC,133538.00,A,3904.60333,N,11721.24101,E,0.065,,100724,,,A,V*1E
$BDGGA,133538.00,3904.60333,N,11721.24101,E,1,07,4.06,32.5,M,-4.9,M,,*6A
$BDGSA,A,3,06,08,16,23,32,38,39,,,,,,6.82,4.06,5.47,4*0B
$BDGSV,4,1,13,05,17,250,,06,68,314,27,07,12,180,21,08,31,203,23,1*79
$BDGSV,4,2,13,09,55,287,19,16,68,317,31,20,24,317,16,23,80,024,31,1*78
$BDGSV,4,3,13,25,27,051,20,32,75,264,29,37,81,023,,38,21,192,26,1*76
$BDGSV,4,4,13,39,71,353,34,1*49
$BDGSV,2,1,05,20,24,317,17,23,80,024,28,25,27,051,12,32,75,264,32,3*74
$BDGSV,2,2,05,39,71,353,40,3*4F
$BDGLL,3904.60333,N,11721.24101,E,133538.00,A,A*7E
$BDTXT,01,01,01,ANTENNA OK*24

-- Send QB4 Data OK......294


-- Build QB4 Data :2024,7,10 21-35-38   294






$BDZDA,133539.00,10,07,2024,00,00*7B
$BDRMC,133539.00,A,3904.60337,N,11721.24079,E,0.097,,100724,,,A,V*18
$BDGGA,133539.00,3904.60337,N,11721.24079,E,1,07,4.06,32.4,M,-4.9,M,,*60
$BDGSA,A,3,06,08,16,23,32,38,39,,,,,,6.82,4.06,5.47,4*0B
$BDGSV,4,1,13,05,17,250,,06,68,314,27,07,12,180,22,08,31,203,22,1*7B
$BDGSV,4,2,13,09,55,287,19,16,68,317,31,20,24,317,17,23,80,024,35,1*7D
$BDGSV,4,3,13,25,27,051,20,32,75,264,29,37,81,023,,38,21,192,27,1*77
$BDGSV,4,4,13,39,71,353,34,1*49
$BDGSV,2,1,05,20,24,317,19,23,80,024,32,25,27,051,13,32,75,264,33,3*71
$BDGSV,2,2,05,39,71,353,40,3*4F
$BDGLL,3904.60337,N,11721.24079,E,133539.00,A,A*75
$BDTXT,01,01,01,ANTENNA OK*24

-- Send QB4 Data OK......294


-- Build QB4 Data :2024,7,10 21-35-39   294






$BDZDA,133540.00,10,07,2024,00,00*75
$BDRMC,133540.00,A,3904.60346,N,11721.24060,E,0.044,,100724,,,A,V*16
$BDGGA,133540.00-- Send QB4 Data OK......294

,3904.60346,N,11721.24060,E,1,07,4.06,32.2,M,-4.9,M,,*66
$BDGSA,A,3,06,08,16,23,32,38,39,,,,,,6.81,4.06,5.47,4*08
$BDGSV,4,1,13,05,17,250,,06,68,314,28,07,12,180,22,08,31,203,23,1*75
$BDGSV,4,2,13,09,55,287,19,16,68,317,31,20,24,317,16,23,80,024,34,1*7D
$BDGSV,4,3,13,25,27,051,19,32,75,264,30,37,81,023,,38,21,192,27,1*75
$BDGSV,4,4,13,39,71,353,34,1*49
$BDGSV,2,1,05,20,24,317,20,23,80,024,32,25,27,051,13,32,75,264,33,3*7B
$BDGSV,2,2,05,39,71,353,40,3*4F
$BDGLL,3904.60346,N,11721.24060,E,133540.00,A,A*75
$BDTXT,01,01,01,ANTENNA OK*24

-- Build QB4 Data :2024,7,10 21-35-40   294






$BDZDA,133541.00,10,07,2024,00,00*74
$BDRMC,133541.00,A,3904.60357,N,11721.24048,E,0.037,,100724,,,A,V*19
$BDGGA,133541.00,3904.60357,N,11721.24048,E,1,07,4.06,31.8,M,-4.9,M,,*64
$BDGSA,A,3,06,08,16,23,32,38,39,,,,,,6.81,4.06,5.47,4*08
$BDGSV,4,1,13,05,17,250,,06,68,314,27,07,12,180,21,08,31,203,22,1*78
$BDGSV,4,2,13,09,55,287,19,16,68,317,31,20,24,317,17,23,80,024,34,1*7C
$BDGSV,4,3,13,25,27,051,19,32,75,264,29,37,81,023,,38,21,192,27,1*7D
$BDGSV,4,4,13,39,71,353,33,1*4E
$BDGSV,2,1,05,20,24,317,20,23,80,024,32,25,27,051,13,32,75,264,32,3*7A
$BDGSV,2,2,05,39,71,353,40,3*4F
$BDGLL,3904.60357,N,11721.24048,E,133541.00,A,A*7E
$BDTXT,01,01,01,ANTENNA OK*24

-- Send QB4 Data OK......294


-- Build QB4 Data :2024,7,10 21-35-41   294






$BDZDA,133542.00,10,07,2024,00,00*77
$BDRMC,133542.00,A,3904.60354,N,11721.24030,E,0.113,,100724,,,A,V*11
$BDGGA,133542.00,3904.60354,N,11721.24030,E,1,07,4.06,31.8,M,-4.9,M,,*6B
$BDGSA,A,3,06,08,16,23,32,38,39,,,,,,6.81,4.06,5.47,4*08
$BDGSV,4,1,13,05,17,250,,06,68,314,27,07,12,180,21,08,31,203,23,1*79
$BDGSV,4,2,13,09,55,287,20,16,68,317,31,20,24,317,16,23,80,024,33,1*70
$BDGSV,4,3,13,25,27,051,19,32,75,264,29,37,81,023,,38,21,192,27,1*7D
$BDGSV,4,4,13,39,71,353,33,1*4E
$BDGSV,2,1,05,20,24,317,20,23,80,024,32,25,27,051,13,32,75,264,32,3*7A
$BDGSV,2,2,05,39,71,353,39,3*41
$BDGLL,3904.60354,N,11721.24030,E,133542.00,A,A*71
$BDTXT,01,01,01,ANTENNA OK*24
-- Send QB4 Data OK......294


-- Build QB4 Data :2024,7,10 21-35-42   294






$BDZDA,133543.00,10,07,2024,00,00*76
$BDRMC,133543.00,A,3904.60361,N,11721.24019,E,0.104,,100724,,,A,V*1B
$BDGGA,133543.00,3904.60361,N,11721.24019,E,1,07,4.06,31.7,M,-4.9,M,,*68
$BDGSA,A,3,06,08,16,23,32,38,39,,,,,,6.81,4.06,5.47,4*08
$BDGSV,4,1,13,05,17,250,,06,68,314,27,07,12,180,21,08,31,203,23,1*79
$BDGSV,4,2,13,09,55,287,20,16,68,317,31,20,24,317,17,23,80,024,34,1*76
$BDGSV,4,3,13,25,27,051,20,32,75,264,29,37,81,023,,38,21,192,27,1*77
$BDGSV,4,4,13,39,71,353,34,1*49
$BDGSV,2,1,05,20,24,317,20,23,80,024,32,25,27,051,14,32,75,264,33,3*7C
$BDGSV,2,2,05,39,71,353,39,3*41
$BDGLL,3904.60361,N,11721.24019,E,133543.00,A,A*7D
$BDTXT,01,01,01,ANTENNA OK*24

-- Send QB4 Data OK......294


-- Build QB4 Data :2024,7,10 21-35-43   294






$BDZDA,133544.00,10,07,2024,00,00*71
$BDRMC,133544.00,A,3904.60366,N,11721.24009,E,0.060,,100724,,,A,V*19
$BDGGA,133544.00,3904.60366,N,11721.24009,E,1,07,4.06,31.5,M,-4.9,M,,*6B
$BDGSA,A,3,06,08,16,23,32,38,39,,,,,,6.81,4.06,5.47,4*08
$BDGSV,4,1,13,05,17,250,,06,68,314,27,07,12,180,19,08,31,203,22,1*73
$BDGSV,4,2,13,09,55,287,19,16,68,317,30,20,24,317,15,23,80,024,33,1*78
$BDGSV,4,3,13,25,27,051,18,32,75,264,29,37,81,023,,38,21,192,27,1*7C
$BDGSV,4,4,13,39,71,353,33,1*4E
$BDGSV,2,1,05,20,24,317,20,23,80,024,31,25,27,051,12,32,75,264,32,3*78
$BDGSV,2,2,05,39,71,353,39,3*41
$BDGLL,3904.60366,N,11721.24009,E,133544.00,A,A*7C
$BDTXT,01,01,01,ANTENNA OK*24

-- Send QB4 Data OK......294


-- Build QB4 Data :2024,7,10 21-35-44   294






$BDZDA,133545.00,10,07,2024,00,00*70
$BDRMC,133545.00,A,3904.60366,N,11721.23999,E,0.075,,100724,,,A,V*1B
$BDGGA,133545.00,3904.60366,N,11721.23999,E,1,07,4.06,31.6,M,-4.9,M,,*6E
$BDGSA,A,3,06,08,16,23,32,38,39,,,,,,6.81,4.06,5.46,4*09
$BDGSV,4,1,13,05,17,250,,06,68,314,28,07,12,180,21,08,31,203,23,1*76
$BDGSV,4,2,13,09,55,287,20,16,68,317,32,20,24,317,16,23,80,024,34,1*74
$BDGSV,4,3,13,25,27,051,19,32,75,264,30,37,81,023,,38,21,192,28,1*7A
$BDGSV,4,4,13,39,71,353,35,1*48
$BDGSV,2,1,05,20,24,317,21,23,80,024,33,25,27,051,12,32,75,264,33,3*7A
$BDGSV,2,2,05,39,71,353,40,3*4F
$BDGLL,3904.60366,N,11721.23999,E,133545.00,A,A*7A
$BDTXT,01,01,01,ANTENNA OK*24
-- Send QB4 Data OK......294


-- Build QB4 Data :2024,7,10 21-35-45   294


-- Send QB4 Data OK......294





$BDZDA,133546.00,10,07,2024,00,00*73
$BDRMC,133546.00,A,3904.60367,N,11721.23994,E,0.168,,100724,,,A,V*19
$BDGGA,133546.00,3904.60367,N,11721.23994,E,1,07,4.06,31.6,M,-4.9,M,,*61
$BDGSA,A,3,06,08,16,23,32,38,39,,,,,,6.81,4.06,5.46,4*09
$BDGSV,4,1,13,05,17,250,,06,68,314,28,07,12,180,21,08,31,203,24,1*71
$BDGSV,4,2,13,09,55,287,21,16,68,317,32,20,24,317,17,23,80,024,35,1*75
$BDGSV,4,3,13,25,27,051,19,32,75,264,31,37,81,023,32,38,21,192,28,1*7A
$BDGSV,4,4,13,39,71,353,35,1*48
$BDGSV,2,1,05,20,24,317,22,23,80,024,32,25,27,051,11,32,75,264,33,3*7B
$BDGSV,2,2,05,39,71,353,40,3*4F
$BDGLL,3904.60367,N,11721.23994,E,133546.00,A,A*75
$BDTXT,01,01,01,ANTENNA OK*24

-- Build QB4 Data :2024,7,10 21-35-46   294






$BDZDA,133547.00,10,07,2024,00,00*72
$BDRMC,133547.00,A,3904.60360,N,11721.23981,E,0.097,,100724,,,A,V*1A
$BDGGA,133547.00,3904.60360,N,11721.23981,E,1,07,4.06,31.9,M,-4.9,M,,*6C
$BDGSA,A,3,06,08,16,23,32,38,39,,,,,,6.81,4.06,5.46,4*09
$BDGSV,4,1,13,05,17,250,,06,68,314,28,07,12,180,21,08,31,203,24,1*71
$BDGSV,4,2,13,09,55,287,20,16,68,317,31,20,24,317,17,23,80,024,33,1*71
$BDGSV,4,3,13,25,27,051,20,32,75,264,30,37,81,023,32,38,21,192,28,1*71
$BDGSV,4,4,13,39,71,353,34,1*49
$BDGSV,2,1,06,20,24,317,21,23,80,024,31,25,27,051,11,32,75,264,32,3*79
$BDGSV,2,2,06,37,81,023,34,39,71,353,38,3*78
$BDGLL,3904.60360,N,11721.23981,E,133547.00,A,A*77
$BDTXT,01,01,01,ANTENNA OK*24

-- Send QB4 Data OK......294


-- Build QB4 Data :2024,7,10 21-35-47   294






$BDZDA,133548.00,10,07,2024,00,00*7D
$BDRMC,133548.00,A,3904.60372,N,11721.23978,E,0.242,,100724,,,A,V*1A
$BDGGA,133548.00,3904.60372,N,11721.23978,E,1,07,4.06,31.6,M,-4.9,M,,*69
$BDGSA,A,3,06,08,16,23,32,38,39,,,,,,6.80,4.06,5.46,4*08
$BDGSV,4,1,13,05,17,250,,06,68,314,27,07,12,180,20,08,31,203,23,1*78
$BDGSV,4,2,13,09,55,287,19,16,68,317,32,20,24,317,16,23,80,024,34,1*7E
$BDGSV,4,3,13,25,27,051,19,32,75,264,29,37,81,023,32,38,21,192,27,1*7C
$BDGSV,4,4,13,39,71,353,34,1*49
$BDGSV,2,1,06,20,24,317,21,23,80,024,32,25,27,051,09,32,75,264,33,3*72
$BDGSV,2,2,06,37,81,023,34,39,71,353,-- Send QB4 Data OK......294

41,3*76
$BDGLL,3904.60372,N,11721.23978,E,133548.00,A,A*7D
$BDTXT,01,01,01,ANTENNA OK*24

-- Build QB4 Data :2024,7,10 21-35-48   294


-- Send QB4 Data OK......294





$BDZDA,133549.00,10,07,2024,00,00*7C
$BDRMC,133549.00,A,3904.60380,N,11721.23967,E,0.121,,100724,,,A,V*1E
$BDGGA,133549.00,3904.60380,N,11721.23967,E,1,07,4.06,31.4,M,-4.9,M,,*69
$BDGSA,A,3,06,08,16,23,32,38,39,,,,,,6.80,4.06,5.46,4*08
$BDGSV,4,1,13,05,17,250,,06,68,314,28,07,12,180,21,08,31,203,25,1*70
$BDGSV,4,2,13,09,55,287,20,16,68,317,32,20,24,317,16,23,80,024,34,1*74
$BDGSV,4,3,13,25,27,051,19,32,75,264,30,37,81,023,32,38,21,192,28,1*7B
$BDGSV,4,4,13,39,71,353,35,1*48
$BDGSV,2,1,06,20,24,317,22,23,80,024,32,25,27,051,10,32,75,264,33,3*79
$BDGSV,2,2,06,37,81,023,35,39,71,353,39,3*78
$BDGLL,3904.60380,N,11721.23967,E,133549.00,A,A*7F
$BDTXT,01,01,01,ANTENNA OK*24

-- Build QB4 Data :2024,7,10 21-35-49   294






$BDZDA,133550.00,10,07,2024,00,00*74
$BDRMC,133550.00,A,3904.60385,N,11721.23954,E,0.055,,100724,,,A,V*11
$BDGGA,133550.00,3904.60385,N,11721.23954,E,1,07,4.06,31.3,M,-4.9,M,,*63
$BDGSA,A,3,06,08,16,23,32,38,39,,,,,,6.80,4.06,5.46,4*08
$BDGSV,4,1,13,05,17,250,,06,68,314,28,07,12,180,21,08,31,203,24,1*71
$BDGSV,4,2,13,09,55,287,21,16,68,317,32,20,24,317,17,23,80,024,34,1*74
$BDGSV,4,3,13,25,27,051,19,32,75,264,30,37,81,023,32,38,21,192,28,1*7B
$BDGSV,4,4,13,39,71,353,34,1*49
$BDGSV,2,1,06,20,24,317,23,23,80,024,32,25,27,051,09,32,75,264,33,3*70
$BDGSV,2,2,06,37,81,023,35,39,71,353,39,3*78
$BDGLL,3904.60385,N,11721.23954,E,133550.00,A,A*72
$BDTXT,01,01,01,ANTENNA OK*24

-- Send QB4 Data OK......294


-- Build QB4 Data :2024,7,10 21-35-50   294






$BDZDA,133551.00,10,07,2024,00,00*75
$BDRMC,133551.00,A,3904.60385,N,11721.23948,E,0.093,,100724,,,A,V*17
$BDGGA,133551.00,3904.60385,N,11721.23948,E,1,07,4.06,31.4,M,-4.9,M,,*68
$BDGSA,A,3,06,08,16,23,32,38,39,,,,,,6.80,4.06,5.46,4*08
$BDGSV,4,1,13,05,17,250,,06,68,314,27,07,12,180,20,08,31,203,23,1*78
$BDGSV,4,2,13,09,55,287,20,16,68,317,31,20,24,317,16,23,80,024,33,1*70
$BDGSV,4,3,13,25,27,051,18,32,75,264,29,37,81,023,32,38,21,192,27,1*7D
$BDGSV,4,4,13,39,71,353,-- Send QB4 Data OK......294

33,1*4E
$BDGSV,2,1,06,20,24,317,22,23,80,024,32,25,27,051,08,32,75,264,32,3*71
$BDGSV,2,2,06,37,81,023,35,39,71,353,39,3*78
$BDGLL,3904.60385,N,11721.23948,E,133551.00,A,A*7E
$BDTXT,01,01,01,ANTENNA OK*24

-- Build QB4 Data :2024,7,10 21-35-51   294






$BDZDA,133552.00,10,07,2024,00,00*76
$BDRMC,133552.00,A,3904.60388,N,11721.23947,E,0.217,,100724,,,A,V*18
$BDGGA,133552.00,3904.60388,N,11721.23947,E,1,07,4.05,31.3,M,-4.9,M,,*6D
$BDGSA,A,3,06,08,16,23,32,38,39,,,,,,6.80,4.05,5.46,4*0B
$BDGSV,4,1,13,05,17,250,,06,68,314,28,07,12,180,21,08,31,203,24,1*71
$BDGSV,4,2,13,09,55,287,20,16,68,317,31,20,24,317,16,23,80,024,33,1*70
$BDGSV,4,3,13,25,27,051,19,32,75,264,29,37,81,023,32,38,21,192,27,1*7C
$BDGSV,4,4,13,39,71,353,34,1*49
$BDGSV,2,1,06,20,24,317,22,23,80,024,32,25,27,051,09,32,75,264,33,3*71
$BDGSV,2,2,06,37,81,023,35,39,71,353,40,3*76
$BDGLL,3904.60388,N,11721.23947,E,133552.00,A,A*7F
$BDTXT,01,01,01,ANTENNA OK*24

-- Send QB4 Data OK......294


-- Build QB4 Data :2024,7,10 21-35-52   294






$BDZDA,133553.00,10,07,2024,00,00*77
$BDRMC,133553.00,A,3904.60390,N,11721.23933,E,0.085,,100724,,,A,V*1A
$BDGGA,133553.00,3904.60390,N,11721.23933,E,1,07,4.05,31.3,M,-4.9,M,,*66
$BDGSA,A,3,06,08,16,23,32,38,39,,,,,,6.80,4.05,5.45,4*08
$BDGSV,4,1,13,05,17,250,,06,68,314,27,07,12,180,21,08,31,203,24,1*7E
$BDGSV,4,2,13,09,55,287,19,16,68,317,30,20,24,317,14,23,80,024,32,1*78
$BDGSV,4,3,13,25,27,051,19,32,75,264,29,37,81,023,31,38,21,192,26,1*7E
$BDGSV,4,4,13,39,71,353,33,1*4E
$BDGSV,2,1,06,20,24,317,21,23,80,024,31,25,27,051,10,32,75,264,32,3*78
$BDGSV,2,2,06,37,81,023,34,39,71,353,37,3*77
$BDGLL,3904.60390,N,11721.23933,E,133553.00,A,A*74
$BDTXT,01,01,01,ANTENNA OK*24

-- Send QB4 Data OK......294


-- Build QB4 Data :2024,7,10 21-35-53   294






$BDZDA,133554.00,10,07,2024,00,00*70
$BDRMC,133554.00,A,3904.60393,N,11721.23921,E,0.174,,100724,,,A,V*12
$BDGGA,133554.00,3904.60393,N,11721.23921,E,1,07,4.05,31.3,M,-4.9,M,,*61
$BDGSA,A,3,06,08,16,23,32,38,39,,,,,,6.80,4.05,5.45,4*08
$BDGSV,4,1,13,05,17,250,,06,68,314,29,07,12,180,24,08,31,203,25,1*74
$BDGSV,4,2,13,09,55,287,20,16,68,317,32,20,24,317,-- Send QB4 Data OK......294

15,23,80,024,34,1*77
$BDGSV,4,3,13,25,27,051,19,32,75,264,31,37,81,023,33,38,21,192,27,1*74
$BDGSV,4,4,13,39,71,353,35,1*48
$BDGSV,2,1,06,20,24,317,22,23,80,024,33,25,27,051,11,32,75,264,33,3*79
$BDGSV,2,2,06,37,81,023,35,39,71,353,41,3*77
$BDGLL,3904.60393,N,11721.23921,E,133554.00,A,A*73
$BDTXT,01,01,01,ANTENNA OK*24

-- Build QB4 Data :2024,7,10 21-35-54   294






$BDZDA,133555.00,10,07,2024,00,00*71
$BDRMC,133555.00,A,3904.60396,N,11721.23918,E,0.087,,100724,,,A,V*11
$BDGGA,133555.00,3904.60396,N,11721.23918,E,1,07,4.05,31.2,M,-4.9,M,,*6E
$BDGSA,A,3,06,08,16,23,32,38,39,,,,,,6.80,4.05,5.45,4*08
$BDGSV,4,1,13,05,17,250,,06,68,314,29,07,12,180,24,08,31,203,26,1*77
$BDGSV,4,2,13,09,55,287,21,16,68,317,33,20,24,317,16,23,80,024,34,1*74
$BDGSV,4,3,13,25,27,051,20,32,75,264,31,37,81,023,33,38,21,192,28,1*71
$BDGSV,4,4,13,39,71,353,35,1*48
$BDGSV,2,1,06,20,24,317,23,23,80,024,33,25,27,051,13,32,75,264,34,3*7D
$BDGSV,2,2,06,37,81,023,36,39,71,353,41,3*74
$BDGLL,3904.60396,N,11721.23918,E,133555.00,A,A*7D
$BDTXT,01,01,01,ANTENNA OK*24

-- Send QB4 Data OK......294


-- Build QB4 Data :2024,7,10 21-35-55   294






$BDZDA,133556.00,10,07,2024,00,00*72
$BDRMC,133556.00,A,3904.60408,N,11721.23917,E,0.115,,100724,,,A,V*17
$BDGGA,133556.00,3904.60408,N,11721.23917,E,1,07,4.05,30.8,M,-4.9,M,,*69
$BDGSA,A,3,06,08,16,23,32,38,39,,,,,,6.79,4.05,5.45,4*0E
$BDGSV,4,1,13,05,17,250,,06,68,314,29,07,12,180,24,08,31,203,25,1*74
$BDGSV,4,2,13,09,55,287,20,16,68,317,32,20,24,317,13,23,80,024,33,1*76
$BDGSV,4,3,13,25,27,051,20,32,75,264,30,37,81,023,32,38,21,192,27,1*7E
$BDGSV,4,4,13,39,71,353,34,1*49
$BDGSV,2,1,06,20,24,317,24,23,80,024,32,25,27,051,12,32,75,264,33,3*7D
$BDGSV,2,2,06,37,81,023,35,39,71,353,38,3*79
$BDGLL,3904.60408,N,11721.23917,E,133556.00,A,A*71
$BDTXT,01,01,01,ANTENNA OK*24

-- Send QB4 Data OK......294


-- Build QB4 Data :2024,7,10 21-35-56   294






$BDZDA,133557.00,10,07,2024,00,00*73
$BDRMC,133557.00,A,3904.60414,N,11721.23913,E,0.281,,100724,,,A,V*11
$BDGGA,133557.00,3904.60414,N,11721.23913,E,1,07,4.05,30.6,M,-4.9,M,,*6F
$BDGSA,A,3,06,08,16,23,32,38,39,,,,,,6.79,4.05,5.45,4*0E
$B-- Send QB4 Data OK......294

DGSV,4,1,13,05,17,250,,06,68,314,27,07,12,180,23,08,31,203,24,1*7C
$BDGSV,4,2,13,09,55,287,19,16,68,317,27,20,24,317,13,23,80,025,29,1*72
$BDGSV,4,3,13,25,27,051,19,32,75,264,29,37,81,023,28,38,21,192,27,1*77
$BDGSV,4,4,13,39,71,353,30,1*4D
$BDGSV,2,1,06,20,24,317,22,23,80,025,32,25,27,051,09,32,75,264,33,3*70
$BDGSV,2,2,06,37,81,023,35,39,71,353,39,3*78
$BDGLL,3904.60414,N,11721.23913,E,133557.00,A,A*79
$BDTXT,01,01,01,ANTENNA OK*24

-- Build QB4 Data :2024,7,10 21-35-57   294






$BDZDA,133558.00,10,07,2024,00,00*7C
$BDRMC,133558.00,A,3904.60417,N,11721.23917,E,0.138,,100724,,,A,V*18
$BDGGA,133558.00,3904.60417,N,11721.23917,E,1,07,4.05,30.5,M,-4.9,M,,*64
$BDGSA,A,3,06,08,16,23,32,38,39,,,,,,6.79,4.05,5.45,4*0E
$BDGSV,4,1,13,05,17,250,,06,68,314,28,07,12,180,23,08,31,203,25,1*72
$BDGSV,4,2,13,09,55,287,19,16,68,317,32,20,24,317,14,23,80,025,34,1*7D
$BDGSV,4,3,13,25,27,051,20,32,75,264,30,37,81,023,33,38,20,192,27,1*7E
$BDGSV,4,4,13,39,71,353,35,1*48
$BDGSV,2,1,06,20,24,317,22,23,80,025,33,25,27,051,10,32,75,264,34,3*7E
$BDGSV,2,2,06,37,81,023,36,39,71,353,40,3*75
$BDGLL,3904.60417,N,11721.23917,E,133558.00,A,A*71
$BDTXT,01,01,01,ANTENNA OK*24

-- Send QB4 Data OK......294


-- Build QB4 Data :2024,7,10 21-35-58   294






$BDZDA,133559.00,10,07,2024,00,00*7D
$BDRMC,133559.00,A,3904.60421,N,11721.23924,E,0.229,,100724,,,A,V*1F
$BDGGA,133559.00,3904.60421,N,11721.23924,E,1,07,4.05,30.4,M,-4.9,M,,*61
$BDGSA,A,3,06,08,16,23,32,38,39,,,,,,6.79,4.05,5.45,4*0E
$BDGSV,4,1,13,05,17,250,,06,68,314,28,07,12,180,22,08,31,203,25,1*73
$BDGSV,4,2,13,09,55,287,20,16,68,317,32,20,24,317,15,23,80,025,33,1*71
$BDGSV,4,3,13,25,27,051,20,32,75,264,30,37,81,023,32,38,20,192,27,1*7F
$BDGSV,4,4,13,39,71,353,34,1*49
$BDGSV,2,1,06,20,24,317,23,23,80,025,32,25,27,051,13,32,75,264,33,3*7A
$BDGSV,2,2,06,37,81,023,36,39,71,353,40,3*75
$BDGLL,3904.60421,N,11721.23924,E,133559.00,A,A*75
$BDTXT,01,01,01,ANTENNA OK*24

-- Send QB4 Data OK......294


-- Build QB4 Data :2024,7,10 21-35-59   294






$BDZDA,133600.00,10,07,2024,00,00*72
$BDRMC,133600.00,A,3904.60421,N,11721.23930,E,0.293,,100724,,,A,V*14
$BDGGA,133600.00-- Send QB4 Data OK......294

,3904.60421,N,11721.23930,E,1,07,4.05,30.3,M,-4.9,M,,*6C
$BDGSA,A,3,06,08,16,23,32,38,39,,,,,,6.79,4.05,5.45,4*0E
$BDGSV,4,1,13,05,17,250,,06,68,314,28,07,12,180,22,08,31,203,25,1*73
$BDGSV,4,2,13,09,55,287,20,16,68,317,31,20,24,317,15,23,80,025,33,1*72
$BDGSV,4,3,13,25,27,051,19,32,75,264,29,37,81,023,31,38,20,192,27,1*7E
$BDGSV,4,4,13,39,71,353,33,1*4E
$BDGSV,2,1,06,20,24,317,23,23,80,025,32,25,27,051,14,32,75,264,33,3*7D
$BDGSV,2,2,06,37,81,023,36,39,71,353,40,3*75
$BDGLL,3904.60421,N,11721.23930,E,133600.00,A,A*7F
$BDTXT,01,01,01,ANTENNA OK*24

-- Build QB4 Data :2024,7,10 21-36-0   294






$BDZDA,133601.00,10,07,2024,00,00*73
$BDRMC,133601.00,A,3904.60415,N,11721.23934,E,0.095,,100724,,,A,V*12
$BDGGA,133601.00,3904.60415,N,11721.23934,E,1,07,4.05,30.5,M,-4.9,M,,*68
$BDGSA,A,3,06,08,16,23,32,38,39,,,,,,6.79,4.05,5.44,4*0F
$BDGSV,4,1,13,05,17,250,,06,68,314,28,07,12,180,21,08,31,203,26,1*73
$BDGSV,4,2,13,09,55,287,20,16,68,317,32,20,24,317,16,23,80,025,33,1*72
$BDGSV,4,3,13,25,27,051,19,32,75,264,29,37,81,023,31,38,20,192,28,1*71
$BDGSV,4,4,13,39,71,353,34,1*49
$BDGSV,2,1,06,20,24,317,23,23,80,025,32,25,27,051,13,32,75,264,33,3*7A
$BDGSV,2,2,06,37,81,023,36,39,71,353,39,3*7B
$BDGLL,3904.60415,N,11721.23934,E,133601.00,A,A*7D
$BDTXT,01,01,01,ANTENNA OK*24

-- Send QB4 Data OK......294


-- Build QB4 Data :2024,7,10 21-36-1   294






$BDZDA,133602.00,10,07,2024,00,00*70
$BDRMC,133602.00,A,3904.60411,N,11721.23936,E,0.060,,100724,,,A,V*1D
$BDGGA,133602.00,3904.60411,N,11721.23936,E,1,07,4.05,30.6,M,-4.9,M,,*6E
$BDGSA,A,3,06,08,16,23,32,38,39,,,,,,6.79,4.05,5.44,4*0F
$BDGSV,4,1,13,05,17,250,,06,68,314,28,07,12,180,22,08,31,203,26,1*70
$BDGSV,4,2,13,09,55,287,21,16,68,317,32,20,24,317,16,23,80,025,33,1*73
$BDGSV,4,3,13,25,27,051,20,32,75,264,30,37,81,023,32,38,20,192,28,1*70
$BDGSV,4,4,13,39,71,353,34,1*49
$BDGSV,2,1,06,20,24,317,23,23,80,025,32,25,27,051,09,32,75,264,33,3*71
$BDGSV,2,2,06,37,81,023,36,39,71,353,39,3*7B
$BDGLL,3904.60411,N,11721.23936,E,133602.00,A,A*78
$BDTXT,01,01,01,ANTENNA OK*24
-- Send QB4 Data OK......294


-- Build QB4 Data :2024,7,10 21-36-2   294


-- Send QB4 Data OK......294





$BDZDA,133603.00,10,07,2024,00,00*71
$BDRMC,133603.00,A,3904.60420,N,11721.23947,E,0.030,,100724,,,A,V*1D
$BDGGA,133603.00,3904.60420,N,11721.23947,E,1,07,4.05,30.2,M,-4.9,M,,*6F
$BDGSA,A,3,06,08,16,23,32,38,39,,,,,,6.79,4.05,5.44,4*0F
$BDGSV,4,1,13,05,17,250,,06,68,314,28,07,12,180,22,08,31,203,26,1*70
$BDGSV,4,2,13,09,55,287,20,16,68,317,32,20,24,317,16,23,80,025,33,1*72
$BDGSV,4,3,13,25,27,051,20,32,75,264,30,37,81,023,31,38,20,192,28,1*73
$BDGSV,4,4,13,39,71,353,34,1*49
$BDGSV,2,1,06,20,24,317,23,23,80,025,32,25,27,051,08,32,75,264,33,3*70
$BDGSV,2,2,06,37,81,023,36,39,71,353,39,3*7B
$BDGLL,3904.60420,N,11721.23947,E,133603.00,A,A*7D
$BDTXT,01,01,01,ANTENNA OK*24

-- Build QB4 Data :2024,7,10 21-36-3   294






$BDZDA,133604.00,10,07,2024,00,00*76
$BDRMC,133604.00,A,3904.60426,N,11721.23951,E,0.109,,100724,,,A,V*10
$BDGGA,133604.00,3904.60426,N,11721.23951,E,1,07,4.05,30.1,M,-4.9,M,,*6A
$BDGSA,A,3,06,08,16,23,32,38,39,,,,,,6.78,4.05,5.44,4*0E
$BDGSV,4,1,13,05,17,250,,06,68,314,29,07,12,180,22,08,31,203,27,1*70
$BDGSV,4,2,13,09,55,287,20,16,68,317,33,20,24,317,17,23,80,025,34,1*75
$BDGSV,4,3,13,25,27,051,21,32,75,264,31,37,81,023,33,38,20,192,28,1*71
$BDGSV,4,4,13,39,71,353,35,1*48
$BDGSV,2,1,06,20,24,317,23,23,80,025,33,25,27,051,11,32,75,264,34,3*7E
$BDGSV,2,2,06,37,81,023,37,39,71,353,41,3*75
$BDGLL,3904.60426,N,11721.23951,E,133604.00,A,A*7B
$BDTXT,01,01,01,ANTENNA OK*24

-- Send QB4 Data OK......294


-- Build QB4 Data :2024,7,10 21-36-4   294






$BDZDA,133605.00,10,07,2024,00,00*77
$BDRMC,133605.00,A,3904.60436,N,11721.23951,E,0.054,,100724,,,A,V*19
$BDGGA,133605.00,3904.60436,N,11721.23951,E,1,07,4.05,29.9,M,-4.9,M,,*6A
$BDGSA,A,3,06,08,16,23,32,38,39,,,,,,6.78,4.05,5.44,4*0E
$BDGSV,4,1,13,05,17,250,,06,68,314,28,07,12,180,22,08,31,203,26,1*70
$BDGSV,4,2,13,09,55,287,20,16,68,317,33,20,24,317,17,23,80,025,34,1*75
$BDGSV,4,3,13,25,27,051,21,32,75,264,31,37,81,023,32,38,20,192,28,1*70
$BDGSV,4,4,13,39,71,353,35,1*48
$BDGSV,2,1,06,20,24,317,24,23,80,025,33,25,27,051,11,32,75,264,34,3*79
$BDGSV,2,2,06,37,81,023,36,39,71,353,40,3*75
$BDGLL,3904.60436,N,11721.23951,E,133605.00,A,A*7B
$BDTXT,01,01,01,ANTENNA OK*24
-- Send QB4 Data OK......294


-- Build QB4 Data :2024,7,10 21-36-5   294






$BDZDA,133606.00,10,07,2024,00,00*74
$BDRMC,133606.00,A,3904.60441,N,11721.23953,E,0.137,,100724,,,A,V*1C
$BDGGA,133606.00,3904.60441,N,11721.23953,E,1,07,4.05,29.8,M,-4.9,M,,*6A
$BDGSA,A,3,06,08,16,23,32,38,39,,,,,,6.78,4.05,5.44,4*0E
$BDGSV,4,1,13,05,17,250,,06,68,314,28,07,12,180,22,08,31,203,26,1*70
$BDGSV,4,2,13,09,55,287,20,16,68,317,31,20,24,317,16,23,80,025,33,1*71
$BDGSV,4,3,13,25,27,051,20,32,75,264,30,37,81,023,31,38,20,192,28,1*73
$BDGSV,4,4,13,39,71,353,34,1*49
$BDGSV,2,1,06,20,24,317,23,23,80,025,32,25,27,051,11,32,75,264,33,3*78
$BDGSV,2,2,06,37,81,023,34,39,71,353,38,3*78
$BDGLL,3904.60441,N,11721.23953,E,133606.00,A,A*7A
$BDTXT,01,01,01,ANTENNA OK*24

-- Send QB4 Data OK......294


-- Build QB4 Data :2024,7,10 21-36-6   294






$BDZDA,133607.00,10,07,2024,00,00*75
$BDRMC,133607.00,A,3904.60446,N,11721.23941,E,0.403,,100724,,,A,V*1B
$BDGGA,133607.00,3904.60446,N,11721.23941,E,1,07,4.05,29.8,M,-4.9,M,,*6F
$BDGSA,A,3,06,08,16,23,32,38,39,,,,,,6.78,4.05,5.44,4*0E
$BDGSV,4,1,13,05,17,250,,06,68,314,28,07,12,180,22,08,31,203,25,1*73
$BDGSV,4,2,13,09,55,287,20,16,68,317,31,20,24,317,17,23,80,025,34,1*77
$BDGSV,4,3,13,25,27,051,20,32,75,264,30,37,81,023,31,38,20,192,28,1*73
$BDGSV,4,4,13,39,71,353,34,1*49
$BDGSV,2,1,06,20,24,317,22,23,80,025,32,25,27,051,11,32,75,264,33,3*79
$BDGSV,2,2,06,37,81,023,37,39,71,353,39,3*7A
$BDGLL,3904.60446,N,11721.23941,E,133607.00,A,A*7F
$BDTXT,01,01,01,ANTENNA OK*24

-- Send QB4 Data OK......294


-- Build QB4 Data :2024,7,10 21-36-7   294






$BDZDA,133608.00,10,07,2024,00,00*7A
$BDRMC,133608.00,A,3904.60447,N,11721.23941,E,0.170,,100724,,,A,V*14
$BDGGA,133608.00,3904.60447,N,11721.23941,E,1,07,4.05,29.8,M,-4.9,M,,*61
$BDGSA,A,3,06,08,16,23,32,38,39,,,,,,6.78,4.05,5.44,4*0E
$BDGSV,4,1,13,05,17,250,,06,68,314,29,07,12,180,23,08,31,203,25,1*73
$BDGSV,4,2,13,09,55,287,20,16,68,317,32,20,24,317,17,23,80,025,34,1*74
$BDGSV,4,3,13,25,27,051,20,32,75,264,30,37,81,023,32,38,20,192,28,1*70
$BDGSV,4,4,13,39,71,353,35,1*48
$BDGSV,2,1,06,20,24,317,22,23,80,025,32,25,27,051,11,32,75,264,34,3*7E
$BDGSV,2,2,06,37,81,023,36,39,71,353,40,3*75
$BDGLL,3904.60447,N,11721.23941,E,133608.00,A,A*71
$BDTXT,01,01,01,ANTENNA OK*24

-- Send QB4 Data OK......294


-- Build QB4 Data :2024,7,10 21-36-8   294






$BDZDA,133609.00,10,07,2024,00,00*7B
$BDRMC,133609.00,A,3904.60452,N,11721.23955,E,0.103,,100724,,,A,V*10
$BDGGA,133609.00,3904.60452,N,11721.23955,E,1,07,4.05,29.5,M,-4.9,M,,*6C
$BDGSA,A,3,06,08,16,23,32,38,39,,,,,,6.78,4.05,5.43,4*09
$BDGSV,4,1,13,05,17,250,,06,68,314,29,07,12,180,23,08,31,203,25,1*73
$BDGSV,4,2,13,09,55,287,20,16,68,317,32,20,24,317,17,23,80,025,34,1*74
$BDGSV,4,3,13,25,27,051,20,32,75,264,31,37,81,023,31,38,20,192,28,1*72
$BDGSV,4,4,13,39,71,353,-- Send QB4 Data OK......294

35,1*48
$BDGSV,2,1,06,20,24,317,23,23,80,025,32,25,27,051,11,32,75,264,34,3*7F
$BDGSV,2,2,06,37,81,023,36,39,71,353,40,3*75
$BDGLL,3904.60452,N,11721.23955,E,133609.00,A,A*71
$BDTXT,01,01,01,ANTENNA OK*24

-- Build QB4 Data :2024,7,10 21-36-9   294


-- Send QB4 Data OK......294






$BDZDA,133610.00,10,07,2024,00,00*73
$BDRMC,133610.00,A,3904.60453,N,11721.23967,E,0.095,,100724,,,A,V*16
$BDGGA,133610.00,3904.60453,N,11721.23967,E,1,07,4.05,29.4,M,-4.9,M,,*65
$BDGSA,A,3,06,08,16,23,32,38,39,,,,,,6.78,4.05,5.43,4*09
$BDGSV,4,1,13,05,17,250,,06,68,314,28,07,12,180,23,08,31,203,25,1*72
$BDGSV,4,2,13,09,55,287,20,16,68,317,32,20,24,317,17,23,80,025,33,1*73
$BDGSV,4,3,13,25,27,051,20,32,75,263,30,37,81,023,30,38,20,192,27,1*7A
$BDGSV,4,4,13,39,71,353,34,1*49
$BDGSV,2,1,06,20,24,317,25,23,80,025,32,25,27,051,11,32,75,263,34,3*7E
$BDGSV,2,2,06,37,81,023,36,39,71,353,40,3*75
$BDGLL,3904.60453,N,11721.23967,E,133610.00,A,A*79
$BDTXT,01,01,01,ANTENNA OK*24

-- Build QB4 Data :2024,7,10 21-36-10   294






$BDZDA,133611.00,10,07,2024,00,00*72
$BDRMC,133611.00,A,3904.60455,N,11721.23964,E,0.229,,100724,,,A,V*17
$BDGGA,133611.00,3904.60455,N,11721.23964,E,1,07,4.05,29.3,M,-4.9,M,,*66
$BDGSA,A,3,06,08,16,23,32,38,39,,,,,,6.78,4.05,5.43,4*09
$BDGSV,4,1,13,05,17,250,,06,68,314,28,07,12,180,23,08,31,203,25,1*72
$BDGSV,4,2,13,09,55,287,19,16,68,317,32,20,24,317,16,23,80,025,33,1*78
$BDGSV,4,3,13,25,27,051,19,32,75,263,30,37,81,023,30,38,20,192,27,1*70
$BDGSV,4,4,13,39,71,353,34,1*49
$BDGSV,2,1,05,20,24,317,24,23,80,025,32,32,75,263,34,37,81,023,36,3*73
$BDGSV,2,2,05,39,71,353,40,3*4F
$BDGLL,3904.60455,N,11721.23964,E,133611.00,A,A*7D
$BDTXT,01,01,01,ANTENNA OK*24

-- Send QB4 Data OK......294


-- Build QB4 Data :2024,7,10 21-36-11   294






$BDZDA,133612.00,10,07,2024,00,00*71
$BDRMC,133612.00,A,3904.60460,N,11721.23963,E,0.092,,100724,,,A,V*17
$BDGGA,133612.00,3904.60460,N,11721.23963,E,1,07,4.05,29.1,M,-4.9,M,,*66
$BDGSA,A,3,06,08,16,23,32,38,39,,,,,,6.77,4.05,5.43,4*06
$BDGSV,4,1,13,05,17,250,,06,68,314,27,07,12,180,22,08,31,203,25,1*7C
$BDGSV,4,2,13,09,55,287,19,16,68,317,31,20,24,317,-- Send QB4 Data OK......294

16,23,80,025,32,1*7A
$BDGSV,4,3,13,25,27,051,19,32,75,263,29,37,81,023,29,38,20,192,27,1*70
$BDGSV,4,4,13,39,71,353,33,1*4E
$BDGSV,2,1,05,20,24,317,24,23,80,025,31,32,75,263,33,37,81,023,35,3*74
$BDGSV,2,2,05,39,71,353,39,3*41
$BDGLL,3904.60460,N,11721.23963,E,133612.00,A,A*7F
$BDTXT,01,01,01,ANTENNA OK*24

-- Build QB4 Data :2024,7,10 21-36-12   294






$BDZDA,133613.00,10,07,2024,00,00*70
$BDRMC,133613.00,A,3904.60461,N,11721.23971,E,0.191,,100724,,,A,V*16
$BDGGA,133613.00,3904.60461,N,11721.23971,E,1,07,4.05,28.9,M,-4.9,M,,*6C
$BDGSA,A,3,06,08,16,23,32,38,39,,,,,,6.77,4.05,5.43,4*06
$BDGSV,4,1,13,05,17,250,,06,68,314,28,07,12,180,22,08,31,203,25,1*73
$BDGSV,4,2,13,09,55,287,19,16,68,317,32,20,24,317,16,23,80,025,33,1*78
$BDGSV,4,3,13,25,27,051,19,32,75,263,30,37,81,023,29,38,20,192,27,1*78
$BDGSV,4,4,13,39,71,353,34,1*49
$BDGSV,2,1,05,20,24,317,24,23,80,025,32,32,75,263,34,37,81,023,36,3*73
$BDGSV,2,2,05,39,71,353,40,3*4F
$BDGLL,3904.60461,N,11721.23971,E,133613.00,A,A*7C
$BDTXT,01,01,01,ANTENNA OK*24

-- Send QB4 Data OK......294


-- Build QB4 Data :2024,7,10 21-36-13   294






$BDZDA,133614.00,10,07,2024,00,00*77
$BDRMC,133614.00,A,3904.60468,N,11721.23976,E,0.078,,100724,,,A,V*19
$BDGGA,133614.00,3904.60468,N,11721.23976,E,1,07,4.05,28.7,M,-4.9,M,,*6B
$BDGSA,A,3,06,08,16,23,32,38,39,,,,,,6.77,4.05,5.43,4*06
$BDGSV,4,1,13,05,17,250,,06,68,314,28,07,12,180,22,08,31,203,26,1*70
$BDGSV,4,2,13,09,55,287,20,16,68,317,32,20,24,317,16,23,80,025,33,1*72
$BDGSV,4,3,13,25,27,051,19,32,75,263,31,37,81,023,30,38,20,192,27,1*71
$BDGSV,4,4,13,39,71,353,34,1*49
$BDGSV,2,1,05,20,24,317,24,23,80,025,32,32,75,263,34,37,81,023,36,3*73
$BDGSV,2,2,05,39,71,353,40,3*4F
$BDGLL,3904.60468,N,11721.23976,E,133614.00,A,A*75
$BDTXT,01,01,01,ANTENNA OK*24

-- Send QB4 Data OK......294


-- Build QB4 Data :2024,7,10 21-36-14   294






$BDZDA,133615.00,10,07,2024,00,00*76
$BDRMC,133615.00,A,3904.60474,N,11721.24006,E,0.114,,100724,,,A,V*17
$BDGGA,133615.00,3904.60474,N,11721.24006,E,1,08,3.31,28.5,M,-4.9,M,,*63
$BDGSA,A,3,06,08,16,23,32,37,38,39,,,,,6.36,3.31,5.43,4*07
-- Send QB4 Data OK......294

$BDGSV,4,1,13,05,17,250,,06,68,314,29,07,12,180,22,08,31,203,25,1*72
$BDGSV,4,2,13,09,55,287,20,16,68,317,32,20,24,317,16,23,80,025,33,1*72
$BDGSV,4,3,13,25,27,051,20,32,75,263,31,37,42,239,30,38,20,192,28,1*72
$BDGSV,4,4,13,39,71,353,34,1*49
$BDGSV,2,1,05,20,24,317,24,23,80,025,32,32,75,263,34,37,42,239,36,3*75
$BDGSV,2,2,05,39,71,353,40,3*4F
$BDGLL,3904.60474,N,11721.24006,E,133615.00,A,A*70
$BDTXT,01,01,01,ANTENNA OK*24

-- Build QB4 Data :2024,7,10 21-36-15   294






$BDZDA,133616.00,10,07,2024,00,00*75
$BDRMC,133616.00,A,3904.60479,N,11721.24045,E,0.078,,100724,,,A,V*15
$BDGGA,133616.00,3904.60479,N,11721.24045,E,1,08,3.31,28.2,M,-4.9,M,,*6D
$BDGSA,A,3,06,08,16,23,32,37,38,39,,,,,6.35,3.31,5.43,4*04
$BDGSV,4,1,13,05,17,250,,06,68,314,28,07,12,180,21,08,31,203,25,1*70
$BDGSV,4,2,13,09,55,287,20,16,68,317,28,20,24,317,16,23,80,025,29,1*72
$BDGSV,4,3,13,25,27,051,19,32,75,263,30,37,42,239,29,38,20,192,27,1*7E
$BDGSV,4,4,13,39,71,353,30,1*4D
$BDGSV,2,1,05,20,24,317,24,23,80,025,30,32,75,263,30,37,42,239,32,3*77
$BDGSV,2,2,05,39,71,353,36,3*4E
$BDGLL,3904.60479,N,11721.24045,E,133616.00,A,A*79
$BDTXT,01,01,01,ANTENNA OK*24

-- Send QB4 Data OK......294


-- Build QB4 Data :2024,7,10 21-36-16   294






$BDZDA,133617.00,10,07,2024,00,00*74
$BDRMC,133617.00,A,3904.60488,N,11721.24114,E,0.041,,100724,,,A,V*15
$BDGGA,133617.00,3904.60488,N,11721.24114,E,1,08,3.30,27.9,M,-4.9,M,,*62
$BDGSA,A,3,06,08,16,23,32,37,38,39,,,,,6.35,3.30,5.42,4*04
$BDGSV,4,1,13,05,17,250,,06,68,314,29,07,12,180,22,08,31,203,26,1*71
$BDGSV,4,2,13,09,55,287,21,16,68,317,33,20,24,317,17,23,80,025,34,1*74
$BDGSV,4,3,13,25,27,051,20,32,75,263,31,37,42,239,30,38,20,192,28,1*72
$BDGSV,4,4,13,39,71,353,35,1*48
$BDGSV,2,1,05,20,24,317,24,23,80,025,32,32,75,263,35,37,42,239,36,3*74
$BDGSV,2,2,05,39,71,353,40,3*4F
$BDGLL,3904.60488,N,11721.24114,E,133617.00,A,A*73
$BDTXT,01,01,01,ANTENNA OK*24

-- Send QB4 Data OK......294


-- Build QB4 Data :2024,7,10 21-36-17   294






$BDZDA,133618.00,10,07,2024,00,00*7B
$BDRMC,133618.00,A,3904.60495,N,11721.24149,E,0.168,,100724,,,A,V*14
$BDGGA,133618.00-- Send QB4 Data OK......294

,3904.60495,N,11721.24149,E,1,08,3.30,27.5,M,-4.9,M,,*65
$BDGSA,A,3,06,08,16,23,32,37,38,39,,,,,6.35,3.30,5.42,4*04
$BDGSV,4,1,13,05,17,250,,06,68,314,29,07,12,180,23,08,31,203,26,1*70
$BDGSV,4,2,13,09,55,287,20,16,68,318,33,20,24,317,18,23,80,025,34,1*75
$BDGSV,4,3,13,25,27,051,20,32,75,263,31,37,42,239,30,38,20,192,28,1*72
$BDGSV,4,4,13,39,71,353,35,1*48
$BDGSV,2,1,05,20,24,317,25,23,80,025,33,32,75,263,35,37,42,239,36,3*74
$BDGSV,2,2,05,39,71,353,40,3*4F
$BDGLL,3904.60495,N,11721.24149,E,133618.00,A,A*78
$BDTXT,01,01,01,ANTENNA OK*24

-- Build QB4 Data :2024,7,10 21-36-18   294






$BDZDA,133619.00,10,07,2024,00,00*7A
$BDRMC,133619.00,A,3904.60501,N,11721.24187,E,0.126,,100724,,,A,V*11
$BDGGA,133619.00,3904.60501,N,11721.24187,E,1,08,3.30,27.2,M,-4.9,M,,*6D
$BDGSA,A,3,06,08,16,23,32,37,38,39,,,,,6.35,3.30,5.42,4*04
$BDGSV,4,1,13,05,17,250,,06,68,314,28,07,12,180,23,08,31,203,26,1*71
$BDGSV,4,2,13,09,55,287,20,16,68,318,32,20,24,317,17,23,80,025,33,1*7C
$BDGSV,4,3,13,25,27,051,19,32,75,263,30,37,42,239,29,38,20,192,27,1*7E
$BDGSV,4,4,13,39,71,353,34,1*49
$BDGSV,2,1,05,20,24,317,25,23,80,025,32,32,75,263,35,37,42,239,36,3*75
$BDGSV,2,2,05,39,71,353,40,3*4F
$BDGLL,3904.60501,N,11721.24187,E,133619.00,A,A*77
$BDTXT,01,01,01,ANTENNA OK*24

-- Send QB4 Data OK......294


-- Build QB4 Data :2024,7,10 21-36-19   294






$BDZDA,133620.00,10,07,2024,00,00*70
$BDRMC,133620.00,A,3904.60497,N,11721.24214,E,0.091,,100724,,,A,V*11
$BDGGA,133620.00,3904.60497,N,11721.24214,E,1,08,3.30,27.2,M,-4.9,M,,*60
$BDGSA,A,3,06,08,16,23,32,37,38,39,,,,,6.35,3.30,5.42,4*04
$BDGSV,4,1,13,05,17,250,,06,68,314,28,07,12,180,22,08,31,203,26,1*70
$BDGSV,4,2,13,09,55,287,20,16,68,318,31,20,24,317,16,23,80,025,32,1*7F
$BDGSV,4,3,13,25,27,051,19,32,75,263,30,37,42,239,28,38,20,192,26,1*7E
$BDGSV,4,4,13,39,71,353,34,1*49
$BDGSV,2,1,05,20,24,317,25,23,80,025,32,32,75,263,34,37,42,239,36,3*74
$BDGSV,2,2,05,39,71,353,40,3*4F
$BDGLL,3904.60497,N,11721.24214,E,133620.00,A,A*7A
$BDTXT,01,01,01,ANTENNA OK*24
-- Send QB4 Data OK......294


-- Build QB4 Data :2024,7,10 21-36-20   294






$BDZDA,133621.00,10,07,2024,00,00*71
$BDRMC,133621.00,A,3904.60499,N,11721.24237,E,0.055,,100724,,,A,V*17
$BDGGA,133621.00,3904.60499,N,11721.24237,E,1,08,3.30,27.0,M,-4.9,M,,*6C
$BDGSA,A,3,06,08,16,23,32,37,38,39,,,,,6.35,3.30,5.42,4*04
$BDGSV,4,1,14,01,36,141,,05,17,250,,06,68,314,28,07,12,180,22,1*78
$BDGSV,4,2,14,08,31,203,26,09,55,287,20,16,68,318,32,20,24,317,16,1*7B
$BDGSV,4,3,14,23,80,025,33,25,27,051,19,32,75,263,30,37,42,239,28,1*70
$BDGSV,4,4,14,38,20,192,27,39,71,353,34,1*78
$BDGSV,2,1,05,20,24,317,25,23,80,025,33,32,75,263,35,37,42,239,36,3*74
$BDGSV,2,2,05,39,71,353,39,3*41
$BDGLL,3904.60499,N,11721.24237,E,133621.00,A,A*74
$BDTXT,01,01,01,ANTENNA OK*24

-- Send QB4 Data OK......294


-- Build QB4 Data :2024,7,10 21-36-21   294






$BDZDA,133622.00,10,07,2024,00,00*72
$BDRMC,133622.00,A,3904.60501,N,11721.24262,E,0.081,,100724,,,A,V*1D
$BDGGA,133622.00,3904.60501,N,11721.24262,E,1,08,3.30,26.8,M,-4.9,M,,*66
$BDGSA,A,3,06,08,16,23,32,37,38,39,,,,,6.35,3.30,5.42,4*04
$BDGSV,4,1,14,01,36,141,,05,17,250,,06,68,314,28,07,12,180,22,1*78
$BDGSV,4,2,14,08,31,203,26,09,55,287,19,16,68,318,32,20,24,317,16,1*71
$BDGSV,4,3,14,23,80,025,32,25,27,051,18,32,75,263,30,37,42,239,28,1*70
$BDGSV,4,4,14,38,20,192,27,39,71,353,34,1*78
$BDGSV,2,1,05,20,24,317,25,23,80,025,32,32,75,263,34,37,42,239,35,3*77
$BDGSV,2,2,05,39,71,353,39,3*41
$BDGLL,3904.60501,N,11721.24262,E,133622.00,A,A*77
$BDTXT,01,01,01,ANTENNA OK*24

-- Send QB4 Data OK......294


-- Build QB4 Data :2024,7,10 21-36-22   294






$BDZDA,133623.00,10,07,2024,00,00*73
$BDRMC,133623.00,A,3904.60507,N,11721.24294,E,0.075,,100724,,,A,V*18
$BDGGA,133623.00,3904.60507,N,11721.24294,E,1,08,3.30,26.4,M,-4.9,M,,*64
$BDGSA,A,3,06,08,16,23,32,37,38,39,,,,,6.35,3.30,5.42,4*04
$BDGSV,4,1,14,01,36,141,,05,17,250,,06,68,314,29,07,12,180,23,1*78
$BDGSV,4,2,14,08,31,203,26,09,55,287,20,16,68,318,33,20,24,317,16,1*7A
$BDGSV,4,3,14,23,80,025,34,25,27,051,19,32,75,263,31,37,42,239,29,1*77
$BDGSV,4,4,14,38,20,192,27,39,71,353,35,1*79
$BDGSV,2,1,05,20,24,317,26,23,80,025,33,32,75,263,35,37,42,239,36,3*77
$BDGSV,2,2,05,39,71,353,41,3*4E
$BDGLL,3904.60507,N,11721.24294,E,133623.00,A,A*79
$BDTXT,01,01,01,ANTENNA OK*24
-- Send QB4 Data OK......294






$BDZDA,133624.00,10,07,2024,00,00*74
$BDRMC,133624.00,A,3904.60519,N,11721.24315,E,0.299,,100724,,,A,V*18
$BDGGA,133624.00,3904.60519,N,11721.24315,E,1,08,3.30,25.9,M,-4.9,M,,*6A
$BDGSA,A,3,06,08,16,23,32,37,38,39,,,,,6.34,3.30,5.42,4*05
$BDGSV,4,1,14,01,36,141,,05,17,250,,06,68,314,29,07,12,180,23,1*78
$BDGSV,4,2,14,08,31,203,27,09,55,287,20,16,68,318,33,20,24,317,17,1*7A
$BDGSV,4,3,14,23,80,025,34,25,27,051,19,32,75,263,32,37,42,239,28,1*75
$BDGSV,4,4,14,38,20,192,28,39,71,353,35,1*76
$BDGSV,2,1,05,20,24,317,25,23,80,025,32,32,75,263,35,37,42,239,36,3*75
$BDGSV,2,2,05,39,71,353,40,3*4F
$BDGLL,3904.60519,N,11721.24315,E,133624.00,A,A*79
$BDTXT,01,01,01,ANTENNA OK*24





$BDZDA,133625.00,10,07,2024,00,00*75
$BDRMC,133625.00,A,3904.60525,N,11721.24341,E,0.115,,100724,,,A,V*10
$BDGGA,133625.00,3904.60525,N,11721.24341,E,1,08,3.30,25.5,M,-4.9,M,,*69
$BDGSA,A,3,06,08,16,23,32,37,38,39,,,,,6.34,3.30,5.41,4*06
$BDGSV,4,1,14,01,36,141,,05,17,250,,06,68,314,29,07,12,180,22,1*79
$BDGSV,4,2,14,08,31,203,26,09,55,287,20,16,68,318,32,20,24,317,17,1*7A
$BDGSV,4,3,14,23,80,025,32,25,27,051,18,32,75,263,30,37,42,239,27,1*7F
$BDGSV,4,4,14,38,20,192,27,39,71,353,34,1*78
$BDGSV,2,1,05,20,24,317,25,23,80,025,32,32,75,263,34,37,42,239,35,3*77
$BDGSV,2,2,05,39,71,353,40,3*4F
$BDGLL,3904.60525,N,11721.24341,E,133625.00,A,A*76
$BDTXT,01,01,01,ANTENNA OK*24

-- CRY_SIGN is error...


-- Build QB4 Data :2024,7,10 21-36-25   294






$BDZDA,133626.00,10,07,2024,00,00*76
$BDRMC,133626.00,A,3904.60527,N,11721.24359,E,0.179,,100724,,,A,V*12
$BDGGA,133626.00,3904.60527,N,11721.24359,E,1,08,3.30,25.2,M,-4.9,M,,*66
$BDGSA,A,3,06,08,16,23,32,37,38,39,,,,,6.34,3.30,5.41,4*06
$BDGSV,4,1,14,01,36,141,,05,17,250,,06,68,314,28,07,12,180,21,1*7B
$BDGSV,4,2,14,08,31,203,25,09,55,287,19,16,68,318,29,20,24,317,16,1*78
$BDGSV,4,3,14,23,80,025,29,25,27,051,18,32,75,263,29,37,42,239,26,1*7C
$BDGSV,4,4,14,38,20,192,26,39,71,353,31,1*7C
$BDGSV,2,1,05,20,24,317,24,23,80,025,32,32,75,263,34,37,42,239,35,3*76
$BDGSV,2,2,05,39,71,353,40,3*4F
$BDGLL,3904.60527,N,11721.24359,E,133626.00,A,A*7E
$BDTXT,01,01,01,ANTENNA OK*24

-- Send QB4 Data OK......294


-- Build QB4 Data :2024,7,10 21-36-26   294






$BDZDA,133627.00,10,07,2024,00,00*77
$BDRMC,133627.00,A,3904.60524,N,11721.24381,E,0.131,,100724,,,A,V*19
$BDGGA,133627.00,3904.60524,N,11721.24381,E,1,08,3.30,25.2,M,-4.9,M,,*61
$BDGSA,A,3,06,08,16,23,32,37,38,39,,,,,6.34,3.30,5.41,4*06
$BDGSV,4,1,14,01,36,141,,05,17,250,,06,68,314,28,07,12,180,22,1*78
$BDGSV,4,2,14,08,31,203,26,09,55,287,19,16,68,318,32,20,24,317,16,1*71
$BDGSV,4,3,14,23,80,025,32,25,27,051,18,32,75,263,30,37,42,239,27,1*7F
$BDGSV,4,4,14,38,20,192,26-- Send QB4 Data OK......294

,39,71,353,34,1*79
$BDGSV,2,1,05,20,24,317,25,23,80,025,32,32,75,263,35,37,42,239,35,3*76
$BDGSV,2,2,05,39,71,353,40,3*4F
$BDGLL,3904.60524,N,11721.24381,E,133627.00,A,A*79
$BDTXT,01,01,01,ANTENNA OK*24

-- Build QB4 Data :2024,7,10 21-36-27   294






$BDZDA,133628.00,10,07,2024,00,00*78
$BDRMC,133628.00,A,3904.60528,N,11721.24403,E,0.060,,100724,,,A,V*12
$BDGGA,133628.00,3904.60528,N,11721.24403,E,1,08,3.30,24.9,M,-4.9,M,,*65
$BDGSA,A,3,06,08,16,23,32,37,38,39,,,,,6.34,3.30,5.41,4*06
$BDGSV,4,1,14,01,36,141,,05,17,250,,06,68,314,29,07,12,180,23,1*78
$BDGSV,4,2,14,08,31,203,26,09,55,287,19,16,68,318,32,20,24,317,16,1*71
$BDGSV,4,3,14,23,80,025,32,25,27,051,18,32,75,263,31,37,42,239,27,1*7E
$BDGSV,4,4,14,38,20,192,26,39,71,353,34,1*79
$BDGSV,2,1,05,20,24,317,25,23,80,025,32,32,75,263,35,37,42,239,35,3*76
$BDGSV,2,2,05,39,71,353,40,3*4F
$BDGLL,3904.60528,N,11721.24403,E,133628.00,A,A*77
$BDTXT,01,01,01,ANTENNA OK*24

-- Send QB4 Data OK......294


-- Build QB4 Data :2024,7,10 21-36-28   294






$BDZDA,133629.00,10,07,2024,00,00*79
$BDRMC,133629.00,A,3904.60522,N,11721.24421,E,0.239,,100724,,,A,V*17
$BDGGA,133629.00,3904.60522,N,11721.24421,E,1,08,3.30,24.9,M,-4.9,M,,*6E
$BDGSA,A,3,06,08,16,23,32,37,38,39,,,,,6.34,3.30,5.41,4*06
$BDGSV,4,1,14,01,36,141,,05,17,250,,06,68,314,29,07,12,180,23,1*78
$BDGSV,4,2,14,08,31,203,26,09,55,287,19,16,68,318,32,20,24,317,17,1*70
$BDGSV,4,3,14,23,80,025,32,25,27,051,17,32,75,263,31,37,42,239,26,1*70
$BDGSV,4,4,14,38,20,192,26,39,71,353,34,1*79
$BDGSV,2,1,05,20,24,317,25,23,80,025,32,32,75,263,35,37,42,239,35,3*76
$BDGSV,2,2,05,39,71,353,40,3*4F
$BDGLL,3904.60522,N,11721.24421,E,133629.00,A,A*7C
$BDTXT,01,01,01,ANTENNA OK*24

-- Send QB4 Data OK......294


-- Build QB4 Data :2024,7,10 21-36-29   294






$BDZDA,133630.00,10,07,2024,00,00*71
$BDRMC,133630.00,A,3904.60522,N,11721.24435,E,0.250,,100724,,,A,V*15
$BDGGA,133630.00,3904.60522,N,11721.24435,E,1,08,3.30,24.7,M,-4.9,M,,*6D
$BDGSA,A,3,06,08,16,23,32,37,38,39,,,,,6.34,3.30,5.41,4*06
$BDGSV,4,1,14,01,36,141,,05,17,250,,06,68,314,29,07,12,180,23,1*78
$BDGSV,4,2,14,08,31,203,26,09,55,287,19,16,68,318,32-- Send QB4 Data OK......294

,20,24,317,19,1*7E
$BDGSV,4,3,14,23,80,025,32,25,27,051,18,32,75,263,31,37,42,239,25,1*7C
$BDGSV,4,4,14,38,20,192,26,39,71,353,34,1*79
$BDGSV,2,1,05,20,24,317,25,23,80,025,33,32,75,263,35,37,42,239,35,3*77
$BDGSV,2,2,05,39,71,353,40,3*4F
$BDGLL,3904.60522,N,11721.24435,E,133630.00,A,A*71
$BDTXT,01,01,01,ANTENNA OK*24

-- Build QB4 Data :2024,7,10 21-36-30   294






$BDZDA,133631.00,10,07,2024,00,00*70
$BDRMC,133631.00,A,3904.60527,N,11721.24450,E,0.061,,100724,,,A,V*12
$BDGGA,133631.00,3904.60527,N,11721.24450,E,1,08,3.30,24.3,M,-4.9,M,,*6E
$BDGSA,A,3,06,08,16,23,32,37,38,39,,,,,6.34,3.30,5.41,4*06
$BDGSV,4,1,14,01,36,141,,05,17,250,,06,68,314,29,07,12,180,23,1*78
$BDGSV,4,2,14,08,31,203,26,09,55,287,19,16,68,318,32,20,24,317,19,1*7E
$BDGSV,4,3,14,23,80,025,31,25,27,051,19,32,75,263,30,37,42,239,25,1*7F
$BDGSV,4,4,14,38,20,192,26,39,71,353,33,1*7E
$BDGSV,2,1,05,20,24,317,25,23,80,025,32,32,75,263,34,37,42,239,34,3*76
$BDGSV,2,2,05,39,71,353,38,3*40
$BDGLL,3904.60527,N,11721.24450,E,133631.00,A,A*76
$BDTXT,01,01,01,ANTENNA OK*24

-- Send QB4 Data OK......294


-- Build QB4 Data :2024,7,10 21-36-31   294






$BDZDA,133632.00,10,07,2024,00,00*73
$BDRMC,133632.00,A,3904.60525,N,11721.24469,E,0.062,,100724,,,A,V*1A
$BDGGA,133632.00,3904.60525,N,11721.24469,E,1,08,3.30,24.2,M,-4.9,M,,*64
$BDGSA,A,3,06,08,16,23,32,37,38,39,,,,,6.33,3.30,5.41,4*01
$BDGSV,4,1,14,01,36,141,,05,17,250,,06,68,314,29,07,12,180,23,1*78
$BDGSV,4,2,14,08,31,203,26,09,55,287,19,16,68,318,32,20,24,317,19,1*7E
$BDGSV,4,3,14,23,80,025,32,25,27,051,19,32,75,263,30,37,42,240,25,1*72
$BDGSV,4,4,14,38,20,192,25,39,71,353,34,1*7A
$BDGSV,2,1,05,20,24,317,25,23,80,025,32,32,75,263,34,37,42,240,34,3*78
$BDGSV,2,2,05,39,71,353,40,3*4F
$BDGLL,3904.60525,N,11721.24469,E,133632.00,A,A*7D
$BDTXT,01,01,01,ANTENNA OK*24

-- Send QB4 Data OK......294


-- Build QB4 Data :2024,7,10 21-36-32   294






$BDZDA,133633.00,10,07,2024,00,00*72
$BDRMC,133633.00,A,3904.60526,N,11721.24485,E,0.065,,100724,,,A,V*1D
$BDGGA,133633.00,3904.60526,N,11721.24485,E,1,08,3.30,24.0,M,-4.9,M,,*66
$BDGSA,A,3,06,08,16,23,32,37,38,39,,,,,6.33,3.30,5.40,4*00
$B-- Send QB4 Data OK......294

DGSV,4,1,14,01,36,141,,05,17,250,,06,68,314,29,07,12,180,23,1*78
$BDGSV,4,2,14,08,31,203,27,09,55,287,19,16,68,318,33,20,24,317,19,1*7E
$BDGSV,4,3,14,23,80,025,32,25,27,051,20,32,75,263,31,37,42,240,24,1*78
$BDGSV,4,4,14,38,20,192,26,39,71,353,34,1*79
$BDGSV,2,1,05,20,24,317,25,23,80,025,32,32,75,263,35,37,42,240,35,3*78
$BDGSV,2,2,05,39,71,353,40,3*4F
$BDGLL,3904.60526,N,11721.24485,E,133633.00,A,A*7D
$BDTXT,01,01,01,ANTENNA OK*24

-- Build QB4 Data :2024,7,10 21-36-33   294


-- Send QB4 Data OK......294






$BDZDA,133634.00,10,07,2024,00,00*75
$BDRMC,133634.00,A,3904.60522,N,11721.24506,E,0.023,,100724,,,A,V*16
$BDGGA,133634.00,3904.60522,N,11721.24506,E,1,08,3.30,24.0,M,-4.9,M,,*6F
$BDGSA,A,3,06,08,16,23,32,37,38,39,,,,,6.33,3.30,5.40,4*00
$BDGSV,4,1,14,01,36,141,,05,17,250,,06,68,314,29,07,12,180,23,1*78
$BDGSV,4,2,14,08,31,203,27,09,55,287,20,16,68,318,33,20,24,317,19,1*74
$BDGSV,4,3,14,23,80,025,32,25,27,051,20,32,75,263,31,37,42,240,24,1*78
$BDGSV,4,4,14,38,20,192,26,39,71,353,35,1*78
$BDGSV,2,1,05,20,24,317,25,23,80,025,32,32,75,263,35,37,42,240,34,3*79
$BDGSV,2,2,05,39,71,353,40,3*4F
$BDGLL,3904.60522,N,11721.24506,E,133634.00,A,A*74
$BDTXT,01,01,01,ANTENNA OK*24

-- Build QB4 Data :2024,7,10 21-36-34   294






$BDZDA,133635.00,10,07,2024,00,00*74
$BDRMC,133635.00,A,3904.60520,N,11721.24521,E,0.282,,100724,,,A,V*19
$BDGGA,133635.00,3904.60520,N,11721.24521,E,1,08,3.30,23.9,M,-4.9,M,,*67
$BDGSA,A,3,06,08,16,23,32,37,38,39,,,,,6.33,3.30,5.40,4*00
$BDGSV,4,1,14,01,36,141,,05,17,250,,06,68,314,28,07,12,180,22,1*78
$BDGSV,4,2,14,08,31,203,26,09,55,287,19,16,68,318,28,20,24,317,19,1*75
$BDGSV,4,3,14,23,80,025,27,25,27,051,19,32,75,263,25,37,42,240,23,1*74
$BDGSV,4,4,14,38,20,192,25,39,71,353,30,1*7E
$BDGSV,2,1,05,20,24,317,25,23,80,025,27,32,75,263,31,37,42,240,30,3*7D
$BDGSV,2,2,05,39,71,353,35,3*4D
$BDGLL,3904.60520,N,11721.24521,E,133635.00,A,A*72
$BDTXT,01,01,01,ANTENNA OK*24

-- Send QB4 Data OK......294


-- Build QB4 Data :2024,7,10 21-36-35   294






$BDZDA,133636.00,10,07,2024,00,00*77
$BDRMC,133636.00,A,3904.60517,N,11721.24534,E,0.156,,100724,,,A,V*10
$BDGGA,133636.00,3904.60517,N,11721.24534,E,1,08,3.30,23.9,M,-4.9,M,,*64
$BDGSA,A,3,06,08,16,23,32,37,38,39,,,,,6.33,3.30,5.40,4*00
$BDGSV,4,1,14,01,36,141,,05,17,250,,06,68,314,29,07,12,180,22,1*79
$BDGSV,4,2,14,08,31,203,27,09,55,287,18,16,68,318,33,20,24,317,18,1*7E
$BDGSV,4,3,14,23,80,025,33,25,27,051,20,32,75,263,32,37,42,240,23,1*7D
$BDGSV,4,4,14,38,20,192,26,39,71,353,35,1*78
$BDGSV,2,1,05,20,24,317,25,23,80,025,32,32,75,263,35,37,42,240,33,3*7E
$BDGSV,2,2,05,39,71,353,41,3*4E
$BDGLL,3904.60517,N,11721.24534,E,133636.00,A,A*71
$BDTXT,01,01,01,ANTENNA OK*24

-- Send QB4 Data OK......294


-- Build QB4 Data :2024,7,10 21-36-36   294


-- Send QB4 Data OK......294






$BDZDA,133637.00,10,07,2024,00,00*76
$BDRMC,133637.00,A,3904.60514,N,11721.24544,E,0.052,,100724,,,A,V*10
$BDGGA,133637.00,3904.60514,N,11721.24544,E,1,08,3.30,23.8,M,-4.9,M,,*60
$BDGSA,A,3,06,08,16,23,32,37,38,39,,,,,6.33,3.30,5.40,4*00
$BDGSV,4,1,14,01,36,141,,05,17,250,,06,68,314,30,07,12,180,23,1*70
$BDGSV,4,2,14,08,31,203,27,09,55,287,19,16,68,318,33,20,24,317,18,1*7F
$BDGSV,4,3,14,23,80,025,33,25,27,051,20,32,75,263,32,37,42,240,22,1*7C
$BDGSV,4,4,14,38,20,192,26,39,71,353,35,1*78
$BDGSV,2,1,05,20,24,317,26,23,80,025,33,32,75,263,36,37,42,240,34,3*78
$BDGSV,2,2,05,39,71,353,41,3*4E
$BDGLL,3904.60514,N,11721.24544,E,133637.00,A,A*74
$BDTXT,01,01,01,ANTENNA OK*24

-- Build QB4 Data :2024,7,10 21-36-37   294






$BDZDA,133638.00,10,07,2024,00,00*79
$BDRMC,133638.00,A,3904.60510,N,11721.24558,E,0.025,,100724,,,A,V*16
$BDGGA,133638.00,3904.60510,N,11721.24558,E,1,08,3.30,23.8,M,-4.9,M,,*66
$BDGSA,A,3,06,08,16,23,32,37,38,39,,,,,6.33,3.30,5.40,4*00
$BDGSV,4,1,14,01,36,141,,05,17,250,,06,68,314,30,07,12,180,23,1*70
$BDGSV,4,2,14,08,31,203,27,09,55,287,19,16,68,318,32,20,24,317,19,1*7F
$BDGSV,4,3,14,23,80,025,32,25,27,052,19,32,75,263,31,37,42,240,22,1*77
$BDGSV,4,4,14,38,20,192,26,39,71,353,34,1*79
$BDGSV,2,1,05,20,24,317,26,23,80,025,33,32,75,263,35,37,42,240,34,3*7B
$BDGSV,2,2,05,39,71,353,40,3*4F
$BDGLL,3904.60510,N,11721.24558,E,133638.00,A,A*72
$BDTXT,01,01,01,ANTENNA OK*24
-- Send QB4 Data OK......294


-- Build QB4 Data :2024,7,10 21-36-38   294


-- Send QB4 Data OK......294





$BDZDA,133639.00,10,07,2024,00,00*78
$BDRMC,133639.00,A,3904.60506,N,11721.24569,E,0.105,,100724,,,A,V*11
$BDGGA,133639.00,3904.60506,N,11721.24569,E,1,08,3.30,23.8,M,-4.9,M,,*62
$BDGSA,A,3,06,08,16,23,32,37,38,39,,,,,6.33,3.30,5.40,4*00
$BDGSV,4,1,14,01,36,141,,05,17,250,,06,68,314,29,07,12,180,22,1*79
$BDGSV,4,2,14,08,31,203,26,09,55,287,19,16,68,318,32,20,24,317,19,1*7E
$BDGSV,4,3,14,23,80,025,31,25,27,052,18,32,75,263,30,37,42,240,21,1*77
$BDGSV,4,4,14,38,20,192,26,39,71,353,33,1*7E
$BDGSV,2,1,05,20,24,317,26,23,80,025,32,32,75,263,35,37,42,240,33,3*7D
$BDGSV,2,2,05,39,71,353,40,3*4F
$BDGLL,3904.60506,N,11721.24569,E,133639.00,A,A*76
$BDTXT,01,01,01,ANTENNA OK*24

-- Build QB4 Data :2024,7,10 21-36-39   294






$BDZDA,133640.00,10,07,2024,00,00*76
$BDRMC,133640.00,A,3904.60503,N,11721.24580,E,0.058,,100724,,,A,V*14
$BDGGA,133640.00,3904.60503,N,11721.24580,E,1,08,3.30,23.8,M,-4.9,M,,*6E
$BDGSA,A,3,06,08,16,23,32,37,38,39,,,,,6.32,3.30,5.40,4*01
$BDGSV,4,1,14,01,36,141,,05,17,250,,06,68,314,29,07,12,180,22,1*79
$BDGSV,4,2,14,08,31,203,26,09,55,287,19,16,68,318,32,20,24,317,19,1*7E
$BDGSV,4,3,14,23,80,025,31,25,27,052,18,32,75,263,30,37,42,240,20,1*76
$BDGSV,4,4,14,38,20,192,25,39,71,353,34,1*7A
$BDGSV,2,1,05,20,24,317,25,23,80,025,32,32,75,263,35,37,42,240,33,3*7E
$BDGSV,2,2,05,39,71,353,40,3*4F
$BDGLL,3904.60503,N,11721.24580,E,133640.00,A,A*7A
$BDTXT,01,01,01,ANTENNA OK*24

-- Send QB4 Data OK......294


-- Build QB4 Data :2024,7,10 21-36-40   294






$BDZDA,133641.00,10,07,2024,00,00*77
$BDRMC,133641.00,A,3904.60496,N,11721.24591,E,0.286,,100724,,,A,V*19
$BDGGA,133641.00,3904.60496,N,11721.24591,E,1,08,3.30,23.9,M,-4.9,M,,*63
$BDGSA,A,3,06,08,16,23,32,37,38,39,,,,,6.32,3.30,5.39,4*0F
$BDGSV,4,1,14,01,36,141,,05,17,250,,06,68,314,28,07,13,180,21,1*7A
$BDGSV,4,2,14,08,31,203,26,09,55,287,18,16,68,318,31,20,24,317,18,1*7D
$BDGSV,4,3,14,23,80,025,30,25,27,052,18,32,75,263,30,37,42,240,20,1*77
$BDGSV,4,4,14,38,20,192,25,39,71,353,33,1*7D
$BDGSV,2,1,05,20,24,317,25,23,80,025,32,32,75,263,34,37,42,240,32,3*7E
$BDGSV,2,2,05,39,71,353,38,3*40
$BDGLL,3904.60496,N,11721.24591,E,133641.00,A,A*76
$BDTXT,01,01,01,ANTENNA OK*24
-- Send QB4 Data OK......294


-- Build QB4 Data :2024,7,10 21-36-41   294


-- Send QB4 Data OK......294





$BDZDA,133642.00,10,07,2024,00,00*74
$BDRMC,133642.00,A,3904.60497,N,11721.24599,E,0.104,,100724,,,A,V*1A
$BDGGA,133642.00,3904.60497,N,11721.24599,E,1,08,3.30,23.8,M,-4.9,M,,*68
$BDGSA,A,3,06,08,16,23,32,37,38,39,,,,,6.32,3.30,5.39,4*0F
$BDGSV,4,1,14,01,36,141,,05,17,250,,06,68,314,29,07,13,180,22,1*78
$BDGSV,4,2,14,08,31,203,27,09,55,287,19,16,68,318,33,20,24,317,20,1*74
$BDGSV,4,3,14,23,80,025,31,25,27,052,19,32,75,263,31,37,42,240,21,1*77
$BDGSV,4,4,14,38,20,192,26,39,71,353,34,1*79
$BDGSV,2,1,05,20,24,317,25,23,80,025,33,32,75,263,35,37,42,240,32,3*7E
$BDGSV,2,2,05,39,71,353,40,3*4F
$BDGLL,3904.60497,N,11721.24599,E,133642.00,A,A*7C
$BDTXT,01,01,01,ANTENNA OK*24

-- Build QB4 Data :2024,7,10 21-36-42   294






$BDZDA,133643.00,10,07,2024,00,00*75
$BDRMC,133643.00,A,3904.60498,N,11721.24610,E,0.038,,100724,,,A,V*18
$BDGGA,133643.00,3904.60498,N,11721.24610,E,1,08,3.30,23.5,M,-4.9,M,,*69
$BDGSA,A,3,06,08,16,23,32,37,38,39,,,,,6.32,3.30,5.39,4*0F
$BDGSV,4,1,14,01,36,141,,05,17,250,,06,68,314,29,07,13,180,22,1*78
$BDGSV,4,2,14,08,31,203,27,09,55,287,20,16,68,318,33,20,24,317,20,1*7E
$BDGSV,4,3,14,23,80,025,32,25,27,052,19,32,75,263,31,37,42,240,21,1*74
$BDGSV,4,4,14,38,20,192,26,39,71,353,34,1*79
$BDGSV,2,1,05,20,24,317,25,23,80,025,32,32,75,263,35,37,42,240,32,3*7F
$BDGSV,2,2,05,39,71,353,40,3*4F
$BDGLL,3904.60498,N,11721.24610,E,133643.00,A,A*70
$BDTXT,01,01,01,ANTENNA OK*24

-- Send QB4 Data OK......294


-- Build QB4 Data :2024,7,10 21-36-43   294






$BDZDA,133644.00,10,07,2024,00,00*72
$BDRMC,133644.00,A,3904.60491,N,11721.24621,E,0.043,,100724,,,A,V*18
$BDGGA,133644.00,3904.60491,N,11721.24621,E,1,08,3.30,23.6,M,-4.9,M,,*66
$BDGSA,A,3,06,08,16,23,32,37,38,39,,,,,6.32,3.30,5.39,4*0F
$BDGSV,4,1,14,01,36,141,,05,17,250,,06,68,314,30,07,13,180,22,1*70
$BDGSV,4,2,14,08,31,203,27,09,55,287,19,16,68,318,33,20,24,317,21,1*75
$BDGSV,4,3,14,23,80,025,31,25,27,052,18,32,75,262,31,37,42,240,20,1*76
$BDGSV,4,4,14,38,20,192,26,39,71,353,34,1*79
$BDGSV,2,1,05,20,24,317,26,23,80,025,32,32,75,262,35,37,42,240,32,3*7D
$BDGSV,2,2,05,39,71,353,-- Send QB4 Data OK......294

40,3*4F
$BDGLL,3904.60491,N,11721.24621,E,133644.00,A,A*7C
$BDTXT,01,01,01,ANTENNA OK*24

-- Build QB4 Data :2024,7,10 21-36-44   294






$BDZDA,133645.00,10,07,2024,00,00*73
$BDRMC,133645.00,A,3904.60486,N,11721.24626,E,0.078,,100724,,,A,V*10
$BDGGA,133645.00,3904.60486,N,11721.24626,E,1,08,3.30,23.6,M,-4.9,M,,*66
$BDGSA,A,3,06,08,16,23,32,37,38,39,,,,,6.32,3.30,5.39,4*0F
$BDGSV,4,1,14,01,36,141,27,05,17,250,,06,68,314,29,07,13,180,22,1*7D
$BDGSV,4,2,14,08,31,203,27,09,55,287,19,16,68,318,32,20,24,317,20,1*75
$BDGSV,4,3,14,23,80,025,31,25,27,052,18,32,75,262,31,37,42,240,18,1*7D
$BDGSV,4,4,14,38,20,192,26,39,71,353,34,1*79
$BDGSV,2,1,05,20,24,317,25,23,80,025,32,32,75,262,35,37,42,240,28,3*75
$BDGSV,2,2,05,39,71,353,40,3*4F
$BDGLL,3904.60486,N,11721.24626,E,133645.00,A,A*7C
$BDTXT,01,01,01,ANTENNA OK*24

-- Send QB4 Data OK......294


-- Build QB4 Data :2024,7,10 21-36-45   294






$BDZDA,133646.00,10,07,2024,00,00*70
$BDRMC,133646.00,A,3904.60477,N,11721.24638,E,0.030,,100724,,,A,V*1E
$BDGGA,133646.00,3904.60477,N,11721.24638,E,1,08,3.29,23.9,M,-4.9,M,,*63
$BDGSA,A,3,06,08,16,23,32,37,38,39,,,,,6.32,3.29,5.39,4*07
$BDGSV,4,1,14,01,36,141,27,05,17,250,,06,68,314,29,07,13,180,22,1*7D
$BDGSV,4,2,14,08,31,203,27,09,55,287,19,16,68,318,33,20,24,317,21,1*75
$BDGSV,4,3,14,23,80,025,31,25,27,052,18,32,75,262,32,37,42,240,20,1*75
$BDGSV,4,4,14,38,20,192,26,39,71,353,34,1*79
$BDGSV,2,1,05,20,24,317,25,23,80,025,32,32,75,262,35,37,42,240,30,3*7C
$BDGSV,2,2,05,39,71,353,40,3*4F
$BDGLL,3904.60477,N,11721.24638,E,133646.00,A,A*7E
$BDTXT,01,01,01,ANTENNA OK*24

-- Send QB4 Data OK......294


-- Build QB4 Data :2024,7,10 21-36-46   294






$BDZDA,133647.00,10,07,2024,00,00*71
$BDRMC,133647.00,A,3904.60470,N,11721.24643,E,0.217,,100724,,,A,V*13
$BDGGA,133647.00,3904.60470,N,11721.24643,E,1,08,3.29,24.0,M,-4.9,M,,*67
$BDGSA,A,3,06,08,16,23,32,37,38,39,,,,,6.32,3.29,5.39,4*07
$BDGSV,4,1,14,01,36,141,,05,17,250,,06,68,314,29,07,13,180,22,1*78
$BDGSV,4,2,14,08,31,203,27,09,55,287,19,16,68,318,32,20,24,317,21,1*74
$BDGSV,4,3,14,23,80,025,31,25,27,052,18,32,75,262,31,37,42,240,20,1*76
$BDGSV,4,4,14,38,20,192,-- Send QB4 Data OK......294

26,39,71,353,34,1*79
$BDGSV,2,1,05,20,24,317,25,23,80,025,32,32,75,262,35,37,42,240,30,3*7C
$BDGSV,2,2,05,39,71,353,40,3*4F
$BDGLL,3904.60470,N,11721.24643,E,133647.00,A,A*74
$BDTXT,01,01,01,ANTENNA OK*24

-- Build QB4 Data :2024,7,10 21-36-47   294


-- Send QB4 Data OK......294






$BDZDA,133648.00,10,07,2024,00,00*7E
$BDRMC,133648.00,A,3904.60465,N,11721.24650,E,0.161,,100724,,,A,V*18
$BDGGA,133648.00,3904.60465,N,11721.24650,E,1,08,3.29,24.0,M,-4.9,M,,*6E
$BDGSA,A,3,06,08,16,23,32,37,38,39,,,,,6.31,3.29,5.39,4*04
$BDGSV,4,1,14,01,36,141,,05,17,250,,06,68,314,29,07,13,180,22,1*78
$BDGSV,4,2,14,08,31,203,27,09,55,287,18,16,68,318,32,20,24,317,21,1*75
$BDGSV,4,3,14,23,80,025,31,25,27,052,19,32,75,262,31,37,42,240,20,1*77
$BDGSV,4,4,14,38,20,192,26,39,71,353,34,1*79
$BDGSV,2,1,05,20,24,317,25,23,80,025,32,32,75,262,35,37,42,240,30,3*7C
$BDGSV,2,2,05,39,71,353,40,3*4F
$BDGLL,3904.60465,N,11721.24650,E,133648.00,A,A*7D
$BDTXT,01,01,01,ANTENNA OK*24

-- Build QB4 Data :2024,7,10 21-36-48   294






$BDZDA,133649.00,10,07,2024,00,00*7F
$BDRMC,133649.00,A,3904.60461,N,11721.24650,E,0.138,,100724,,,A,V*11
$BDGGA,133649.00,3904.60461,N,11721.24650,E,1,08,3.29,24.0,M,-4.9,M,,*6B
$BDGSA,A,3,06,08,16,23,32,37,38,39,,,,,6.31,3.29,5.38,4*05
$BDGSV,4,1,14,01,36,141,,05,17,250,,06,68,314,29,07,13,180,22,1*78
$BDGSV,4,2,14,08,31,203,27,09,55,287,19,16,68,318,32,20,24,317,20,1*75
$BDGSV,4,3,14,23,80,025,30,25,27,052,18,32,75,262,31,37,42,240,21,1*76
$BDGSV,4,4,14,38,20,192,26,39,71,353,34,1*79
$BDGSV,2,1,05,20,24,317,25,23,80,025,32,32,75,262,35,37,42,240,30,3*7C
$BDGSV,2,2,05,39,71,353,40,3*4F
$BDGLL,3904.60461,N,11721.24650,E,133649.00,A,A*78
$BDTXT,01,01,01,ANTENNA OK*24

-- Send QB4 Data OK......294


-- Build QB4 Data :2024,7,10 21-36-49   294






$BDZDA,133650.00,10,07,2024,00,00*77
$BDRMC,133650.00,A,3904.60459,N,11721.24652,E,0.098,,100724,,,A,V*1B
$BDGGA,133650.00,3904.60459,N,11721.24652,E,1,08,3.29,24.0,M,-4.9,M,,*6A
$BDGSA,A,3,06,08,16,23,32,37,38,39,,,,,6.31,3.29,5.38,4*05
$BDGSV,4,1,14,01,36,141,,05,17,250,,06,68,314,29,07,13,180,22,1*78
$BDGSV,4,2,14,08,31,203,27,09,55,287,18,16,68,318,32-- Send QB4 Data OK......294

,20,24,317,20,1*74
$BDGSV,4,3,14,23,80,025,30,25,27,052,17,32,75,262,30,37,42,240,22,1*7B
$BDGSV,4,4,14,38,20,192,25,39,71,353,33,1*7D
$BDGSV,2,1,05,20,24,317,25,23,80,025,32,32,75,262,34,37,42,240,29,3*75
$BDGSV,2,2,05,39,71,353,40,3*4F
$BDGLL,3904.60459,N,11721.24652,E,133650.00,A,A*79
$BDTXT,01,01,01,ANTENNA OK*24

-- Build QB4 Data :2024,7,10 21-36-50   294






$BDZDA,133651.00,10,07,2024,00,00*76
$BDRMC,133651.00,A,3904.60455,N,11721.24654,E,0.097,,100724,,,A,V*1F
$BDGGA,133651.00,3904.60455,N,11721.24654,E,1,08,3.29,24.0,M,-4.9,M,,*61
$BDGSA,A,3,06,08,16,23,32,37,38,39,,,,,6.31,3.29,5.38,4*05
$BDGSV,4,1,15,01,36,141,,02,35,228,,05,17,250,27,06,68,314,30,1*74
$BDGSV,4,2,15,07,13,180,22,08,31,203,27,09,55,287,19,16,68,318,33,1*7A
$BDGSV,4,3,15,20,24,317,21,23,80,025,31,25,27,052,17,32,75,262,31,1*7C
$BDGSV,4,4,15,37,42,240,22,38,20,192,26,39,71,353,34,1*4C
$BDGSV,2,1,05,20,24,317,25,23,80,025,32,32,75,262,34,37,42,240,29,3*75
$BDGSV,2,2,05,39,71,353,40,3*4F
$BDGLL,3904.60455,N,11721.24654,E,133651.00,A,A*72
$BDTXT,01,01,01,ANTENNA OK*24

-- Send QB4 Data OK......294


-- Build QB4 Data :2024,7,10 21-36-51   294






$BDZDA,133652.00,10,07,2024,00,00*75
$BDRMC,133652.00,A,3904.60452,N,11721.24656,E,0.065,,100724,,,A,V*14
$BDGGA,133652.00,3904.60452,N,11721.24656,E,1,08,3.29,24.0,M,-4.9,M,,*67
$BDGSA,A,3,06,08,16,23,32,37,38,39,,,,,6.31,3.29,5.38,4*05
$BDGSV,4,1,15,01,36,141,,02,35,228,,05,17,250,27,06,68,314,29,1*7C
$BDGSV,4,2,15,07,13,180,22,08,31,203,28,09,55,287,20,16,68,318,33,1*7F
$BDGSV,4,3,15,20,24,317,21,23,80,025,31,25,27,052,17,32,75,262,32,1*7F
$BDGSV,4,4,15,37,42,240,22,38,20,192,26,39,71,353,35,1*4D
$BDGSV,2,1,05,20,24,317,25,23,80,025,31,32,75,262,35,37,42,240,28,3*76
$BDGSV,2,2,05,39,71,353,40,3*4F
$BDGLL,3904.60452,N,11721.24656,E,133652.00,A,A*74
$BDTXT,01,01,01,ANTENNA OK*24

-- Send QB4 Data OK......294


-- Build QB4 Data :2024,7,10 21-36-52   294






$BDZDA,133653.00,10,07,2024,00,00*74
$BDRMC,133653.00,A,3904.60450,N,11721.24659,E,0.304,,100724,,,A,V*1C
$BDGGA,133653.00,3904.60450,N,11721.24659,E,1,08,3.29,23.9,M,-4.9,M,,*65
$BDGSA,A,3,06,08,16,23,32,37,38,39,,,,,6.31,3.29,5.38,4*05
-- Send QB4 Data OK......294

$BDGSV,4,1,15,01,36,141,,02,35,228,,05,17,250,27,06,68,314,29,1*7C
$BDGSV,4,2,15,07,13,180,22,08,31,203,28,09,55,287,20,16,68,318,33,1*7F
$BDGSV,4,3,15,20,24,317,21,23,80,025,31,25,27,052,18,32,75,262,32,1*70
$BDGSV,4,4,15,37,42,240,23,38,20,192,26,39,71,353,35,1*4C
$BDGSV,2,1,05,20,24,317,25,23,80,025,32,32,75,262,35,37,42,240,28,3*75
$BDGSV,2,2,05,39,71,353,40,3*4F
$BDGLL,3904.60450,N,11721.24659,E,133653.00,A,A*78
$BDTXT,01,01,01,ANTENNA OK*24

-- Build QB4 Data :2024,7,10 21-36-53   294






$BDZDA,133654.00,10,07,2024,00,00*73
$BDRMC,133654.00,A,3904.60439,N,11721.24662,E,0.146,,100724,,,A,V*18
$BDGGA,133654.00,3904.60439,N,11721.24662,E,1,08,3.29,24.2,M,-4.9,M,,*69
$BDGSA,A,3,06,08,16,23,32,37,38,39,,,,,6.31,3.29,5.38,4*05
$BDGSV,4,1,15,01,36,141,,02,35,228,,05,17,250,,06,68,314,28,1*78
$BDGSV,4,2,15,07,13,180,20,08,31,203,27,09,55,287,19,16,68,318,31,1*7A
$BDGSV,4,3,15,20,24,317,20,23,80,025,29,25,27,052,18,32,75,262,30,1*7A
$BDGSV,4,4,15,37,42,240,22,38,20,192,26,39,71,353,29,1*40
$BDGSV,2,1,05,20,24,317,25,23,80,025,31,32,75,262,31,37,42,240,26,3*7C
$BDGSV,2,2,05,39,71,353,38,3*40
$BDGLL,3904.60439,N,11721.24662,E,133654.00,A,A*78
$BDTXT,01,01,01,ANTENNA OK*24

-- Send QB4 Data OK......294


-- Build QB4 Data :2024,7,10 21-36-54   294






$BDZDA,133655.00,10,07,2024,00,00*72
$BDRMC,133655.00,A,3904.60433,N,11721.24677,E,0.106,,100724,,,A,V*13
$BDGGA,133655.00,3904.60433,N,11721.24677,E,1,08,3.29,24.2,M,-4.9,M,,*66
$BDGSA,A,3,06,08,16,23,32,37,38,39,,,,,6.31,3.29,5.38,4*05
$BDGSV,4,1,15,01,36,141,,02,35,228,,05,17,250,,06,68,314,29,1*79
$BDGSV,4,2,15,07,13,180,21,08,31,203,27,09,55,287,20,16,68,318,32,1*72
$BDGSV,4,3,15,20,24,317,20,23,80,025,31,25,27,052,18,32,75,262,31,1*72
$BDGSV,4,4,15,37,42,240,24,38,20,192,27,39,71,353,34,1*4B
$BDGSV,2,1,05,20,24,317,24,23,80,025,30,32,75,262,34,37,42,240,26,3*79
$BDGSV,2,2,05,39,71,353,41,3*4E
$BDGLL,3904.60433,N,11721.24677,E,133655.00,A,A*77
$BDTXT,01,01,01,ANTENNA OK*24

-- Send QB4 Data OK......294


-- Build QB4 Data :2024,7,10 21-36-55   294






$BDZDA,133656.00,10,07,2024,00,00*71
$BDRMC,133656.00,A,3904.60427,N,11721.24697,E,0.081,,100724,,,A,V*15
$BDGGA,133656.00,3904.60427,N,11721.24697,E,1,08,3.29,24.1,M,-4.9,M,,*6D
$BDGSA,A,3,06,08,16,23,32,37,38,39,,,,,6.30,3.29,5.38,4*04
$BDGSV,4,1,15,01,36,141,,02,35,228,,05,17,250,,06,68,314,29,1*79
$BDGSV,4,2,15,07,13,180,21,08,31,203,27,09,55,287,20,16,68,318,33,1*73
$BDGSV,4,3,15,20,24,317,21,23,80,025,31,25,27,052,17,32,75,262,32,1*7F
$BDGSV,4,4,15,37,42,240,24,38,20,192,27,39,71,353,34,1*4B
$BDGSV,2,1,05,20,24,317,25,23,80,025,33,32,75,262,35,37,42,240,25,3*79
$BDGSV,2,2,05,39,71,353,41,3*4E
$BDGLL,3904.60427,N,11721.24697,E,133656.00,A,A*7F
$BDTXT,01,01,01,ANTENNA OK*24

-- Send QB4 Data OK......294


-- Build QB4 Data :2024,7,10 21-36-56   294






$BDZDA,133657.00,10,07,2024,00,00*70
$BDRMC,133657.00,A,3904.60422,N,11721.24710,E,0.147,,100724,,,A,V*14
$BDGGA,133657.00,3904.60422,N,11721.24710,E,1,08,3.29,24.1,M,-4.9,M,,*67
$BDGSA,A,3,06,08,16,23,32,37,38,39,,,,,6.30,3.29,5.37,4*0B
$BDGSV,4,1,15,01,36,141,,02,35,228,,05,17,250,,06,68,314,29,1*79
$BDGSV,4,2,15,07,13,180,22,08,31,203,27,09,55,287,20,16,68,318,33,1*70
$BDGSV,4,3,15,20,24,317,22,23,80,025,30,25,27,052,18,32,75,262,32,1*72
$BDGSV,4,4,15,37,42,240,25,38,20,192,28,39,71,353,34,1*45
$BDGSV,2,1,05,20,24,317,25,23,80,025,32,32,75,262,35,37,42,240,24,3*79
$BDGSV,2,2,05,39,71,353,41,3*4E
$BDGLL,3904.60422,N,11721.24710,E,133657.00,A,A*75
$BDTXT,01,01,01,ANTENNA OK*24

-- Send QB4 Data OK......294


-- Build QB4 Data :2024,7,10 21-36-57   294






$BDZDA,133658.00,10,07,2024,00,00*7F
$BDRMC,133658.00,A,3904.60419,N,11721.24731,E,0.070,,100724,,,A,V*15
$BDGGA,133658.00,3904.60419,N,11721.24731,E,1,08,3.29,24.0,M,-4.9,M,,*62
$BDGSA,A,3,06,08,16,23,32,37,38,39,,,,,6.30,3.29,5.37,4*0B
$BDGSV,4,1,15,01,36,141,,02,35,228,,05,17,250,,06,68,314,29,1*79
$BDGSV,4,2,15,07,13,180,22,08,31,203,27,09,55,287,19,16,68,318,32,1*7B
$BDGSV,4,3,15,20,24,317,21,23,80,025,30,25,27,052,18,32,75,262,31,1*72
$BDGSV,4,4,15,37,42,240,25,38,20,192,26,39,71,353,33,1*4C
$BDGSV,2,1,05,20,24,317,25,23,80,025,31,32,75,262,34,37,42,240,23,3*7C
$BDGSV,2,2,05,39,71,353,39,3*41
$BDGLL,3904.60419,N,11721.24731,E,133658.00,A,A*71
$BDTXT,01,01,01,ANTENNA OK*24
-- Send QB4 Data OK......294


-- Build QB4 Data :2024,7,10 21-36-58   294






$BDZDA,133659.00,10,07,2024,00,00*7E
$BDRMC,133659.00,A,3904.60408,N,11721.24755,E,0.353,,100724,,,A,V*14
$BDGGA,133659.00,3904.60408,N,11721.24755,E,1,08,3.29,24.2,M,-4.9,M,,*63
$BDGSA,A,3,06,08,16,23,32,37,38,39,,,,,6.30,3.29,5.37,4*0B
$BDGSV,4,1,15,01,36,141,,02,35,228,,05,17,250,,06,68,314,30,1*71
$BDGSV,4,2,15,07,13,180,23,08,31,203,28,09,55,287,20,16,68,318,34,1*79
$BDGSV,4,3,15,20,24,317,23,23,80,025,31,25,27,052,19,32,75,262,32,1*73
$BDGSV,4,4,15,37,42,240,26,38,20,192,27,39,71,353,34,1*49
$BDGSV,2,1,05,20,24,317,25,23,80,025,31,32,75,262,34,37,42,240,22,3*7D
$BDGSV,2,2,05,39,71,353,41,3*4E
$BDGLL,3904.60408,N,11721.24755,E,133659.00,A,A*72
$BDTXT,01,01,01,ANTENNA OK*24

-- Send QB4 Data OK......294


-- Build QB4 Data :2024,7,10 21-36-59   294






$BDZDA,133700.00,10,07,2024,00,00*73
$BDRMC,133700.00,A,3904.60407,N,11721.24773,E,0.268,,100724,,,A,V*1B
$BDGGA,133700.00,3904.60407,N,11721.24773,E,1,08,3.29,24.0,M,-4.9,M,,*67
$BDGSA,A,3,06,08,16,23,32,37,38,39,,,,,6.30,3.29,5.37,4*0B
$BDGSV,4,1,15,01,36,141,,02,35,228,,05,17,250,,06,68,314,29,1*79
$BDGSV,4,2,15,07,13,180,23,08,31,203,27,09,55,287,20,16,68,318,33,1*71
$BDGSV,4,3,15,20,24,317,22,23,80,025,31,25,27,052,19,32,75,262,31,1*71
$BDGSV,4,4,15,37,42,240,26,38,20,192,26,39,71,353,34,1*48
$BDGSV,2,1,05,20,24,317,25,23,80,025,30,32,75,262,34,37,42,240,21,3*7F
$BDGSV,2,2,05,39,71,353,39,3*41
$BDGLL,3904.60407,N,11721.24773,E,133700.00,A,A*74
$BDTXT,01,01,01,ANTENNA OK*24

-- Send QB4 Data OK......294


-- Build QB4 Data :2024,7,10 21-37-0   294






$BDZDA,133701.00,10,07,2024,00,00*72
$BDRMC,133701.00,A,3904.60400,N,11721.24799,E,0.166,,100724,,,A,V*14
$BDGGA,133701.00,3904.60400,N,11721.24799,E,1,08,3.29,24.1,M,-4.9,M,,*64
$BDGSA,A,3,06,08,16,23,32,37,38,39,,,,,6.30,3.29,5.37,4*0B
$BDGSV,4,1,15,01,36,141,,02,35,228,,05,17,250,,06,68,314,30,1*71
$BDGSV,4,2,15,07,13,180,24,08,31,203,28,09,55,287,20,16,68,318,34,1*7E
$BDGSV,4,3,15,20,24,317,22,23,79,025,32,25,27,052,19,32,75,262,32,1*77
$BDGSV,4,4,15,37,42,240,27,38,20,192,27,39,71,353,34,1*48
$BDGSV,2,1,05,20,24,317,25,23,79,025,31,32,75,262,34,37,42,240,21,3*78
$BDGSV,2,2,05,39,71,353,41,3*4E
$BDGLL,3904.60400,N,11721.24799,E,133701.00,A,A*76
$BDTXT,01,01,01,ANTENNA OK*24
-- Send QB4 Data OK......294


-- Build QB4 Data :2024,7,10 21-37-1   294


-- Send QB4 Data OK......294





$BDZDA,133702.00,10,07,2024,00,00*71
$BDRMC,133702.00,A,3904.60392,N,11721.24829,E,0.151,,100724,,,A,V*1B
$BDGGA,133702.00,3904.60392,N,11721.24829,E,1,08,3.29,24.2,M,-4.9,M,,*6C
$BDGSA,A,3,06,08,16,23,32,37,38,39,,,,,6.30,3.29,5.37,4*0B
$BDGSV,4,1,15,01,36,141,,02,35,228,,05,17,250,,06,68,314,31,1*70
$BDGSV,4,2,15,07,13,180,25,08,31,203,28,09,55,287,21,16,68,318,34,1*7E
$BDGSV,4,3,15,20,24,317,23,23,79,025,32,25,27,052,20,32,75,262,33,1*7D
$BDGSV,4,4,15,37,42,240,27,38,20,192,27,39,71,353,35,1*49
$BDGSV,2,1,05,20,24,317,25,23,79,025,31,32,75,262,34,37,42,240,20,3*79
$BDGSV,2,2,05,39,71,353,40,3*4F
$BDGLL,3904.60392,N,11721.24829,E,133702.00,A,A*7D
$BDTXT,01,01,01,ANTENNA OK*24

-- Build QB4 Data :2024,7,10 21-37-2   294






$BDZDA,133703.00,10,07,2024,00,00*70
$BDRMC,133703.00,A,3904.60389,N,11721.24847,E,0.071,,100724,,,A,V*1B
$BDGGA,133703.00,3904.60389,N,11721.24847,E,1,08,3.29,24.1,M,-4.9,M,,*6C
$BDGSA,A,3,06,08,16,23,32,37,38,39,,,,,6.30,3.29,5.37,4*0B
$BDGSV,4,1,15,01,36,141,,02,35,228,,05,17,250,,06,68,314,30,1*71
$BDGSV,4,2,15,07,13,180,23,08,31,203,28,09,55,287,19,16,68,318,33,1*74
$BDGSV,4,3,15,20,24,317,22,23,79,025,31,25,27,052,19,32,75,262,32,1*74
$BDGSV,4,4,15,37,42,240,27,38,20,192,27,39,71,353,34,1*48
$BDGSV,2,1,05,20,24,317,25,23,79,025,31,32,75,262,34,37,42,240,18,3*72
$BDGSV,2,2,05,39,71,353,38,3*40
$BDGLL,3904.60389,N,11721.24847,E,133703.00,A,A*7E
$BDTXT,01,01,01,ANTENNA OK*24

-- Send QB4 Data OK......294


-- Build QB4 Data :2024,7,10 21-37-3   294






$BDZDA,133704.00,10,07,2024,00,00*77
$BDRMC,133704.00,A,3904.60385,N,11721.24861,E,0.052,,100724,,,A,V*15
$BDGGA,133704.00,3904.60385,N,11721.24861,E,1,08,3.29,24.2,M,-4.9,M,,*60
$BDGSA,A,3,06,08,16,23,32,37,38,39,,,,,6.29,3.29,5.37,4*03
$BDGSV,4,1,15,01,36,141,,02,35,228,,05,17,250,,06,68,314,28,1*78
$BDGSV,4,2,15,07,13,180,23,08,31,203,27,09,55,287,18,16,68,318,33,1*7A
$BDGSV,4,3,15,20,24,317,21,23,79,025,25,25,27,052,18,32,75,262,31,1*70
$BDGSV,4,4,15,37,42,240,27,38,20,192,26,39,71,353,34,1*49
$BDGSV,2,1,05,20,24,317,23,23,79,025,29,32,75,262,33,37,42,240,15,3*77
$BDGSV,2,2,05-- Send QB4 Data OK......294

,39,71,353,40,3*4F
$BDGLL,3904.60385,N,11721.24861,E,133704.00,A,A*71
$BDTXT,01,01,01,ANTENNA OK*24

-- Build QB4 Data :2024,7,10 21-37-4   294


-- Send QB4 Data OK......294





$BDZDA,133705.00,10,07,2024,00,00*76
$BDRMC,133705.00,A,3904.60381,N,11721.24876,E,0.409,,100724,,,A,V*1C
$BDGGA,133705.00,3904.60381,N,11721.24876,E,1,08,3.29,24.1,M,-4.9,M,,*60
$BDGSA,A,3,06,08,16,23,32,37,38,39,,,,,6.29,3.29,5.36,4*02
$BDGSV,4,1,15,01,36,141,,02,35,228,,05,17,250,,06,68,314,30,1*71
$BDGSV,4,2,15,07,13,180,23,08,31,203,27,09,55,287,18,16,68,318,33,1*7A
$BDGSV,4,3,15,20,24,317,22,23,79,025,31,25,27,052,19,32,75,262,32,1*74
$BDGSV,4,4,15,37,42,240,28,38,20,192,26,39,71,353,35,1*47
$BDGSV,2,1,05,20,24,317,25,23,79,025,31,32,75,262,35,37,42,240,10,3*7B
$BDGSV,2,2,05,39,71,353,41,3*4E
$BDGLL,3904.60381,N,11721.24876,E,133705.00,A,A*72
$BDTXT,01,01,01,ANTENNA OK*24

-- Build QB4 Data :2024,7,10 21-37-5   294






$BDZDA,133706.00,10,07,2024,00,00*75
$BDRMC,133706.00,A,3904.60377,N,11721.24894,E,0.158,,100724,,,A,V*1B
$BDGGA,133706.00,3904.60377,N,11721.24894,E,1,08,3.29,24.1,M,-4.9,M,,*66
$BDGSA,A,3,06,08,16,23,32,37,38,39,,,,,6.29,3.29,5.36,4*02
$BDGSV,4,1,15,01,36,141,,02,35,228,,05,17,250,,06,68,314,30,1*71
$BDGSV,4,2,15,07,13,180,23,08,31,203,27,09,55,287,19,16,68,318,33,1*7B
$BDGSV,4,3,15,20,24,317,22,23,79,025,30,25,27,052,18,32,75,262,32,1*74
$BDGSV,4,4,15,37,42,240,28,38,20,192,26,39,71,353,34,1*46
$BDGSV,2,1,05,20,24,317,25,23,79,025,31,32,75,262,35,37,42,240,13,3*78
$BDGSV,2,2,05,39,71,353,40,3*4F
$BDGLL,3904.60377,N,11721.24894,E,133706.00,A,A*74
$BDTXT,01,01,01,ANTENNA OK*24

-- Send QB4 Data OK......294


-- Build QB4 Data :2024,7,10 21-37-6   294






$BDZDA,133707.00,10,07,2024,00,00*74
$BDRMC,133707.00,A,3904.60363,N,11721.24915,E,0.074,,100724,,,A,V*18
$BDGGA,133707.00,3904.60363,N,11721.24915,E,1,08,3.29,24.5,M,-4.9,M,,*6E
$BDGSA,A,3,06,08,16,23,32,37,38,39,,,,,6.29,3.29,5.36,4*02
$BDGSV,4,1,15,01,36,141,,02,35,228,,05,17,250,,06,68,314,30,1*71
$BDGSV,4,2,15,07,13,180,23,08,31,203,28,09,55,287,21,16,68,318,33,1*7F
$BDGSV,4,3,15,20,24,317,22,23,79,025,31,25,27,052,18,32,75,262,32,1*75
$BDGSV,4,4,15,37,42,240,29-- Send QB4 Data OK......294

,38,20,192,27,39,71,353,34,1*46
$BDGSV,2,1,05,20,24,317,25,23,79,025,31,32,75,262,34,37,42,240,12,3*78
$BDGSV,2,2,05,39,71,353,39,3*41
$BDGLL,3904.60363,N,11721.24915,E,133707.00,A,A*78
$BDTXT,01,01,01,ANTENNA OK*24

-- Build QB4 Data :2024,7,10 21-37-7   294






$BDZDA,133708.00,10,07,2024,00,00*7B
$BDRMC,133708.00,A,3904.60360,N,11721.24927,E,0.035,,100724,,,A,V*10
$BDGGA,133708.00,3904.60360,N,11721.24927,E,1,08,3.29,24.4,M,-4.9,M,,*62
$BDGSA,A,3,06,08,16,23,32,37,38,39,,,,,6.29,3.29,5.36,4*02
$BDGSV,4,1,15,01,36,141,,02,35,228,,05,17,250,,06,68,314,29,1*79
$BDGSV,4,2,15,07,13,180,23,08,31,203,27,09,55,287,20,16,68,318,33,1*71
$BDGSV,4,3,15,20,24,317,22,23,79,025,30,25,27,052,17,32,75,262,32,1*7B
$BDGSV,4,4,15,37,42,240,28,38,20,192,26,39,71,353,33,1*41
$BDGSV,2,1,05,20,24,317,25,23,79,025,30,32,75,262,34,37,42,240,12,3*79
$BDGSV,2,2,05,39,71,353,40,3*4F
$BDGLL,3904.60360,N,11721.24927,E,133708.00,A,A*75
$BDTXT,01,01,01,ANTENNA OK*24

-- Send QB4 Data OK......294


-- Build QB4 Data :2024,7,10 21-37-8   294






$BDZDA,133709.00,10,07,2024,00,00*7A
$BDRMC,133709.00,A,3904.60361,N,11721.24938,E,0.090,,100724,,,A,V*11
$BDGGA,133709.00,3904.60361,N,11721.24938,E,1,08,3.29,24.2,M,-4.9,M,,*6A
$BDGSA,A,3,06,08,16,23,32,37,38,39,,,,,6.29,3.29,5.36,4*02
$BDGSV,4,1,15,01,36,141,,02,35,228,,05,17,250,,06,68,315,29,1*78
$BDGSV,4,2,15,07,13,180,22,08,31,203,27,09,55,287,19,16,68,318,32,1*7B
$BDGSV,4,3,15,20,24,317,22,23,79,025,30,25,27,052,17,32,75,262,32,1*7B
$BDGSV,4,4,15,37,42,240,28,38,20,192,26,39,71,353,33,1*41
$BDGSV,2,1,05,20,24,317,24,23,79,025,31,32,75,262,34,37,42,240,12,3*79
$BDGSV,2,2,05,39,71,353,39,3*41
$BDGLL,3904.60361,N,11721.24938,E,133709.00,A,A*7B
$BDTXT,01,01,01,ANTENNA OK*24

-- Send QB4 Data OK......294


-- Build QB4 Data :2024,7,10 21-37-9   294






$BDZDA,133710.00,10,07,2024,00,00*72
$BDRMC,133710.00,A,3904.60365,N,11721.24952,E,0.053,,100724,,,A,V*1E
$BDGGA,133710.00,3904.60365,N,11721.24952,E,1,08,3.29,23.9,M,-4.9,M,,*66
$BDGSA,A,3,06,08,16,23,32,37,38,39,,,,,6.29,3.29,5.36,4*02
$BDGSV,4,1,15,01,36,141,,02,35,228,,05,17,250,,06,68,315,29,1*78
$BDGSV,4,2,15,07,13,180,22,08,31,203,27,09,55,287,19-- Send QB4 Data OK......294

,16,68,318,33,1*7A
$BDGSV,4,3,15,20,24,317,22,23,79,025,30,25,27,052,18,32,75,262,31,1*77
$BDGSV,4,4,15,37,42,240,29,38,20,192,26,39,71,353,34,1*47
$BDGSV,2,1,05,20,24,317,25,23,79,025,30,32,75,262,34,37,42,240,12,3*79
$BDGSV,2,2,05,39,71,353,40,3*4F
$BDGLL,3904.60365,N,11721.24952,E,133710.00,A,A*7B
$BDTXT,01,01,01,ANTENNA OK*24

-- Build QB4 Data :2024,7,10 21-37-10   294


-- Send QB4 Data OK......294






$BDZDA,133711.00,10,07,2024,00,00*73
$BDRMC,133711.00,A,3904.60371,N,11721.24974,E,0.281,,100724,,,A,V*13
$BDGGA,133711.00,3904.60371,N,11721.24974,E,1,08,3.29,23.4,M,-4.9,M,,*6B
$BDGSA,A,3,06,08,16,23,32,37,38,39,,,,,6.29,3.29,5.36,4*02
$BDGSV,4,1,15,01,36,141,,02,35,228,,05,17,250,,06,68,315,30,1*70
$BDGSV,4,2,15,07,13,180,23,08,31,203,28,09,55,287,19,16,68,318,34,1*73
$BDGSV,4,3,15,20,24,317,23,23,79,025,31,25,27,052,19,32,75,262,33,1*74
$BDGSV,4,4,15,37,42,240,30,38,20,192,27,39,71,353,35,1*4F
$BDGSV,2,1,05,20,24,317,25,23,79,025,31,32,75,262,34,37,42,240,12,3*78
$BDGSV,2,2,05,39,71,353,41,3*4E
$BDGLL,3904.60371,N,11721.24974,E,133711.00,A,A*7B
$BDTXT,01,01,01,ANTENNA OK*24

-- Build QB4 Data :2024,7,10 21-37-11   294






$BDZDA,133712.00,10,07,2024,00,00*70
$BDRMC,133712.00,A,3904.60376,N,11721.24992,E,0.200,,100724,,,A,V*16
$BDGGA,133712.00,3904.60376,N,11721.24992,E,1,08,3.29,23.0,M,-4.9,M,,*63
$BDGSA,A,3,06,08,16,23,32,37,38,39,,,,,6.28,3.29,5.36,4*03
$BDGSV,4,1,15,01,36,141,,02,35,228,,05,17,250,,06,68,315,31,1*71
$BDGSV,4,2,15,07,13,180,24,08,31,203,28,09,55,287,20,16,68,318,34,1*7E
$BDGSV,4,3,15,20,24,317,23,23,79,025,32,25,27,052,19,32,75,262,33,1*77
$BDGSV,4,4,15,37,42,240,31,38,20,192,28,39,71,353,35,1*41
$BDGSV,2,1,05,20,24,317,25,23,79,025,31,32,75,262,34,37,42,240,12,3*78
$BDGSV,2,2,05,39,71,353,40,3*4F
$BDGLL,3904.60376,N,11721.24992,E,133712.00,A,A*77
$BDTXT,01,01,01,ANTENNA OK*24

-- Send QB4 Data OK......294


-- Build QB4 Data :2024,7,10 21-37-12   294






$BDZDA,133713.00,10,07,2024,00,00*71
$BDRMC,133713.00,A,3904.60379,N,11721.25010,E,0.077,,100724,,,A,V*18
$BDGGA,133713.00,3904.60379,N,11721.25010,E,1,08,3.29,22.8,M,-4.9,M,,*66
$BDGSA,A,3,06,08,16,23,32,37,38,39,,,,,6.28,3.29,5.35,4*00
-- Send QB4 Data OK......294

$BDGSV,4,1,15,01,36,141,,02,35,228,,05,17,250,,06,68,315,30,1*70
$BDGSV,4,2,15,07,13,180,23,08,31,203,27,09,55,287,20,16,68,318,33,1*71
$BDGSV,4,3,15,20,24,317,23,23,79,025,31,25,27,052,19,32,75,262,32,1*75
$BDGSV,4,4,15,37,42,240,30,38,20,192,27,39,71,353,34,1*4E
$BDGSV,1,1,04,20,24,317,24,23,79,025,31,32,75,262,33,39,71,353,39,3*78
$BDGLL,3904.60379,N,11721.25010,E,133713.00,A,A*7B
$BDTXT,01,01,01,ANTENNA OK*24

-- Build QB4 Data :2024,7,10 21-37-13   294






$BDZDA,133714.00,10,07,2024,00,00*76
$BDRMC,133714.00,A,3904.60383,N,11721.25019,E,0.062,,100724,,,A,V*17
$BDGGA,133714.00,3904.60383,N,11721.25019,E,1,08,3.29,22.4,M,-4.9,M,,*61
$BDGSA,A,3,06,08,16,23,32,37,38,39,,,,,6.28,3.29,5.35,4*00
$BDGSV,4,1,15,01,36,141,,02,35,228,,05,17,250,,06,68,315,25,1*74
$BDGSV,4,2,15,07,13,180,22,08,31,203,26,09,55,287,18,16,68,318,30,1*79
$BDGSV,4,3,15,20,24,317,21,23,79,025,26,25,27,052,17,32,75,262,28,1*74
$BDGSV,4,4,15,37,42,240,25,38,20,192,26,39,71,353,31,1*4E
$BDGSV,1,1,04,20,24,317,23,23,79,025,31,32,75,262,33,39,71,353,41,3*70
$BDGLL,3904.60383,N,11721.25019,E,133714.00,A,A*70
$BDTXT,01,01,01,ANTENNA OK*24

-- Send QB4 Data OK......294


-- Build QB4 Data :2024,7,10 21-37-14   294






$BDZDA,133715.00,10,07,2024,00,00*77
$BDRMC,133715.00,A,3904.60379,N,11721.25028,E,0.083,,100724,,,A,V*1E
$BDGGA,133715.00,3904.60379,N,11721.25028,E,1,08,3.28,22.4,M,-4.9,M,,*66
$BDGSA,A,3,06,08,16,23,32,37,38,39,,,,,6.28,3.28,5.35,4*01
$BDGSV,4,1,15,01,36,141,,02,35,228,,05,17,250,,06,68,315,27,1*76
$BDGSV,4,2,15,07,13,180,22,08,31,203,26,09,55,287,17,16,68,318,32,1*74
$BDGSV,4,3,15,20,24,317,21,23,79,025,28,25,27,052,17,32,75,262,31,1*72
$BDGSV,4,4,15,37,42,240,28,38,20,192,26,39,71,353,33,1*41
$BDGSV,1,1,04,20,24,317,25,23,79,025,31,32,75,262,34,39,71,353,41,3*71
$BDGLL,3904.60379,N,11721.25028,E,133715.00,A,A*76
$BDTXT,01,01,01,ANTENNA OK*24

-- Send QB4 Data OK......294


-- Build QB4 Data :2024,7,10 21-37-15   294






$BDZDA,133716.00,10,07,2024,00,00*74
$BDRMC,133716.00,A,3904.60385,N,11721.25033,E,0.150,,100724,,,A,V*1B
$BDGGA,133716.00-- Send QB4 Data OK......294

,3904.60385,N,11721.25033,E,1,08,3.28,22.2,M,-4.9,M,,*6A
$BDGSA,A,3,06,08,16,23,32,37,38,39,,,,,6.28,3.28,5.35,4*01
$BDGSV,4,1,15,01,36,141,,02,35,228,,05,17,250,,06,68,315,27,1*76
$BDGSV,4,2,15,07,13,180,21,08,31,203,26,09,55,287,17,16,68,318,32,1*77
$BDGSV,4,3,15,20,24,317,20,23,79,025,29,25,27,052,14,32,75,262,30,1*70
$BDGSV,4,4,15,37,42,240,28,38,20,192,25,39,71,353,32,1*43
$BDGSV,1,1,04,20,24,317,24,23,79,025,30,32,75,262,33,39,71,353,39,3*79
$BDGLL,3904.60385,N,11721.25033,E,133716.00,A,A*7C
$BDTXT,01,01,01,ANTENNA OK*24

-- Build QB4 Data :2024,7,10 21-37-16   294






$BDZDA,133717.00,10,07,2024,00,00*75
$BDRMC,133717.00,A,3904.60384,N,11721.25039,E,0.219,,100724,,,A,V*1F
$BDGGA,133717.00,3904.60384,N,11721.25039,E,1,08,3.28,22.1,M,-4.9,M,,*63
$BDGSA,A,3,06,08,16,23,32,37,38,39,,,,,6.28,3.28,5.35,4*01
$BDGSV,4,1,15,01,36,141,,02,35,228,,05,17,250,,06,68,315,28,1*79
$BDGSV,4,2,15,07,13,180,20,08,31,203,25,09,55,287,16,16,68,318,31,1*77
$BDGSV,4,3,15,20,24,317,20,23,79,025,28,25,27,052,13,32,75,262,30,1*76
$BDGSV,4,4,15,37,42,240,28,38,20,192,25,39,71,353,32,1*43
$BDGSV,1,1,04,20,24,317,24,23,79,025,30,32,75,262,33,39,71,353,39,3*79
$BDGLL,3904.60384,N,11721.25039,E,133717.00,A,A*76
$BDTXT,01,01,01,ANTENNA OK*24

-- Send QB4 Data OK......294


-- Build QB4 Data :2024,7,10 21-37-17   294






$BDZDA,133718.00,10,07,2024,00,00*7A
$BDRMC,133718.00,A,3904.60384,N,11721.25045,E,0.087,,100724,,,A,V*1E
$BDGGA,133718.00,3904.60384,N,11721.25045,E,1,08,3.28,22.0,M,-4.9,M,,*66
$BDGSA,A,3,06,08,16,23,32,37,38,39,,,,,6.28,3.28,5.35,4*01
$BDGSV,4,1,15,01,36,141,,02,35,228,,05,17,250,,06,68,315,27,1*76
$BDGSV,4,2,15,07,13,180,19,08,31,203,25,09,55,287,16,16,68,318,31,1*7D
$BDGSV,4,3,15,20,24,317,20,23,79,025,28,25,27,052,12,32,75,261,30,1*74
$BDGSV,4,4,15,37,42,240,28,38,20,192,25,39,71,353,32,1*43
$BDGSV,1,1,04,20,24,317,23,23,79,025,30,32,75,261,33,39,71,353,41,3*72
$BDGLL,3904.60384,N,11721.25045,E,133718.00,A,A*72
$BDTXT,01,01,01,ANTENNA OK*24
-- Send QB4 Data OK......294


-- Build QB4 Data :2024,7,10 21-37-18   294






$BDZDA,133719.00,10,07,2024,00,00*7B
$BDRMC,133719.00,A,3904.60384,N,11721.25047,E,0.105,,100724,,,A,V*16
$BDGGA,133719.00,3904.60384,N,11721.25047,E,1,08,3.28,21.9,M,-4.9,M,,*6F
$BDGSA,A,3,06,08,16,23,32,37,38,39,,,,,6.28,3.28,5.35,4*01
$BDGSV,4,1,15,01,36,141,,02,35,228,,05,17,250,,06,68,315,28,1*79
$BDGSV,4,2,15,07,13,180,19,08,31,203,25,09,55,287,15,16,68,318,31,1*7E
$BDGSV,4,3,15,20,24,317,20,23,79,025,28,25,27,052,13,32,75,261,30,1*75
$BDGSV,4,4,15,37,42,240,28,38,20,192,24,39,71,353,31,1*41
$BDGSV,2,1,05,20,24,317,24,23,79,025,30,32,75,261,33,37,42,240,23,3*7E
$BDGSV,2,2,05,39,71,353,40,3*4F
$BDGLL,3904.60384,N,11721.25047,E,133719.00,A,A*71
$BDTXT,01,01,01,ANTENNA OK*24

-- Send QB4 Data OK......294


-- Build QB4 Data :2024,7,10 21-37-19   294






$BDZDA,133720.00,10,07,2024,00,00*71
$BDRMC,133720.00,A,3904.60383,N,11721.25047,E,0.142,,100724,,,A,V*18
$BDGGA,133720.00,3904.60383,N,11721.25047,E,1,08,3.28,21.8,M,-4.9,M,,*63
$BDGSA,A,3,06,08,16,23,32,37,38,39,,,,,6.27,3.28,5.35,4*0E
$BDGSV,4,1,15,01,36,141,,02,35,228,,05,17,250,,06,68,315,27,1*76
$BDGSV,4,2,15,07,13,180,19,08,31,203,25,09,55,287,15,16,68,318,31,1*7E
$BDGSV,4,3,15,20,24,317,20,23,79,025,28,25,27,052,14,32,75,261,30,1*72
$BDGSV,4,4,15,37,42,240,28,38,20,192,24,39,71,353,32,1*42
$BDGSV,2,1,05,20,24,317,24,23,79,025,31,32,75,261,33,37,42,240,26,3*7A
$BDGSV,2,2,05,39,71,353,40,3*4F
$BDGLL,3904.60383,N,11721.25047,E,133720.00,A,A*7C
$BDTXT,01,01,01,ANTENNA OK*24

-- Send QB4 Data OK......294


-- Build QB4 Data :2024,7,10 21-37-20   294






$BDZDA,133721.00,10,07,2024,00,00*70
$BDRMC,133721.00,A,3904.60387,N,11721.25047,E,0.032,,100724,,,A,V*1B
$BDGGA,133721.00,3904.60387,N,11721.25047,E,1,08,3.28,21.6,M,-4.9,M,,*68
$BDGSA,A,3,06,08,16,23,32,37,38,39,,,,,6.27,3.28,5.34,4*0F
$BDGSV,4,1,16,01,36,141,,02,35,228,,03,44,191,,05,17,250,,1*75
$BDGSV,4,2,16,06,68,315,29,07,13,180,21,08,31,203,27,09,55,287,16,1*72
$BDGSV,4,3,16,16,68,318,33,20,24,317,22,23,79,025,31,25,27,052,17,1*7E
$BDGSV,4,4,16,32,75,261,32,37,42,240,31,38,20,192,25,39,71,353,35,1*78
$BDGSV,2,1,05,20,24,317,25,23,79,025,31,32,75,261,34,37,42,240,27,3*7D
$BDGSV,2,2,05,39,71,353,41,3*4E
$BDGLL,3904.60387,N,11721.25047,E,133721.00,A,A*79
$BDTXT,01,01,01,ANTENNA OK*24
-- Send QB4 Data OK......294


-- Build QB4 Data :2024,7,10 21-37-21   294






$BDZDA,133722.00,10,07,2024,00,00*73
$BDRMC,133722.00,A,3904.60389,N,11721.25050,E,0.023,,100724,,,A,V*10
$BDGGA,133722.00,3904.60389,N,11721.25050,E,1,08,3.28,21.3,M,-4.9,M,,*66
$BDGSA,A,3,06,08,16,23,32,37,38,39,,,,,6.27,3.28,5.34,4*0F
$BDGSV,4,1,16,01,36,141,,02,35,228,,03,44,191,,05,17,250,,1*75
$BDGSV,4,2,16,06,68,315,30,07,13,180,22,08,31,203,27,09,55,287,18,1*77
$BDGSV,4,3,16,16,68,318,33,20,24,317,23,23,79,025,31,25,27,052,19,1*71
$BDGSV,4,4,16,32,75,261,32,37,42,240,32,38,20,192,26,39,71,353,35,1*78
$BDGSV,2,1,05,20,24,317,25,23,79,025,30,32,75,261,33,37,42,240,27,3*7B
$BDGSV,2,2,05,39,71,353,40,3*4F
$BDGLL,3904.60389,N,11721.25050,E,133722.00,A,A*72
$BDTXT,01,01,01,ANTENNA OK*24

-- Send QB4 Data OK......294


-- Build QB4 Data :2024,7,10 21-37-22   294






$BDZDA,133723.00,10,07,2024,00,00*72
$BDRMC,133723.00,A,3904.60385,N,11721.25057,E,0.064,,100724,,,A,V*19
$BDGGA,133723.00,3904.60385,N,11721.25057,E,1,08,3.28,21.3,M,-4.9,M,,*6C
$BDGSA,A,3,06,08,16,23,32,37,38,39,,,,,6.27,3.28,5.34,4*0F
$BDGSV,4,1,16,01,36,141,,02,35,228,,03,44,191,,05,17,250,,1*75
$BDGSV,4,2,16,06,68,315,22,07,13,180,21,08,31,203,26,09,55,287,18,1*76
$BDGSV,4,3,16,16,68,318,28,20,24,317,22,23,79,025,29,25,27,052,17,1*7D
$BDGSV,4,4,16,32,75,261,26,37,42,240,30,38,20,192,25,39,71,353,29,1*71
$BDGSV,2,1,05,20,24,317,24,23,79,025,23,32,75,261,27,37,42,240,26,3*7C
$BDGSV,2,2,05,39,71,353,34,3*4C
$BDGLL,3904.60385,N,11721.25057,E,133723.00,A,A*78
$BDTXT,01,01,01,ANTENNA OK*24

-- Send QB4 Data OK......294


-- Build QB4 Data :2024,7,10 21-37-23   294






$BDZDA,133724.00,10,07,2024,00,00*75
$BDRMC,133724.00,A,3904.60386,N,11721.25065,E,0.045,,100724,,,A,V*1F
$BDGGA,133724.00,3904.60386,N,11721.25065,E,1,08,3.28,21.1,M,-4.9,M,,*6B
$BDGSA,A,3,06,08,16,23,32,37,38,39,,,,,6.27,3.28,5.34,4*0F
$BDGSV,4,1,16,01,36,141,,02,35,228,,03,44,191,,05,17,250,,1*75
$BDGSV,4,2,16,06,68,315,29,07,13,180,21,08,31,203,27,09,55,287,17,1*73
$BDGSV,4,3,16,16,68,318,33,20,24,317,22,23,79,025,30,25,27,052,16,1*7E
$BDGSV,4,4,16,32,75,261,33,37,42,240,31,38,20,192,26,39,71,353,34,1*7B
$BDGSV,2,1,05,20,24,317,23,23,79,025,30,32,75,261,33,37,42,240,28,3*72
$B-- Send QB4 Data OK......294

DGSV,2,2,05,39,71,353,40,3*4F
$BDGLL,3904.60386,N,11721.25065,E,133724.00,A,A*7D
$BDTXT,01,01,01,ANTENNA OK*24

-- Build QB4 Data :2024,7,10 21-37-24   294


-- Send QB4 Data OK......294





$BDZDA,133725.00,10,07,2024,00,00*74
$BDRMC,133725.00,A,3904.60381,N,11721.25065,E,0.145,,100724,,,A,V*18
$BDGGA,133725.00,3904.60381,N,11721.25065,E,1,08,3.28,21.1,M,-4.9,M,,*6D
$BDGSA,A,3,06,08,16,23,32,37,38,39,,,,,6.27,3.28,5.34,4*0F
$BDGSV,4,1,16,01,36,141,,02,35,228,,03,44,191,,05,17,250,,1*75
$BDGSV,4,2,16,06,68,315,29,07,13,180,21,08,31,203,27,09,55,287,16,1*72
$BDGSV,4,3,16,16,68,318,32,20,24,317,21,23,79,025,30,25,27,052,16,1*7C
$BDGSV,4,4,16,32,75,261,32,37,42,240,30,38,20,192,26,39,71,353,33,1*7C
$BDGSV,2,1,05,20,24,317,23,23,79,025,30,32,75,261,32,37,42,240,28,3*73
$BDGSV,2,2,05,39,71,353,39,3*41
$BDGLL,3904.60381,N,11721.25065,E,133725.00,A,A*7B
$BDTXT,01,01,01,ANTENNA OK*24

-- Build QB4 Data :2024,7,10 21-37-25   294






$BDZDA,133726.00,10,07,2024,00,00*77
$BDRMC,133726.00,A,3904.60380,N,11721.25071,E,0.057,,100724,,,A,V*1D
$BDGGA,133726.00,3904.60380,N,11721.25071,E,1,08,3.28,21.1,M,-4.9,M,,*6A
$BDGSA,A,3,06,08,16,23,32,37,38,39,,,,,6.27,3.28,5.34,4*0F
$BDGSV,4,1,16,01,36,141,,02,35,228,,03,44,191,,05,17,250,,1*75
$BDGSV,4,2,16,06,68,315,29,07,13,180,21,08,31,203,27,09,55,287,17,1*73
$BDGSV,4,3,16,16,68,318,33,20,24,317,21,23,79,025,30,25,27,052,16,1*7D
$BDGSV,4,4,16,32,75,261,31,37,42,240,31,38,20,192,26,39,71,353,34,1*79
$BDGSV,2,1,05,20,24,317,23,23,79,025,30,32,75,261,33,37,42,240,29,3*73
$BDGSV,2,2,05,39,71,353,40,3*4F
$BDGLL,3904.60380,N,11721.25071,E,133726.00,A,A*7C
$BDTXT,01,01,01,ANTENNA OK*24

-- Send QB4 Data OK......294


-- Build QB4 Data :2024,7,10 21-37-26   294






$BDZDA,133727.00,10,07,2024,00,00*76
$BDRMC,133727.00,A,3904.60387,N,11721.25063,E,0.134,,100724,,,A,V*1C
$BDGGA,133727.00,3904.60387,N,11721.25063,E,1,08,3.28,20.7,M,-4.9,M,,*68
$BDGSA,A,3,06,08,16,23,32,37,38,39,,,,,6.27,3.28,5.34,4*0F
$BDGSV,4,1,16,01,36,141,,02,35,228,,03,44,191,,05,17,250,,1*75
$BDGSV,4,2,16,06,68,315,29,07,13,180,20,08,31,203,27,09,55,287,17,1*72
$BDGSV,4,3,16,16,68,318,31,20,24,317,21,23,79,025,30,25,27,052,16,1*7F
$BDGSV,4,4,16,32,75,261,31,3-- Send QB4 Data OK......294

7,42,240,30,38,20,192,26,39,71,354,33,1*78
$BDGSV,2,1,05,20,24,317,23,23,79,025,30,32,75,261,32,37,42,240,29,3*72
$BDGSV,2,2,05,39,71,354,39,3*46
$BDGLL,3904.60387,N,11721.25063,E,133727.00,A,A*79
$BDTXT,01,01,01,ANTENNA OK*24

-- Build QB4 Data :2024,7,10 21-37-27   294


-- Send QB4 Data OK......294






$BDZDA,133728.00,10,07,2024,00,00*79
$BDRMC,133728.00,A,3904.60396,N,11721.25060,E,0.091,,100724,,,A,V*1E
$BDGGA,133728.00,3904.60396,N,11721.25060,E,1,08,3.28,20.2,M,-4.9,M,,*61
$BDGSA,A,3,06,08,16,23,32,37,38,39,,,,,6.27,3.28,5.34,4*0F
$BDGSV,4,1,16,01,36,141,,02,35,228,,03,44,191,,05,17,250,,1*75
$BDGSV,4,2,16,06,68,315,29,07,13,180,20,08,31,203,27,09,55,287,18,1*7D
$BDGSV,4,3,16,16,68,318,33,20,24,317,21,23,79,025,30,25,27,052,16,1*7D
$BDGSV,4,4,16,32,75,261,31,37,42,240,31,38,20,192,26,39,71,354,34,1*7E
$BDGSV,2,1,05,20,24,317,24,23,79,025,30,32,75,261,32,37,42,240,30,3*7D
$BDGSV,2,2,05,39,71,354,40,3*48
$BDGLL,3904.60396,N,11721.25060,E,133728.00,A,A*75
$BDTXT,01,01,01,ANTENNA OK*24

-- Build QB4 Data :2024,7,10 21-37-28   294






$BDZDA,133729.00,10,07,2024,00,00*78
$BDRMC,133729.00,A,3904.60401,N,11721.25062,E,0.052,,100724,,,A,V*1B
$BDGGA,133729.00,3904.60401,N,11721.25062,E,1,08,3.28,19.8,M,-4.9,M,,*6B
$BDGSA,A,3,06,08,16,23,32,37,38,39,,,,,6.26,3.28,5.33,4*09
$BDGSV,4,1,16,01,36,141,,02,35,228,,03,44,191,,05,17,250,,1*75
$BDGSV,4,2,16,06,68,315,29,07,13,180,21,08,31,203,27,09,55,287,18,1*7C
$BDGSV,4,3,16,16,68,318,32,20,24,317,21,23,79,025,30,25,27,052,15,1*7F
$BDGSV,4,4,16,32,75,261,31,37,42,240,31,38,20,192,26,39,71,354,33,1*79
$BDGSV,2,1,05,20,24,317,23,23,79,025,29,32,75,261,31,37,42,240,29,3*79
$BDGSV,2,2,05,39,71,354,39,3*46
$BDGLL,3904.60401,N,11721.25062,E,133729.00,A,A*7F
$BDTXT,01,01,01,ANTENNA OK*24

-- Send QB4 Data OK......294


-- Build QB4 Data :2024,7,10 21-37-29   294






$BDZDA,133730.00,10,07,2024,00,00*70
$BDRMC,133730.00,A,3904.60406,N,11721.25060,E,0.059,,100724,,,A,V*1D
$BDGGA,133730.00,3904.60406,N,11721.25060,E,1,08,3.28,19.5,M,-4.9,M,,*6B
$BDGSA,A,3,06,08,16,23,32,37,38,39,,,,,6.26,3.28,5.33,4*09
$BDGSV,4,1,16,01,36,141,,02,35,228,,03,44,191,,05,17,250,,1*75
$BDGSV,4,2,16,06,68,315,30,07,13,180,21,08,31,203,27,0-- Send QB4 Data OK......294

9,55,287,18,1*74
$BDGSV,4,3,16,16,68,318,33,20,24,317,21,23,79,025,31,25,27,052,16,1*7C
$BDGSV,4,4,16,32,75,261,32,37,42,240,32,38,20,192,26,39,71,354,34,1*7E
$BDGSV,2,1,05,20,24,317,24,23,79,025,30,32,75,261,32,37,42,240,31,3*7C
$BDGSV,2,2,05,39,71,354,40,3*48
$BDGLL,3904.60406,N,11721.25060,E,133730.00,A,A*72
$BDTXT,01,01,01,ANTENNA OK*24

-- Build QB4 Data :2024,7,10 21-37-30   294






$BDZDA,133731.00,10,07,2024,00,00*71
$BDRMC,133731.00,A,3904.60406,N,11721.25062,E,0.164,,100724,,,A,V*11
$BDGGA,133731.00,3904.60406,N,11721.25062,E,1,08,3.28,19.3,M,-4.9,M,,*6E
$BDGSA,A,3,06,08,16,23,32,37,38,39,,,,,6.26,3.28,5.33,4*09
$BDGSV,4,1,16,01,36,141,,02,35,228,,03,44,191,,05,17,250,,1*75
$BDGSV,4,2,16,06,68,315,30,07,13,180,21,08,31,203,28,09,55,287,17,1*74
$BDGSV,4,3,16,16,68,318,34,20,25,317,22,23,79,025,31,25,27,052,17,1*78
$BDGSV,4,4,16,32,75,261,32,37,42,240,32,38,20,192,27,39,71,354,34,1*7F
$BDGSV,2,1,05,20,25,317,24,23,79,025,30,32,75,261,32,37,42,240,31,3*7D
$BDGSV,2,2,05,39,71,354,40,3*48
$BDGLL,3904.60406,N,11721.25062,E,133731.00,A,A*71
$BDTXT,01,01,01,ANTENNA OK*24

-- Send QB4 Data OK......294


-- Build QB4 Data :2024,7,10 21-37-31   294






$BDZDA,133732.00,10,07,2024,00,00*72
$BDRMC,133732.00,A,3904.60408,N,11721.25069,E,0.092,,100724,,,A,V*1F
$BDGGA,133732.00,3904.60408,N,11721.25069,E,1,08,3.28,19.0,M,-4.9,M,,*6B
$BDGSA,A,3,06,08,16,23,32,37,38,39,,,,,6.26,3.28,5.33,4*09
$BDGSV,4,1,16,01,36,141,,02,35,228,,03,44,191,,05,17,250,,1*75
$BDGSV,4,2,16,06,68,315,30,07,13,180,22,08,31,203,28,09,55,287,17,1*77
$BDGSV,4,3,16,16,68,318,33,20,25,317,21,23,79,025,31,25,27,052,18,1*73
$BDGSV,4,4,16,32,75,261,32,37,42,240,32,38,20,192,27,39,71,354,34,1*7F
$BDGSV,2,1,05,20,25,317,23,23,79,025,30,32,75,261,32,37,42,240,31,3*7A
$BDGSV,2,2,05,39,71,354,40,3*48
$BDGLL,3904.60408,N,11721.25069,E,133732.00,A,A*77
$BDTXT,01,01,01,ANTENNA OK*24

-- Send QB4 Data OK......294


-- Build QB4 Data :2024,7,10 21-37-32   294






$BDZDA,133733.00,10,07,2024,00,00*73
$BDRMC,133733.00,A,3904.60406,N,11721.25066,E,0.164,,100724,,,A,V*17
$BDGGA,133733.00,3904.60406,N,11721.25066,E,1,08,3.28,18.9,M,-4.9,M,,*63
$BDGSA,A,3,06,08,16,23,32,37,38,39,,,,,6.26,3.28,5.33,4*09
-- Send QB4 Data OK......294

$BDGSV,4,1,16,01,36,141,,02,35,228,,03,44,191,,05,17,250,,1*75
$BDGSV,4,2,16,06,68,315,29,07,13,180,20,08,31,203,26,09,55,288,16,1*7D
$BDGSV,4,3,16,16,68,318,33,20,25,317,19,23,79,025,29,25,27,052,17,1*7E
$BDGSV,4,4,16,32,75,261,32,37,42,240,31,38,20,192,26,39,71,354,33,1*7A
$BDGSV,2,1,05,20,25,317,22,23,79,025,26,32,75,261,32,37,42,240,31,3*7C
$BDGSV,2,2,05,39,71,354,40,3*48
$BDGLL,3904.60406,N,11721.25066,E,133733.00,A,A*77
$BDTXT,01,01,01,ANTENNA OK*24

-- Build QB4 Data :2024,7,10 21-37-33   294






$BDZDA,133734.00,10,07,2024,00,00*74
$BDRMC,133734.00,A,3904.60413,N,11721.25071,E,0.028,,100724,,,A,V*1B
$BDGGA,133734.00,3904.60413,N,11721.25071,E,1,08,3.28,18.5,M,-4.9,M,,*6A
$BDGSA,A,3,06,08,16,23,32,37,38,39,,,,,6.26,3.28,5.33,4*09
$BDGSV,4,1,16,01,36,141,,02,35,228,,03,44,191,,05,17,250,,1*75
$BDGSV,4,2,16,06,68,315,30,07,13,180,21,08,31,203,27,09,55,288,18,1*7B
$BDGSV,4,3,16,16,68,318,33,20,25,317,20,23,79,025,31,25,27,052,17,1*7D
$BDGSV,4,4,16,32,75,261,32,37,42,240,32,38,20,192,26,39,71,354,34,1*7E
$BDGSV,2,1,05,20,25,317,23,23,79,025,31,32,75,261,33,37,42,240,32,3*79
$BDGSV,2,2,05,39,71,354,41,3*49
$BDGLL,3904.60413,N,11721.25071,E,133734.00,A,A*72
$BDTXT,01,01,01,ANTENNA OK*24

-- Send QB4 Data OK......294


-- Build QB4 Data :2024,7,10 21-37-34   294






$BDZDA,133735.00,10,07,2024,00,00*75
$BDRMC,133735.00,A,3904.60412,N,11721.25084,E,0.041,,100724,,,A,V*1E
$BDGGA,133735.00,3904.60412,N,11721.25084,E,1,08,3.28,18.4,M,-4.9,M,,*61
$BDGSA,A,3,06,08,16,23,32,37,38,39,,,,,6.26,3.28,5.33,4*09
$BDGSV,4,1,16,01,36,141,,02,35,228,,03,44,191,,05,17,250,,1*75
$BDGSV,4,2,16,06,68,315,29,07,13,180,21,08,31,203,27,09,55,288,18,1*73
$BDGSV,4,3,16,16,68,318,33,20,25,317,19,23,79,025,30,25,27,052,18,1*79
$BDGSV,4,4,16,32,75,261,31,37,42,240,32,38,20,192,26,39,71,354,32,1*7B
$BDGSV,2,1,05,20,25,317,23,23,79,025,31,32,75,261,32,37,42,240,32,3*78
$BDGSV,2,2,05,39,71,354,40,3*48
$BDGLL,3904.60412,N,11721.25084,E,133735.00,A,A*78
$BDTXT,01,01,01,ANTENNA OK*24
-- Send QB4 Data OK......294


-- Build QB4 Data :2024,7,10 21-37-35   294






$BDZDA,133736.00,10,07,2024,00,00*76
$BDRMC,133736.00,A,3904.60411,N,11721.25087,E,0.292,,100724,,,A,V*11
$BDGGA,133736.00,3904.60411,N,11721.25087,E,1,08,3.28,18.2,M,-4.9,M,,*64
$BDGSA,A,3,06,08,16,23,32,37,38,39,,,,,6.26,3.28,5.33,4*09
$BDGSV,4,1,16,01,36,141,,02,35,228,,03,44,191,,05,17,250,,1*75
$BDGSV,4,2,16,06,68,315,29,07,13,180,20,08,31,203,27,09,55,288,18,1*72
$BDGSV,4,3,16,16,68,318,33,20,25,317,19,23,79,025,30,25,27,052,18,1*79
$BDGSV,4,4,16,32,75,261,31,37,42,240,32,38,20,192,26,39,71,354,33,1*7A
$BDGSV,2,1,05,20,25,317,22,23,79,025,30,32,75,261,32,37,42,240,32,3*78
$BDGSV,2,2,05,39,71,354,40,3*48
$BDGLL,3904.60411,N,11721.25087,E,133736.00,A,A*7B
$BDTXT,01,01,01,ANTENNA OK*24

-- Send QB4 Data OK......294


-- Build QB4 Data :2024,7,10 21-37-36   294






$BDZDA,133737.00,10,07,2024,00,00*77
$BDRMC,133737.00,A,3904.60417,N,11721.25092,E,0.151,,100724,,,A,V*1E
$BDGGA,133737.00,3904.60417,N,11721.25092,E,1,08,3.28,17.8,M,-4.9,M,,*62
$BDGSA,A,3,06,08,16,23,32,37,38,39,,,,,6.25,3.28,5.32,4*0B
$BDGSV,4,1,16,01,36,141,,02,35,228,,03,44,191,,05,17,250,,1*75
$BDGSV,4,2,16,06,68,315,30,07,13,180,21,08,31,203,27,09,55,288,19,1*7A
$BDGSV,4,3,16,16,68,318,33,20,25,317,19,23,79,025,30,25,27,052,18,1*79
$BDGSV,4,4,16,32,75,261,32,37,42,240,32,38,20,192,26,39,71,354,34,1*7E
$BDGSV,2,1,05,20,25,317,22,23,79,025,30,32,75,261,32,37,42,240,32,3*78
$BDGSV,2,2,05,39,71,354,40,3*48
$BDGLL,3904.60417,N,11721.25092,E,133737.00,A,A*78
$BDTXT,01,01,01,ANTENNA OK*24

-- Send QB4 Data OK......294


-- Build QB4 Data :2024,7,10 21-37-37   294






$BDZDA,133738.00,10,07,2024,00,00*78
$BDRMC,133738.00,A,3904.60417,N,11721.25097,E,0.065,,100724,,,A,V*12
$BDGGA,133738.00,3904.60417,N,11721.25097,E,1,08,3.28,17.6,M,-4.9,M,,*66
$BDGSA,A,3,06,08,16,23,32,37,38,39,,,,,6.25,3.28,5.32,4*0B
$BDGSV,4,1,16,01,36,141,,02,35,228,,03,44,191,,05,17,250,,1*75
$BDGSV,4,2,16,06,68,315,29,07,13,180,20,08,31,203,27,09,55,288,18,1*72
$BDGSV,4,3,16,16,68,318,32,20,25,317,18,23,79,025,30,25,27,052,17,1*76
$BDGSV,4,4,16,32,75,261,31,37,42,240,31,38,20,192,26,39,71,354,33,1*79
$BDGSV,2,1,05,20,25,317,22,23,79,025,30,32,75,261,32,37,42,240,32,3*78
$BDGSV,2,2,05,39,71,354,39,3*46
$BDGLL,3904.60417,N,11721.25097,E,133738.00,A,A*72
$BDTXT,01,01,01,ANTENNA OK*24
-- Send QB4 Data OK......294


-- Build QB4 Data :2024,7,10 21-37-38   294


-- Send QB4 Data OK......294





$BDZDA,133739.00,10,07,2024,00,00*79
$BDRMC,133739.00,A,3904.60422,N,11721.25093,E,0.170,,100724,,,A,V*14
$BDGGA,133739.00,3904.60422,N,11721.25093,E,1,08,3.28,17.3,M,-4.9,M,,*60
$BDGSA,A,3,06,08,16,23,32,37,38,39,,,,,6.25,3.28,5.32,4*0B
$BDGSV,4,1,16,01,36,141,,02,35,228,,03,44,191,,05,17,250,,1*75
$BDGSV,4,2,16,06,68,315,29,07,13,180,21,08,31,203,27,09,55,288,18,1*73
$BDGSV,4,3,16,16,68,318,33,20,25,317,18,23,79,025,29,25,27,052,17,1*7F
$BDGSV,4,4,16,32,75,261,31,37,42,240,32,38,20,192,26,39,71,354,33,1*7A
$BDGSV,2,1,05,20,25,317,22,23,79,025,29,32,75,261,31,37,42,240,32,3*73
$BDGSV,2,2,05,39,71,354,40,3*48
$BDGLL,3904.60422,N,11721.25093,E,133739.00,A,A*71
$BDTXT,01,01,01,ANTENNA OK*24

-- Build QB4 Data :2024,7,10 21-37-39   294






$BDZDA,133740.00,10,07,2024,00,00*77
$BDRMC,133740.00,A,3904.60417,N,11721.25094,E,0.133,,100724,,,A,V*1C
$BDGGA,133740.00,3904.60417,N,11721.25094,E,1,08,3.28,17.4,M,-4.9,M,,*68
$BDGSA,A,3,06,08,16,23,32,37,38,39,,,,,6.25,3.28,5.32,4*0B
$BDGSV,4,1,16,01,36,141,,02,35,228,,03,44,191,,05,17,250,,1*75
$BDGSV,4,2,16,06,68,315,30,07,13,180,21,08,31,203,27,09,55,288,18,1*7B
$BDGSV,4,3,16,16,68,318,34,20,25,317,19,23,79,025,30,25,27,052,18,1*7E
$BDGSV,4,4,16,32,75,261,32,37,42,240,32,38,20,192,27,39,71,354,34,1*7F
$BDGSV,2,1,05,20,25,317,23,23,79,025,30,32,75,261,32,37,42,240,33,3*78
$BDGSV,2,2,05,39,71,354,40,3*48
$BDGLL,3904.60417,N,11721.25094,E,133740.00,A,A*7E
$BDTXT,01,01,01,ANTENNA OK*24

-- Send QB4 Data OK......294


-- Build QB4 Data :2024,7,10 21-37-40   294






$BDZDA,133741.00,10,07,2024,00,00*76
$BDRMC,133741.00,A,3904.60411,N,11721.25098,E,0.062,,100724,,,A,V*12
$BDGGA,133741.00,3904.60411,N,11721.25098,E,1,08,3.28,17.4,M,-4.9,M,,*63
$BDGSA,A,3,06,08,16,23,32,37,38,39,,,,,6.25,3.28,5.32,4*0B
$BDGSV,4,1,16,01,36,141,,02,35,228,,03,44,191,,05,17,250,,1*75
$BDGSV,4,2,16,06,68,315,30,07,13,180,22,08,31,203,27,09,55,288,19,1*79
$BDGSV,4,3,16,16,68,318,33,20,25,317,19,23,79,025,30,25,27,052,19,1*78
$BDGSV,4,4,16,32,75,261,32,37,42,240,33,38,20,192,27,39,71,354,34,1*7E
$BDGSV,2,1,05,20,25,317,23,23,79,025,30,32,75,261,32,37,42,240,33,3*78
$BD-- Send QB4 Data OK......294

GSV,2,2,05,39,71,354,40,3*48
$BDGLL,3904.60411,N,11721.25098,E,133741.00,A,A*75
$BDTXT,01,01,01,ANTENNA OK*24

-- Build QB4 Data :2024,7,10 21-37-41   294


-- Send QB4 Data OK......294





$BDZDA,133742.00,10,07,2024,00,00*75
$BDRMC,133742.00,A,3904.60406,N,11721.25104,E,0.378,,100724,,,A,V*1B
$BDGGA,133742.00,3904.60406,N,11721.25104,E,1,08,3.28,17.5,M,-4.9,M,,*63
$BDGSA,A,3,06,08,16,23,32,37,38,39,,,,,6.25,3.28,5.32,4*0B
$BDGSV,4,1,16,01,36,141,,02,35,228,,03,44,191,,05,17,250,,1*75
$BDGSV,4,2,16,06,68,315,29,07,13,180,21,08,31,203,26,09,55,288,18,1*72
$BDGSV,4,3,16,16,68,318,32,20,25,317,18,23,79,025,29,25,27,052,18,1*71
$BDGSV,4,4,16,32,75,261,30,37,42,240,26,38,20,192,26,39,71,354,29,1*75
$BDGSV,2,1,05,20,25,317,22,23,79,025,23,32,75,261,26,37,42,240,28,3*74
$BDGSV,2,2,05,39,71,354,36,3*49
$BDGLL,3904.60406,N,11721.25104,E,133742.00,A,A*74
$BDTXT,01,01,01,ANTENNA OK*24

-- Build QB4 Data :2024,7,10 21-37-42   294






$BDZDA,133743.00,10,07,2024,00,00*74
$BDRMC,133743.00,A,3904.60406,N,11721.25108,E,0.328,,100724,,,A,V*13
$BDGGA,133743.00,3904.60406,N,11721.25108,E,1,08,3.28,17.3,M,-4.9,M,,*68
$BDGSA,A,3,06,08,16,23,32,37,38,39,,,,,6.25,3.28,5.32,4*0B
$BDGSV,4,1,16,01,36,141,,02,35,228,,03,44,191,,05,17,250,,1*75
$BDGSV,4,2,16,06,68,315,29,07,13,180,20,08,30,203,26,09,55,288,17,1*7D
$BDGSV,4,3,16,16,68,318,33,20,25,317,18,23,79,025,30,25,27,052,17,1*77
$BDGSV,4,4,16,32,75,261,31,37,42,240,32,38,20,192,26,39,71,354,33,1*7A
$BDGSV,2,1,05,20,25,317,22,23,79,025,31,32,75,261,32,37,42,240,33,3*78
$BDGSV,2,2,05,39,71,354,40,3*48
$BDGLL,3904.60406,N,11721.25108,E,133743.00,A,A*79
$BDTXT,01,01,01,ANTENNA OK*24

-- Send QB4 Data OK......294


-- Build QB4 Data :2024,7,10 21-37-43   294






$BDZDA,133744.00,10,07,2024,00,00*73
$BDRMC,133744.00,A,3904.60408,N,11721.25113,E,0.214,,100724,,,A,V*1E
$BDGGA,133744.00,3904.60408,N,11721.25113,E,1,08,3.28,17.1,M,-4.9,M,,*69
$BDGSA,A,3,06,08,16,23,32,37,38,39,,,,,6.25,3.28,5.32,4*0B
$BDGSV,4,1,16,01,36,141,,02,35,228,,03,44,191,,05,17,250,,1*75
$BDGSV,4,2,16,06,68,315,30,07,13,180,20,08,30,203,27,09,55,288,17,1*74
$BDGSV,4,3,16,16,68,318,33,20,25,317,18,23,79,025,30,25,27,052,16,1*76
$BDGSV,4,4,16,32,75,261,31,37,42,240,32,38,20,192,26,39,71,354,34,1*7D
$BDGSV,2,1,05,20,25,317,22,23,79,025,31,32,75,261,32,37,42,240,34,3*7F
$B-- Send QB4 Data OK......294

DGSV,2,2,05,39,71,354,39,3*46
$BDGLL,3904.60408,N,11721.25113,E,133744.00,A,A*7A
$BDTXT,01,01,01,ANTENNA OK*24

-- Build QB4 Data :2024,7,10 21-37-44   294


-- Send QB4 Data OK......294





$BDZDA,133745.00,10,07,2024,00,00*72
$BDRMC,133745.00,A,3904.60398,N,11721.25115,E,0.065,,100724,,,A,V*13
$BDGGA,133745.00,3904.60398,N,11721.25115,E,1,08,3.27,17.4,M,-4.9,M,,*6A
$BDGSA,A,3,06,08,16,23,32,37,38,39,,,,,6.24,3.27,5.31,4*06
$BDGSV,4,1,16,01,36,141,,02,35,228,,03,44,191,,05,17,250,,1*75
$BDGSV,4,2,16,06,68,315,30,07,13,180,21,08,30,203,27,09,55,288,17,1*75
$BDGSV,4,3,16,16,68,318,33,20,25,317,19,23,79,025,30,25,27,052,16,1*77
$BDGSV,4,4,16,32,75,261,31,37,42,240,32,38,20,192,26,39,71,354,34,1*7D
$BDGSV,2,1,05,20,25,317,22,23,79,025,31,32,75,261,32,37,42,240,34,3*7F
$BDGSV,2,2,05,39,71,354,41,3*49
$BDGLL,3904.60398,N,11721.25115,E,133745.00,A,A*73
$BDTXT,01,01,01,ANTENNA OK*24

-- Build QB4 Data :2024,7,10 21-37-45   294






$BDZDA,133746.00,10,07,2024,00,00*71
$BDRMC,133746.00,A,3904.60396,N,11721.25122,E,0.132,,100724,,,A,V*19
$BDGGA,133746.00,3904.60396,N,11721.25122,E,1,08,3.27,17.3,M,-4.9,M,,*64
$BDGSA,A,3,06,08,16,23,32,37,38,39,,,,,6.24,3.27,5.31,4*06
$BDGSV,4,1,16,01,36,141,,02,35,228,,03,44,191,,05,17,250,,1*75
$BDGSV,4,2,16,06,68,315,29,07,13,180,21,08,30,203,27,09,55,288,17,1*7D
$BDGSV,4,3,16,16,68,318,32,20,25,317,18,23,79,026,29,25,27,052,15,1*7F
$BDGSV,4,4,16,32,75,261,30,37,42,240,31,38,20,192,25,39,71,354,33,1*7B
$BDGSV,2,1,05,20,25,317,22,23,79,026,30,32,75,261,32,37,42,240,33,3*7A
$BDGSV,2,2,05,39,71,354,40,3*48
$BDGLL,3904.60396,N,11721.25122,E,133746.00,A,A*7A
$BDTXT,01,01,01,ANTENNA OK*24

-- Send QB4 Data OK......294


-- Build QB4 Data :2024,7,10 21-37-46   294






$BDZDA,133747.00,10,07,2024,00,00*70
$BDRMC,133747.00,A,3904.60395,N,11721.25130,E,0.172,,100724,,,A,V*1C
$BDGGA,133747.00,3904.60395,N,11721.25130,E,1,08,3.27,17.2,M,-4.9,M,,*64
$BDGSA,A,3,06,08,16,23,32,37,38,39,,,,,6.24,3.27,5.31,4*06
$BDGSV,4,1,16,01,36,141,,02,35,228,,03,44,191,,05,17,250,,1*75
$BDGSV,4,2,16,06,68,315,29,07,13,180,20,08,30,203,26,09,55,288,16,1*7C
$BDGSV,4,3,16,16,68,318,32,20,25,317,18,23,79,026,29,25,26,052,16,1*7D
$BDGSV,4,4,16,32,75,261,30,37,42,240,32,38,20,192,25,39,71,354,33,1*78
$BDGSV,2,1,05,20,25,317,22,23,79,026,30,32,75,261,32,37,42,240,34,3*7D
$BDGSV,2,2,05,39,71,354,40,3*48
$BDGLL,3904.60395,N,11721.25130,E,133747.00,A,A*7B
$BDTXT,01,01,01,ANTENNA OK*24
-- Send QB4 Data OK......294


-- Build QB4 Data :2024,7,10 21-37-47   294






$BDZDA,133748.00,10,07,2024,00,00*7F
$BDRMC,133748.00,A,3904.60390,N,11721.25144,E,0.356,,100724,,,A,V*11
$BDGGA,133748.00,3904.60390,N,11721.25144,E,1,08,3.27,17.1,M,-4.9,M,,*6E
$BDGSA,A,3,06,08,16,23,32,37,38,39,,,,,6.24,3.27,5.31,4*06
$BDGSV,4,1,16,01,36,141,,02,35,228,,03,44,191,,05,17,250,,1*75
$BDGSV,4,2,16,06,68,315,29,07,13,180,20,08,30,203,26,09,55,288,18,1*72
$BDGSV,4,3,16,16,68,318,32,20,25,317,18,23,79,026,29,25,26,052,16,1*7D
$BDGSV,4,4,16,32,75,261,30,37,42,240,31,38,20,192,25,39,71,354,33,1*7B
$BDGSV,2,1,05,20,25,317,21,23,79,026,29,32,75,261,31,37,42,240,32,3*73
$BDGSV,2,2,05,39,71,354,38,3*47
$BDGLL,3904.60390,N,11721.25144,E,133748.00,A,A*72
$BDTXT,01,01,01,ANTENNA OK*24

-- Send QB4 Data OK......294


-- Build QB4 Data :2024,7,10 21-37-48   294






$BDZDA,133749.00,10,07,2024,00,00*7E
$BDRMC,133749.00,A,3904.60386,N,11721.25152,E,0.166,,100724,,,A,V*11
$BDGGA,133749.00,3904.60386,N,11721.25152,E,1,08,3.27,17.2,M,-4.9,M,,*6C
$BDGSA,A,3,06,08,16,23,32,37,38,39,,,,,6.24,3.27,5.31,4*06
$BDGSV,4,1,16,01,36,141,,02,35,228,,03,44,191,,05,17,250,,1*75
$BDGSV,4,2,16,06,68,315,30,07,13,180,21,08,30,203,27,09,55,288,18,1*7A
$BDGSV,4,3,16,16,68,318,34,20,25,317,18,23,79,026,30,25,26,052,17,1*72
$BDGSV,4,4,16,32,75,261,32,37,42,240,33,38,20,192,26,39,71,354,34,1*7F
$BDGSV,2,1,05,20,25,317,22,23,79,026,30,32,75,261,32,37,42,240,34,3*7D
$BDGSV,2,2,05,39,71,354,41,3*49
$BDGLL,3904.60386,N,11721.25152,E,133749.00,A,A*73
$BDTXT,01,01,01,ANTENNA OK*24

-- Send QB4 Data OK......294


-- Build QB4 Data :2024,7,10 21-37-49   294






$BDZDA,133750.00,10,07,2024,00,00*76
$BDRMC,133750.00,A,3904.60377,N,11721.25165,E,0.120,,100724,,,A,V*11
$BDGGA,133750.00,3904.60377,N,11721.25165,E,1,08,3.27,17.3,M,-4.9,M,,*6F
$BDGSA,A,3,06,08,16,23,32,37,38,39,,,,,6.24,3.27,5.31,4*06
$BDGSV,4,1,16,01,36,141,,02,35,228,,03,44,191,,05,17,250,,1*75
$BDGSV,4,2,16,06,68,315,30,07,13,180,21,08,30,203,27,09,55,288,18,1*7A
$BDGSV,4,3,16,16,68,318,34,20,25,317,18,23,79,026,31,25,26,052,17,1*73
$BDGSV,4,4,16,32,75,261,31,37,42,240,32,38,20,192,26,39,71,354,34,1*7D
$BDGSV,2,1,05,20,25,317,23,23,79,026,31,32,75,261,32,37,42,240,35,3*7C
$B-- Send QB4 Data OK......294

DGSV,2,2,05,39,71,354,41,3*49
$BDGLL,3904.60377,N,11721.25165,E,133750.00,A,A*71
$BDTXT,01,01,01,ANTENNA OK*24

-- Build QB4 Data :2024,7,10 21-37-50   294






$BDZDA,133751.00,10,07,2024,00,00*77
$BDRMC,133751.00,A,3904.60373,N,11721.25173,E,0.048,,100724,,,A,V*1C
$BDGGA,133751.00,3904.60373,N,11721.25173,E,1,08,3.27,17.2,M,-4.9,M,,*6C
$BDGSA,A,3,06,08,16,23,32,37,38,39,,,,,6.24,3.27,5.31,4*06
$BDGSV,5,1,17,01,36,141,,02,35,228,,03,44,191,,04,26,125,,1*77
$BDGSV,5,2,17,05,17,250,,06,68,315,30,07,13,180,21,08,30,203,27,1*7C
$BDGSV,5,3,17,09,55,288,17,16,68,318,33,20,25,317,16,23,79,026,30,1*74
$BDGSV,5,4,17,25,26,052,17,32,75,261,31,37,43,240,32,38,20,192,26,1*77
$BDGSV,5,5,17,39,71,354,34,1*4A
$BDGSV,2,1,05,20,25,317,23,23,79,026,30,32,75,261,32,37,43,240,34,3*7D
$BDGSV,2,2,05,39,71,354,39,3*46
$BDGLL,3904.60373,N,11721.25173,E,133751.00,A,A*73
$BDTXT,01,01,01,ANTENNA OK*24

-- Send QB4 Data OK......294


-- Build QB4 Data :2024,7,10 21-37-51   294






$BDZDA,133752.00,10,07,2024,00,00*74
$BDRMC,133752.00,A,3904.60371,N,11721.25185,E,0.056,,100724,,,A,V*1B
$BDGGA,133752.00,3904.60371,N,11721.25185,E,1,08,3.27,17.2,M,-4.9,M,,*64
$BDGSA,A,3,06,08,16,23,32,37,38,39,,,,,6.24,3.27,5.31,4*06
$BDGSV,5,1,17,01,36,141,,02,35,228,,03,44,191,,04,26,125,,1*77
$BDGSV,5,2,17,05,17,250,,06,68,315,29,07,13,180,21,08,30,203,25,1*76
$BDGSV,5,3,17,09,55,288,17,16,68,318,33,20,25,317,15,23,79,026,29,1*7F
$BDGSV,5,4,17,25,26,052,15,32,75,260,25,37,43,240,27,38,20,192,25,1*76
$BDGSV,5,5,17,39,71,354,33,1*4D
$BDGSV,2,1,05,20,25,317,22,23,79,026,29,32,75,260,32,37,43,240,33,3*72
$BDGSV,2,2,05,39,71,354,39,3*46
$BDGLL,3904.60371,N,11721.25185,E,133752.00,A,A*7B
$BDTXT,01,01,01,ANTENNA OK*24

-- Send QB4 Data OK......294


-- Build QB4 Data :2024,7,10 21-37-52   294






$BDZDA,133753.00,10,07,2024,00,00*75
$BDRMC,133753.00,A,3904.60368,N,11721.25193,E,0.073,,100724,,,A,V*12
$BDGGA,133753.00,3904.60368,N,11721.25193,E,1,08,3.27,17.2,M,-4.9,M,,*6A
$BDGSA,A,3,06,08,16,23,32,37,38,39,,,,,6.23,3.27,5.30,4*00
$BDGSV,5,1,17,01,36,141,,02,35,228,,03,44,191,,04,26,125,,1*77
$BDGSV,5,2,17,05,17,250,,06,68,315,30,07,13,180,21,08,-- Send QB4 Data OK......294

30,203,26,1*7D
$BDGSV,5,3,17,09,55,288,17,16,68,318,34,20,25,317,15,23,79,026,30,1*70
$BDGSV,5,4,17,25,26,052,16,32,75,260,31,37,43,240,32,38,20,192,26,1*77
$BDGSV,5,5,17,39,71,354,34,1*4A
$BDGSV,2,1,05,20,25,317,23,23,79,026,30,32,75,260,33,37,43,240,34,3*7D
$BDGSV,2,2,05,39,71,354,41,3*49
$BDGLL,3904.60368,N,11721.25193,E,133753.00,A,A*75
$BDTXT,01,01,01,ANTENNA OK*24

-- Build QB4 Data :2024,7,10 21-37-53   294


-- Send QB4 Data OK......294






$BDZDA,133754.00,10,07,2024,00,00*72
$BDRMC,133754.00,A,3904.60365,N,11721.25204,E,0.239,,100724,,,A,V*19
$BDGGA,133754.00,3904.60365,N,11721.25204,E,1,08,3.27,17.1,M,-4.9,M,,*6E
$BDGSA,A,3,06,08,16,23,32,37,38,39,,,,,6.23,3.27,5.30,4*00
$BDGSV,5,1,17,01,36,141,,02,35,228,,03,44,191,,04,26,125,,1*77
$BDGSV,5,2,17,05,17,250,,06,68,315,30,07,13,180,21,08,30,203,26,1*7D
$BDGSV,5,3,17,09,55,288,17,16,68,318,34,20,25,317,,23,79,026,30,1*74
$BDGSV,5,4,17,25,26,052,17,32,75,260,31,37,43,240,32,38,20,192,27,1*77
$BDGSV,5,5,17,39,71,354,34,1*4A
$BDGSV,2,1,05,20,25,317,22,23,79,026,30,32,75,260,32,37,43,240,35,3*7C
$BDGSV,2,2,05,39,71,354,40,3*48
$BDGLL,3904.60365,N,11721.25204,E,133754.00,A,A*72
$BDTXT,01,01,01,ANTENNA OK*24

-- Build QB4 Data :2024,7,10 21-37-54   294






$BDZDA,133755.00,10,07,2024,00,00*73
$BDRMC,133755.00,A,3904.60357,N,11721.25206,E,0.057,,100724,,,A,V*11
$BDGGA,133755.00,3904.60357,N,11721.25206,E,1,08,3.27,17.3,M,-4.9,M,,*6E
$BDGSA,A,3,06,08,16,23,32,37,38,39,,,,,6.23,3.27,5.30,4*00
$BDGSV,5,1,17,01,36,141,,02,35,228,,03,44,191,,04,26,125,,1*77
$BDGSV,5,2,17,05,17,250,,06,68,315,30,07,13,180,21,08,30,203,27,1*7C
$BDGSV,5,3,17,09,55,288,16,16,68,318,33,20,25,317,,23,79,026,30,1*72
$BDGSV,5,4,17,25,26,052,17,32,75,260,31,37,43,240,32,38,20,192,27,1*77
$BDGSV,5,5,17,39,71,354,34,1*4A
$BDGSV,2,1,05,20,25,317,23,23,79,026,30,32,75,260,32,37,43,240,34,3*7C
$BDGSV,2,2,05,39,71,354,40,3*48
$BDGLL,3904.60357,N,11721.25206,E,133755.00,A,A*70
$BDTXT,01,01,01,ANTENNA OK*24

-- Send QB4 Data OK......294


-- Build QB4 Data :2024,7,10 21-37-55   294






$BDZDA,133756.00,10,07,2024,00,00*70
$BDRMC,133756.00,A,3904.60357,N,11721.25215,E,0.108,,100724,,,A,V*1B
$BDGGA,133756.00,3904.60357,N,11721.25215,E,1,08,3.27,17.2,M,-4.9,M,,*6E
$BDGSA,A,3,06,08,16,23,32,37,38,39,,,,,6.23,3.27,5.30,4*00
-- Send QB4 Data OK......294

$BDGSV,5,1,17,01,36,141,,02,35,228,,03,44,191,,04,26,125,,1*77
$BDGSV,5,2,17,05,17,250,,06,68,315,30,07,13,180,20,08,30,203,26,1*7C
$BDGSV,5,3,17,09,55,288,16,16,68,318,33,20,25,317,,23,79,026,30,1*72
$BDGSV,5,4,17,25,26,052,16,32,75,260,30,37,43,240,31,38,20,192,26,1*75
$BDGSV,5,5,17,39,71,354,33,1*4D
$BDGSV,2,1,05,20,25,317,23,23,79,026,29,32,75,260,31,37,43,240,34,3*77
$BDGSV,2,2,05,39,71,354,40,3*48
$BDGLL,3904.60357,N,11721.25215,E,133756.00,A,A*71
$BDTXT,01,01,01,ANTENNA OK*24

-- Build QB4 Data :2024,7,10 21-37-56   294






$BDZDA,133757.00,10,07,2024,00,00*71
$BDRMC,133757.00,A,3904.60351,N,11721.25230,E,0.154,,100724,,,A,V*12
$BDGGA,133757.00,3904.60351,N,11721.25230,E,1,08,3.27,17.2,M,-4.9,M,,*6E
$BDGSA,A,3,06,08,16,23,32,37,38,39,,,,,6.23,3.27,5.30,4*00
$BDGSV,5,1,17,01,36,141,,02,35,228,,03,44,191,,04,26,125,,1*77
$BDGSV,5,2,17,05,17,250,,06,68,315,29,07,13,180,20,08,30,203,26,1*74
$BDGSV,5,3,17,09,55,288,17,16,68,318,32,20,25,317,,23,79,026,29,1*7A
$BDGSV,5,4,17,25,26,052,16,32,75,260,30,37,43,240,30,38,20,192,26,1*74
$BDGSV,5,5,17,39,71,354,33,1*4D
$BDGSV,2,1,05,20,25,317,22,23,79,026,29,32,75,260,31,37,43,240,34,3*76
$BDGSV,2,2,05,39,71,354,39,3*46
$BDGLL,3904.60351,N,11721.25230,E,133757.00,A,A*71
$BDTXT,01,01,01,ANTENNA OK*24

-- Send QB4 Data OK......294


-- Build QB4 Data :2024,7,10 21-37-57   294






$BDZDA,133758.00,10,07,2024,00,00*7E
$BDRMC,133758.00,A,3904.60350,N,11721.25243,E,0.123,,100724,,,A,V*18
$BDGGA,133758.00,3904.60350,N,11721.25243,E,1,08,3.27,17.0,M,-4.9,M,,*66
$BDGSA,A,3,06,08,16,23,32,37,38,39,,,,,6.23,3.27,5.30,4*00
$BDGSV,5,1,17,01,36,141,,02,35,228,,03,44,191,,04,26,125,,1*77
$BDGSV,5,2,17,05,17,250,,06,68,315,30,07,13,180,20,08,30,203,26,1*7C
$BDGSV,5,3,17,09,55,288,17,16,68,318,33,20,25,317,,23,79,026,30,1*73
$BDGSV,5,4,17,25,26,052,16,32,75,260,30,37,43,240,31,38,20,192,26,1*75
$BDGSV,5,5,17,39,71,354,33,1*4D
$BDGSV,2,1,05,20,25,317,22,23,79,026,29,32,75,260,31,37,43,240,34,3*76
$BDGSV,2,2,05,39,71,354,40,3*48
$BDGLL,3904.60350,N,11721.25243,E,133758.00,A,A*7B
$BDTXT,01,01,01,ANTENNA OK*24

-- Send QB4 Data OK......294


-- Build QB4 Data :2024,7,10 21-37-58   294






$BDZDA,133759.00,10,07,2024,00,00*7F
$BDRMC,133759.00,A,3904.60348,N,11721.25250,E,0.096,,100724,,,A,V*1D
$BDGGA,133759.00,3904.60348,N,11721.25250,E,1,08,3.27,16.9,M,-4.9,M,,*64
$BDGSA,A,3,06,08,16,23,32,37,38,39,,,,,6.23,3.27,5.30,4*00
$BDGSV,5,1,17,01,36,141,,02,35,228,,03,44,191,,04,26,125,,1*77
$BDGSV,5,2,17,05,17,250,,06,68,315,31,07,13,180,20,08,30,203,27,1*7C
$BDGSV,5,3,17,09,55,288,17,16,68,318,34,20,25,317,,23,79,026,30,1*74
$BDGSV,5,4,17,25,26,052,17,32,75,260,31,37,43,240,32,38,20,192,26,1*76
$BDGSV,5,5,17,39,71,354,34,1*4A
$BDGSV,2,1,05,20,25,317,22,23,79,026,30,32,75-- Send QB4 Data OK......294

,260,32,37,43,240,34,3*7D
$BDGSV,2,2,05,39,71,354,40,3*48
$BDGLL,3904.60348,N,11721.25250,E,133759.00,A,A*71
$BDTXT,01,01,01,ANTENNA OK*24

-- Build QB4 Data :2024,7,10 21-37-59   294






$BDZDA,133800.00,10,07,2024,00,00*7C
$BDRMC,133800.00,A,3904.60334,N,11721.25265,E,0.032,,100724,,,A,V*1D
$BDGGA,133800.00,3904.60334,N,11721.25265,E,1,08,3.27,17.3,M,-4.9,M,,*61
$BDGSA,A,3,06,08,16,23,32,37,38,39,,,,,6.23,3.27,5.30,4*00
$BDGSV,5,1,17,01,36,141,,02,35,228,,03,44,191,,04,26,125,,1*77
$BDGSV,5,2,17,05,17,250,,06,68,315,31,07,13,180,20,08,30,203,27,1*7C
$BDGSV,5,3,17,09,55,288,18,16,68,318,34,20,25,317,,23,79,026,31,1*7A
$BDGSV,5,4,17,25,26,052,17,32,75,260,31,37,43,240,32,38,20,192,27,1*77
$BDGSV,5,5,17,39,71,354,34,1*4A
$BDGSV,2,1,05,20,25,317,23,23,79,026,31,32,75,260,32,37,43,240,34,3*7D
$BDGSV,2,2,05,39,71,354,40,3*48
$BDGLL,3904.60334,N,11721.25265,E,133800.00,A,A*7F
$BDTXT,01,01,01,ANTENNA OK*24

-- Send QB4 Data OK......294


-- Build QB4 Data :2024,7,10 21-38-0   294






$BDZDA,133801.00,10,07,2024,00,00*7D
$BDRMC,133801.00,A,3904.60328,N,11721.25280,E,0.066,,100724,,,A,V*1B
$BDGGA,133801.00,3904.60328,N,11721.25280,E,1,08,3.27,17.4,M,-4.9,M,,*61
$BDGSA,A,3,06,08,16,23,32,37,38,39,,,,,6.22,3.27,5.29,4*09
$BDGSV,5,1,17,01,36,141,,02,35,228,,03,44,191,,04,26,125,,1*77
$BDGSV,5,2,17,05,17,250,,06,68,315,29,07,13,180,20,08,30,203,26,1*74
$BDGSV,5,3,17,09,55,288,17,16,68,318,32,20,25,317,,23,79,026,29,1*7A
$BDGSV,5,4,17,25,26,052,17,32,75,260,29,37,43,240,30,38,20,192,26,1*7D
$BDGSV,5,5,17,39,71,354,29,1*46
$BDGSV,2,1,05,20,25,317,23,23,79,026,30,32,75,260,31,37,43,240,31,3*7A
$BDGSV,2,2,05,39,71,354,36,3*49
$BDGLL,3904.60328,N,11721.25280,E,133801.00,A,A*78
$BDTXT,01,01,01,ANTENNA OK*24

-- Send QB4 Data OK......294


-- Build QB4 Data :2024,7,10 21-38-1   294






$BDZDA,133802.00,10,07,2024,00,00*7E
$BDRMC,133802.00,A,3904.60322,N,11721.25287,E,0.096,,100724,,,A,V*1A
$BDGGA,133802.00,3904.60322,N,11721.25287,E,1,08,3.27,17.3,M,-4.9,M,,*68
$BDGSA,A,3,06,08,16,23,32,37,38,39,,,,,6.22,3.27,5.29,4*09
$BDGSV,5,1,17,01,36,141,,02,35,228,,03,44,191,,04,26,125,,1*77
$BDGSV,5,2,17,05,17,250,,06,68,315,30,07,13,180,19,08,30,203,25,1*75
$BDGSV,5,3,17,09,55,288,16,16,68,318,33,20,25,317,,23,79,026,29,1*7A
$BDGSV,5,4,17,25,26,052,15,32,75-- Send QB4 Data OK......294

,260,29,37,43,240,31,38,20,192,26,1*7E
$BDGSV,5,5,17,39,71,354,32,1*4C
$BDGSV,2,1,05,20,25,317,22,23,79,026,31,32,75,260,32,37,43,240,33,3*7B
$BDGSV,2,2,05,39,71,354,40,3*48
$BDGLL,3904.60322,N,11721.25287,E,133802.00,A,A*76
$BDTXT,01,01,01,ANTENNA OK*24

-- Build QB4 Data :2024,7,10 21-38-2   294






$BDZDA,133803.00,10,07,2024,00,00*7F
$BDRMC,133803.00,A,3904.60312,N,11721.25296,E,0.181,,100724,,,A,V*1F
$BDGGA,133803.00,3904.60312,N,11721.25296,E,1,08,3.27,17.5,M,-4.9,M,,*6C
$BDGSA,A,3,06,08,16,23,32,37,38,39,,,,,6.22,3.27,5.29,4*09
$BDGSV,5,1,18,01,36,141,,02,35,228,,03,44,191,,04,26,125,,1*78
$BDGSV,5,2,18,05,17,250,,06,68,315,30,07,13,180,19,08,30,203,25,1*7A
$BDGSV,5,3,18,09,55,288,16,16,68,318,32,20,25,317,,23,79,026,30,1*7C
$BDGSV,5,4,18,25,26,052,15,32,75,260,30,37,43,240,30,38,20,192,26,1*78
$BDGSV,5,5,18,39,71,354,33,40,11,169,,1*78
$BDGSV,2,1,05,20,25,317,22,23,79,026,30,32,75,260,32,37,43,240,34,3*7D
$BDGSV,2,2,05,39,71,354,39,3*46
$BDGLL,3904.60312,N,11721.25296,E,133803.00,A,A*74
$BDTXT,01,01,01,ANTENNA OK*24

-- Send QB4 Data OK......294


-- Build QB4 Data :2024,7,10 21-38-3   294






$BDZDA,133804.00,10,07,2024,00,00*78
$BDRMC,133804.00,A,3904.60305,N,11721.25301,E,0.111,,100724,,,A,V*18
$BDGGA,133804.00,3904.60305,N,11721.25301,E,1,08,3.27,17.7,M,-4.9,M,,*60
$BDGSA,A,3,06,08,16,23,32,37,38,39,,,,,6.22,3.27,5.29,4*09
$BDGSV,5,1,18,01,36,141,,02,35,228,,03,44,191,,04,26,125,,1*78
$BDGSV,5,2,18,05,17,250,,06,68,315,30,07,13,180,20,08,30,203,25,1*70
$BDGSV,5,3,18,09,55,288,16,16,68,318,33,20,25,317,,23,79,026,30,1*7D
$BDGSV,5,4,18,25,26,052,15,32,75,260,30,37,43,240,30,38,20,192,26,1*78
$BDGSV,5,5,18,39,71,354,34,40,11,169,,1*7F
$BDGSV,2,1,05,20,25,317,23,23,79,026,30,32,75,260,32,37,43,240,35,3*7D
$BDGSV,2,2,05,39,71,354,41,3*49
$BDGLL,3904.60305,N,11721.25301,E,133804.00,A,A*7A
$BDTXT,01,01,01,ANTENNA OK*24

-- Send QB4 Data OK......294


-- Build QB4 Data :2024,7,10 21-38-4   294






$BDZDA,133805.00,10,07,2024,00,00*79
$BDRMC,133805.00,A,3904.60297,N,11721.25309,E,0.050,,100724,,,A,V*1F
$BDGGA,133805.00,3904.60297,N,11721.25309,E,1,08,3.27,17.9,M,-4.9,M,,*6D
$BDGSA,A,3,06,08,16,23,32,37,38,39,,,,,6.22,3.27,5.29,4*09
$BDGSV,5,1,18,01,36,141,,02,35,228,,03,44,191,,04,26,125,,1*78
$BDGSV,5,2,18,05,17,250,,06,68,315,29,07,13,180,19,08,-- Send QB4 Data OK......294

30,203,25,1*72
$BDGSV,5,3,18,09,55,288,16,16,68,318,32,20,25,317,,23,79,026,29,1*74
$BDGSV,5,4,18,25,26,052,15,32,75,260,29,37,43,240,29,38,20,192,26,1*78
$BDGSV,5,5,18,39,71,354,29,40,11,169,,1*73
$BDGSV,2,1,05,20,25,317,23,23,79,026,30,32,75,260,31,37,43,240,33,3*78
$BDGSV,2,2,05,39,71,354,38,3*47
$BDGLL,3904.60297,N,11721.25309,E,133805.00,A,A*79
$BDTXT,01,01,01,ANTENNA OK*24

-- Build QB4 Data :2024,7,10 21-38-5   294


-- Send QB4 Data OK......294






$BDZDA,133806.00,10,07,2024,00,00*7A
$BDRMC,133806.00,A,3904.60293,N,11721.25320,E,0.044,,100724,,,A,V*16
$BDGGA,133806.00,3904.60293,N,11721.25320,E,1,08,3.27,18.0,M,-4.9,M,,*67
$BDGSA,A,3,06,08,16,23,32,37,38,39,,,,,6.22,3.27,5.29,4*09
$BDGSV,5,1,18,01,36,141,,02,35,228,,03,44,191,,04,26,125,,1*78
$BDGSV,5,2,18,05,17,250,,06,68,315,29,07,13,180,19,08,30,203,25,1*72
$BDGSV,5,3,18,09,55,288,16,16,68,318,33,20,25,317,,23,79,026,29,1*75
$BDGSV,5,4,18,25,26,052,15,32,75,260,29,37,43,240,29,38,20,192,26,1*78
$BDGSV,5,5,18,39,71,354,33,40,11,169,,1*78
$BDGSV,2,1,05,20,25,317,23,23,79,026,30,32,75,260,32,37,43,240,34,3*7C
$BDGSV,2,2,05,39,71,354,40,3*48
$BDGLL,3904.60293,N,11721.25320,E,133806.00,A,A*75
$BDTXT,01,01,01,ANTENNA OK*24

-- Build QB4 Data :2024,7,10 21-38-6   294






$BDZDA,133807.00,10,07,2024,00,00*7B
$BDRMC,133807.00,A,3904.60284,N,11721.25332,E,0.029,,100724,,,A,V*19
$BDGGA,133807.00,3904.60284,N,11721.25332,E,1,08,3.27,18.3,M,-4.9,M,,*60
$BDGSA,A,3,06,08,16,23,32,37,38,39,,,,,6.22,3.27,5.29,4*09
$BDGSV,5,1,18,01,36,141,,02,35,228,,03,44,191,,04,26,125,,1*78
$BDGSV,5,2,18,05,17,250,,06,68,315,29,07,13,180,19,08,30,203,25,1*72
$BDGSV,5,3,18,09,55,288,17,16,68,318,32,20,25,317,,23,79,026,29,1*75
$BDGSV,5,4,18,25,26,052,15,32,75,260,29,37,43,240,29,38,20,192,26,1*78
$BDGSV,5,5,18,39,71,354,32,40,11,169,,1*79
$BDGSV,2,1,05,20,25,317,22,23,79,026,29,32,75,260,31,37,43,240,33,3*71
$BDGSV,2,2,05,39,71,354,38,3*47
$BDGLL,3904.60284,N,11721.25332,E,133807.00,A,A*71
$BDTXT,01,01,01,ANTENNA OK*24

-- Send QB4 Data OK......294


-- Build QB4 Data :2024,7,10 21-38-7   294






$BDZDA,133808.00,10,07,2024,00,00*74
$BDRMC,133808.00,A,3904.60277,N,11721.25343,E,0.062,,100724,,,A,V*13
$BDGGA,133808.00,3904.60277,N,11721.25343,E,1,08,3.27,18.4,M,-4.9,M,,*62
$BDGSA,A,3,06,08,16,23,32,37,38,39,,,,,6.22,3.27,5.29,4*09
-- Send QB4 Data OK......294

$BDGSV,5,1,18,01,36,141,,02,35,228,,03,44,191,,04,26,125,,1*78
$BDGSV,5,2,18,05,17,250,,06,68,315,31,07,13,180,19,08,30,203,25,1*7B
$BDGSV,5,3,18,09,55,288,17,16,68,318,33,20,25,317,,23,79,026,30,1*7C
$BDGSV,5,4,18,25,26,052,16,32,75,260,30,37,43,240,30,38,20,192,26,1*7B
$BDGSV,5,5,18,39,71,354,34,40,11,169,,1*7F
$BDGSV,2,1,05,20,25,317,23,23,79,026,31,32,75,260,32,37,43,240,34,3*7D
$BDGSV,2,2,05,39,71,354,40,3*48
$BDGLL,3904.60277,N,11721.25343,E,133808.00,A,A*74
$BDTXT,01,01,01,ANTENNA OK*24

-- Build QB4 Data :2024,7,10 21-38-8   294






$BDZDA,133809.00,10,07,2024,00,00*75
$BDRMC,133809.00,A,3904.60260,N,11721.25345,E,0.018,,100724,,,A,V*1F
$BDGGA,133809.00,3904.60260,N,11721.25345,E,1,08,3.27,19.1,M,-4.9,M,,*67
$BDGSA,A,3,06,08,16,23,32,37,38,39,,,,,6.21,3.27,5.28,4*0B
$BDGSV,5,1,18,01,36,141,,02,35,228,,03,44,191,,04,26,125,,1*78
$BDGSV,5,2,18,05,17,250,,06,68,315,31,07,13,180,20,08,30,203,26,1*72
$BDGSV,5,3,18,09,55,288,17,16,68,318,34,20,25,317,,23,79,026,31,1*7A
$BDGSV,5,4,18,25,26,052,18,32,75,260,31,37,43,240,30,38,20,192,27,1*75
$BDGSV,5,5,18,39,71,354,34,40,11,169,,1*7F
$BDGSV,2,1,05,20,25,317,23,23,79,026,31,32,75,260,32,37,43,240,34,3*7D
$BDGSV,2,2,05,39,71,354,40,3*48
$BDGLL,3904.60260,N,11721.25345,E,133809.00,A,A*75
$BDTXT,01,01,01,ANTENNA OK*24

-- Send QB4 Data OK......294


-- Build QB4 Data :2024,7,10 21-38-9   294






$BDZDA,133810.00,10,07,2024,00,00*7D
$BDRMC,133810.00,A,3904.60243,N,11721.25345,E,0.055,,100724,,,A,V*1F
$BDGGA,133810.00,3904.60243,N,11721.25345,E,1,08,3.27,19.6,M,-4.9,M,,*69
$BDGSA,A,3,06,08,16,23,32,37,38,39,,,,,6.21,3.27,5.28,4*0B
$BDGSV,5,1,18,01,36,141,,02,35,228,,03,44,191,,04,26,125,,1*78
$BDGSV,5,2,18,05,17,250,,06,68,315,30,07,13,180,19,08,30,203,25,1*7A
$BDGSV,5,3,18,09,55,288,17,16,68,318,32,20,25,317,,23,79,026,29,1*75
$BDGSV,5,4,18,25,26,052,17,32,75,260,29,37,43,240,28,38,20,192,26,1*7B
$BDGSV,5,5,18,39,71,354,32,40,11,169,,1*79
$BDGSV,2,1,05,20,25,317,24,23,79,026,31,32,75,260,31,37,43,240,34,3*79
$BDGSV,2,2,05,39,71,354,39,3*46
$BDGLL,3904.60243,N,11721.25345,E,133810.00,A,A*7C
$BDTXT,01,01,01,ANTENNA OK*24

-- Send QB4 Data OK......294


-- Build QB4 Data :2024,7,10 21-38-10   294






$BDZDA,133811.00,10,07,2024,00,00*7C
$BDRMC,133811.00,A,3904.60238,N,11721.25351,E,0.094,,100724,,,A,V*1A
$BDGGA,133811.00-- Send QB4 Data OK......294

,3904.60238,N,11721.25351,E,1,08,3.27,19.7,M,-4.9,M,,*60
$BDGSA,A,3,06,08,16,23,32,37,38,39,,,,,6.21,3.27,5.28,4*0B
$BDGSV,5,1,18,01,36,141,,02,35,228,,03,44,191,,04,26,125,,1*78
$BDGSV,5,2,18,05,17,250,,06,68,315,29,07,13,180,19,08,30,203,24,1*73
$BDGSV,5,3,18,09,55,288,15,16,68,318,32,20,25,317,,23,79,026,29,1*77
$BDGSV,5,4,18,25,26,052,17,32,75,260,28,37,43,240,28,38,20,192,25,1*79
$BDGSV,5,5,18,39,71,354,33,40,11,169,,1*78
$BDGSV,2,1,05,20,25,317,22,23,79,026,26,32,75,260,31,37,43,240,34,3*79
$BDGSV,2,2,05,39,71,354,39,3*46
$BDGLL,3904.60238,N,11721.25351,E,133811.00,A,A*74
$BDTXT,01,01,01,ANTENNA OK*24

-- Build QB4 Data :2024,7,10 21-38-11   294






$BDZDA,133812.00,10,07,2024,00,00*7F
$BDRMC,133812.00,A,3904.60229,N,11721.25360,E,0.027,,100724,,,A,V*13
$BDGGA,133812.00,3904.60229,N,11721.25360,E,1,08,3.27,20.0,M,-4.9,M,,*6C
$BDGSA,A,3,06,08,16,23,32,37,38,39,,,,,6.21,3.27,5.28,4*0B
$BDGSV,5,1,18,01,36,141,,02,35,228,,03,44,191,,04,26,125,,1*78
$BDGSV,5,2,18,05,17,250,,06,68,315,30,07,13,180,19,08,30,203,25,1*7A
$BDGSV,5,3,18,09,55,288,16,16,68,318,33,20,25,317,,23,79,026,30,1*7D
$BDGSV,5,4,18,25,26,052,17,32,75,260,29,37,43,240,28,38,20,192,26,1*7B
$BDGSV,5,5,18,39,71,354,33,40,11,169,,1*78
$BDGSV,2,1,05,20,25,317,23,23,79,026,30,32,75,260,32,37,43,240,34,3*7C
$BDGSV,2,2,05,39,71,354,40,3*48
$BDGLL,3904.60229,N,11721.25360,E,133812.00,A,A*75
$BDTXT,01,01,01,ANTENNA OK*24

-- Send QB4 Data OK......294


-- Build QB4 Data :2024,7,10 21-38-12   294






$BDZDA,133813.00,10,07,2024,00,00*7E
$BDRMC,133813.00,A,3904.60224,N,11721.25374,E,0.029,,100724,,,A,V*14
$BDGGA,133813.00,3904.60224,N,11721.25374,E,1,08,3.27,20.0,M,-4.9,M,,*65
$BDGSA,A,3,06,08,16,23,32,37,38,39,,,,,6.21,3.27,5.28,4*0B
$BDGSV,5,1,18,01,36,141,,02,35,228,,03,44,191,,04,26,125,,1*78
$BDGSV,5,2,18,05,17,250,,06,68,315,30,07,13,180,18,08,30,203,25,1*7B
$BDGSV,5,3,18,09,55,288,16,16,68,318,31,20,25,317,,23,79,026,29,1*77
$BDGSV,5,4,18,25,26,052,16,32,75,260,29,37,43,240,28,38,20,192,26,1*7A
$BDGSV,5,5,18,39,71,354,34,40,11,169,,1*7F
$BDGSV,2,1,05,20,25,317,23,23,79,026,30,32,75,260,32,37,43,240,34,3*7C
$BDGSV,2,2,05,39,71,354,40,3*48
$BDGLL,3904.60224,N,11721.25374,E,133813.00,A,A*7C
$BDTXT,01,01,01,ANTENNA OK*24
-- Send QB4 Data OK......294


-- Build QB4 Data :2024,7,10 21-38-13   294






$BDZDA,133814.00,10,07,2024,00,00*79
$BDRMC,133814.00,A,3904.60213,N,11721.25391,E,0.079,,100724,,,A,V*19
$BDGGA,133814.00,3904.60213,N,11721.25391,E,1,08,3.27,20.2,M,-4.9,M,,*6F
$BDGSA,A,3,06,08,16,23,32,37,38,39,,,,,6.21,3.27,5.28,4*0B
$BDGSV,5,1,18,01,36,141,,02,35,228,,03,44,191,,04,26,125,,1*78
$BDGSV,5,2,18,05,17,250,,06,68,315,30,07,13,180,18,08,30,203,25,1*7B
$BDGSV,5,3,18,09,55,288,16,16,68,318,32,20,25,317,,23,79,026,29,1*74
$BDGSV,5,4,18,25,26,052,17,32,75,260,29,37,43,240,28,38,20,192,26,1*7B
$BDGSV,5,5,18,39,71,354,33,40,11,169,,1*78
$BDGSV,2,1,05,20,25,317,24,23,79,026,30,32,75,260,31,37,43,240,33,3*7F
$BDGSV,2,2,05,39,71,354,39,3*46
$BDGLL,3904.60213,N,11721.25391,E,133814.00,A,A*74
$BDTXT,01,01,01,ANTENNA OK*24

-- Send QB4 Data OK......294


-- Build QB4 Data :2024,7,10 21-38-14   294






$BDZDA,133815.00,10,07,2024,00,00*78
$BDRMC,133815.00,A,3904.60200,N,11721.25396,E,0.156,,100724,,,A,V*11
$BDGGA,133815.00,3904.60200,N,11721.25396,E,1,08,3.26,20.7,M,-4.9,M,,*6F
$BDGSA,A,3,06,08,16,23,32,37,38,39,,,,,6.21,3.26,5.28,4*0A
$BDGSV,5,1,18,01,36,141,,02,35,228,,03,44,191,,04,26,125,,1*78
$BDGSV,5,2,18,05,17,250,,06,68,315,29,07,13,180,19,08,30,203,24,1*73
$BDGSV,5,3,18,09,55,288,15,16,68,318,32,20,25,317,,23,79,026,30,1*7F
$BDGSV,5,4,18,25,26,052,18,32,75,260,29,37,43,240,28,38,20,192,26,1*74
$BDGSV,5,5,18,39,71,354,33,40,11,169,,1*78
$BDGSV,2,1,05,20,25,317,24,23,79,026,30,32,75,260,31,37,43,240,33,3*7F
$BDGSV,2,2,05,39,71,354,40,3*48
$BDGLL,3904.60200,N,11721.25396,E,133815.00,A,A*70
$BDTXT,01,01,01,ANTENNA OK*24

-- Send QB4 Data OK......294


-- Build QB4 Data :2024,7,10 21-38-15   294






$BDZDA,133816.00,10,07,2024,00,00*7B
$BDRMC,133816.00,A,3904.60191,N,11721.25408,E,0.061,,100724,,,A,V*1C
$BDGGA,133816.00,3904.60191,N,11721.25408,E,1,08,3.26,20.9,M,-4.9,M,,*69
$BDGSA,A,3,06,08,16,23,32,37,38,39,,,,,6.21,3.26,5.28,4*0A
$BDGSV,5,1,18,01,36,141,,02,35,228,,03,44,191,,04,26,125,,1*78
$BDGSV,5,2,18,05,17,250,,06,68,315,29,07,13,180,19,08,30,203,25,1*72
$BDGSV,5,3,18,09,55,288,14,16,68,318,32,20,25,317,,23,79,026,30,1*7E
$BDGSV,5,4,18,25,26,052,17,32,75,260,29,37,43,240,28,38,20,192,25,1*78
$BDGSV,5,5,18,39,71,354,32,40,11,169,,1*79
$BDGSV,2,1,05,20,25,317,23,23,79,026,31,32,75,260,31,37,43,240,33,3*79
$BDGSV,2,2,05,39,71,354,39,3*46
$BDGLL,3904.60191,N,11721.25408,E,133816.00,A,A-- Send QB4 Data OK......294

*78
$BDTXT,01,01,01,ANTENNA OK*24

-- Build QB4 Data :2024,7,10 21-38-16   294


-- Send QB4 Data OK......294





$BDZDA,133817.00,10,07,2024,00,00*7A
$BDRMC,133817.00,A,3904.60181,N,11721.25424,E,0.028,,100724,,,A,V*1F
$BDGGA,133817.00,3904.60181,N,11721.25424,E,1,08,3.26,21.0,M,-4.9,M,,*6F
$BDGSA,A,3,06,08,16,23,32,37,38,39,,,,,6.20,3.26,5.27,4*04
$BDGSV,5,1,18,01,36,141,,02,35,228,,03,44,191,,04,26,125,,1*78
$BDGSV,5,2,18,05,17,250,,06,68,315,29,07,13,180,19,08,30,203,24,1*73
$BDGSV,5,3,18,09,55,288,13,16,68,318,32,20,25,317,,23,79,026,29,1*71
$BDGSV,5,4,18,25,26,052,18,32,75,260,28,37,43,240,28,38,20,192,26,1*75
$BDGSV,5,5,18,39,71,354,32,40,11,169,,1*79
$BDGSV,2,1,05,20,25,317,23,23,79,026,30,32,75,260,31,37,43,240,33,3*78
$BDGSV,2,2,05,39,71,354,41,3*49
$BDGLL,3904.60181,N,11721.25424,E,133817.00,A,A*76
$BDTXT,01,01,01,ANTENNA OK*24

-- Build QB4 Data :2024,7,10 21-38-17   294






$BDZDA,133818.00,10,07,2024,00,00*75
$BDRMC,133818.00,A,3904.60172,N,11721.25440,E,0.056,,100724,,,A,V*17
$BDGGA,133818.00,3904.60172,N,11721.25440,E,1,08,3.26,21.2,M,-4.9,M,,*6C
$BDGSA,A,3,06,08,16,23,32,37,38,39,,,,,6.20,3.26,5.27,4*04
$BDGSV,5,1,18,01,36,141,,02,35,228,,03,44,191,,04,26,125,,1*78
$BDGSV,5,2,18,05,17,250,,06,68,315,30,07,13,180,19,08,30,203,25,1*7A
$BDGSV,5,3,18,09,55,288,14,16,68,318,33,20,25,317,,23,79,026,30,1*7F
$BDGSV,5,4,18,25,26,052,19,32,75,260,29,37,43,240,28,38,20,192,26,1*75
$BDGSV,5,5,18,39,71,354,33,40,11,169,,1*78
$BDGSV,2,1,05,20,25,317,24,23,79,026,31,32,75,260,32,37,43,240,33,3*7D
$BDGSV,2,2,05,39,71,354,40,3*48
$BDGLL,3904.60172,N,11721.25440,E,133818.00,A,A*77
$BDTXT,01,01,01,ANTENNA OK*24

-- Send QB4 Data OK......294


-- Build QB4 Data :2024,7,10 21-38-18   294






$BDZDA,133819.00,10,07,2024,00,00*74
$BDRMC,133819.00,A,3904.60166,N,11721.25457,E,0.057,,100724,,,A,V*14
$BDGGA,133819.00,3904.60166,N,11721.25457,E,1,08,3.26,21.2,M,-4.9,M,,*6E
$BDGSA,A,3,06,08,16,23,32,37,38,39,,,,,6.20,3.26,5.27,4*04
$BDGSV,5,1,18,01,36,141,,02,35,228,,03,44,191,,04,26,125,,1*78
$BDGSV,5,2,18,05,17,250,,06,68,315,31,07,13,180,19,08,30,203,25,1*7B
$BDGSV,5,3,18,09,55,288,16,16,68,318,33,20,25,317,,23,79,026,30,1*7D
$BDGSV,5,4,18,25,26,052,19,32,75,260,30,37,43,240,28,38,20,192,26,1*7D
$BDGSV,5,5,18,39,71,354,33,40,11,169,,1*78
$BDGSV,2,1,05,20,25,317,24,23,79,026-- Send QB4 Data OK......294

,31,32,75,260,32,37,43,240,34,3*7A
$BDGSV,2,2,05,39,71,354,40,3*48
$BDGLL,3904.60166,N,11721.25457,E,133819.00,A,A*75
$BDTXT,01,01,01,ANTENNA OK*24

-- Build QB4 Data :2024,7,10 21-38-19   294


-- Send QB4 Data OK......294





$BDZDA,133820.00,10,07,2024,00,00*7E
$BDRMC,133820.00,A,3904.60155,N,11721.25469,E,0.021,,100724,,,A,V*12
$BDGGA,133820.00,3904.60155,N,11721.25469,E,1,08,3.26,21.5,M,-4.9,M,,*6E
$BDGSA,A,3,06,08,16,23,32,37,38,39,,,,,6.20,3.26,5.27,4*04
$BDGSV,5,1,18,01,36,141,,02,35,228,,03,44,191,,04,26,125,,1*78
$BDGSV,5,2,18,05,17,250,,06,68,315,29,07,13,180,19,08,30,203,24,1*73
$BDGSV,5,3,18,09,55,288,15,16,68,318,32,20,25,317,,23,79,026,29,1*77
$BDGSV,5,4,18,25,26,052,19,32,75,260,29,37,43,240,27,38,20,192,26,1*7A
$BDGSV,5,5,18,39,71,354,32,40,11,169,,1*79
$BDGSV,2,1,05,20,25,317,24,23,79,026,30,32,75,260,31,37,43,240,32,3*7E
$BDGSV,2,2,05,39,71,354,37,3*48
$BDGLL,3904.60155,N,11721.25469,E,133820.00,A,A*72
$BDTXT,01,01,01,ANTENNA OK*24

-- Build QB4 Data :2024,7,10 21-38-20   294






$BDZDA,133821.00,10,07,2024,00,00*7F
$BDRMC,133821.00,A,3904.60146,N,11721.25476,E,0.115,,100724,,,A,V*19
$BDGGA,133821.00,3904.60146,N,11721.25476,E,1,08,3.26,21.7,M,-4.9,M,,*61
$BDGSA,A,3,06,08,16,23,32,37,38,39,,,,,6.20,3.26,5.27,4*04
$BDGSV,5,1,18,01,36,141,,02,35,228,,03,44,191,,04,26,125,,1*78
$BDGSV,5,2,18,05,17,250,,06,68,315,30,07,13,180,18,08,30,203,24,1*7A
$BDGSV,5,3,18,09,55,288,14,16,68,318,33,20,25,317,,23,79,026,29,1*77
$BDGSV,5,4,18,25,26,052,19,32,75,260,29,37,43,240,27,38,20,192,26,1*7A
$BDGSV,5,5,18,39,71,354,33,40,11,169,,1*78
$BDGSV,2,1,05,20,25,317,24,23,79,026,31,32,75,260,32,37,43,240,33,3*7D
$BDGSV,2,2,05,39,71,354,41,3*49
$BDGLL,3904.60146,N,11721.25476,E,133821.00,A,A*7F
$BDTXT,01,01,01,ANTENNA OK*24

-- Send QB4 Data OK......294


-- Build QB4 Data :2024,7,10 21-38-21   294






$BDZDA,133822.00,10,07,2024,00,00*7C
$BDRMC,133822.00,A,3904.60145,N,11721.25487,E,0.153,,100724,,,A,V*15
$BDGGA,133822.00,3904.60145,N,11721.25487,E,1,08,3.26,21.7,M,-4.9,M,,*6F
$BDGSA,A,3,06,08,16,23,32,37,38,39,,,,,6.20,3.26,5.27,4*04
$BDGSV,5,1,18,01,36,141,,02,35,228,,03,44,191,,04,26,125,,1*78
$BDGSV,5,2,18,05,17,250,,06,68,315,30,07,13,180,19,08,30,203,25,1*7A
$BDGSV,5,3,18,09,55,288,15,16,68,318,33,20,25,317,,23,79,026,30,1*7E
$BDGSV,5,4,18,25,26,052,20,32,75-- Send QB4 Data OK......294

,260,29,37,43,240,27,38,20,192,26,1*70
$BDGSV,5,5,18,39,71,354,33,40,11,169,,1*78
$BDGSV,2,1,05,20,25,317,24,23,79,026,31,32,75,260,32,37,43,240,33,3*7D
$BDGSV,2,2,05,39,71,354,40,3*48
$BDGLL,3904.60145,N,11721.25487,E,133822.00,A,A*71
$BDTXT,01,01,01,ANTENNA OK*24

-- Build QB4 Data :2024,7,10 21-38-22   294






$BDZDA,133823.00,10,07,2024,00,00*7D
$BDRMC,133823.00,A,3904.60143,N,11721.25498,E,0.047,,100724,,,A,V*18
$BDGGA,133823.00,3904.60143,N,11721.25498,E,1,08,3.26,21.7,M,-4.9,M,,*66
$BDGSA,A,3,06,08,16,23,32,37,38,39,,,,,6.20,3.26,5.27,4*04
$BDGSV,5,1,18,01,36,141,,02,35,228,,03,44,191,,04,26,125,,1*78
$BDGSV,5,2,18,05,17,250,,06,68,315,30,07,13,180,19,08,30,203,25,1*7A
$BDGSV,5,3,18,09,55,288,15,16,68,318,33,20,25,317,,23,79,026,30,1*7E
$BDGSV,5,4,18,25,26,052,19,32,75,260,29,37,43,240,27,38,20,192,27,1*7B
$BDGSV,5,5,18,39,71,354,33,40,11,169,,1*78
$BDGSV,2,1,05,20,25,317,25,23,79,026,32,32,75,260,32,37,43,240,33,3*7F
$BDGSV,2,2,05,39,71,354,40,3*48
$BDGLL,3904.60143,N,11721.25498,E,133823.00,A,A*78
$BDTXT,01,01,01,ANTENNA OK*24

-- Send QB4 Data OK......294


-- Build QB4 Data :2024,7,10 21-38-23   294






$BDZDA,133824.00,10,07,2024,00,00*7A
$BDRMC,133824.00,A,3904.60142,N,11721.25506,E,0.068,,100724,,,A,V*15
$BDGGA,133824.00,3904.60142,N,11721.25506,E,1,08,3.26,21.6,M,-4.9,M,,*67
$BDGSA,A,3,06,08,16,23,32,37,38,39,,,,,6.20,3.26,5.27,4*04
$BDGSV,5,1,18,01,36,141,,02,35,228,,03,44,191,,04,26,125,,1*78
$BDGSV,5,2,18,05,17,250,,06,68,315,30,07,13,180,19,08,30,203,24,1*7B
$BDGSV,5,3,18,09,55,288,15,16,68,318,33,20,25,317,,23,79,026,30,1*7E
$BDGSV,5,4,18,25,26,052,19,32,75,260,29,37,43,240,27,38,20,192,26,1*7A
$BDGSV,5,5,18,39,71,354,32,40,11,169,,1*79
$BDGSV,2,1,05,20,25,317,24,23,79,026,31,32,75,260,31,37,43,240,32,3*7F
$BDGSV,2,2,05,39,71,354,39,3*46
$BDGLL,3904.60142,N,11721.25506,E,133824.00,A,A*78
$BDTXT,01,01,01,ANTENNA OK*24

-- Send QB4 Data OK......294


-- Build QB4 Data :2024,7,10 21-38-24   294






$BDZDA,133825.00,10,07,2024,00,00*7B
$BDRMC,133825.00,A,3904.60133,N,11721.25522,E,0.051,,100724,,,A,V*1E
$BDGGA,133825.00,3904.60133,N,11721.25522,E,1,08,3.26,21.9,M,-4.9,M,,*69
$BDGSA,A,3,06,08,16,23,32,37,38,39,,,,,6.19,3.26,5.26,4*0F
$BDGSV,5,1,18,01,36,141,,02,35,228,,03,44,191,,04,26,125,,1*78
$BDGSV,5,2,18,05,17,250,,06,68,315,30,07,13,180,19,08,-- Send QB4 Data OK......294

30,203,24,1*7B
$BDGSV,5,3,18,09,55,288,15,16,68,318,33,20,25,317,,23,79,026,30,1*7E
$BDGSV,5,4,18,25,26,052,19,32,75,260,30,37,43,240,27,38,20,192,26,1*72
$BDGSV,5,5,18,39,71,354,33,40,11,169,,1*78
$BDGSV,2,1,05,20,25,317,25,23,79,026,32,32,75,260,32,37,43,240,33,3*7F
$BDGSV,2,2,05,39,71,354,40,3*48
$BDGLL,3904.60133,N,11721.25522,E,133825.00,A,A*79
$BDTXT,01,01,01,ANTENNA OK*24

-- Build QB4 Data :2024,7,10 21-38-25   294






$BDZDA,133826.00,10,07,2024,00,00*78
$BDRMC,133826.00,A,3904.60131,N,11721.25535,E,0.099,,100724,,,A,V*1D
$BDGGA,133826.00,3904.60131,N,11721.25535,E,1,08,3.26,22.0,M,-4.9,M,,*64
$BDGSA,A,3,06,08,16,23,32,37,38,39,,,,,6.19,3.26,5.26,4*0F
$BDGSV,5,1,18,01,36,141,,02,35,228,,03,44,191,,04,26,125,,1*78
$BDGSV,5,2,18,05,17,250,,06,68,315,29,07,13,180,19,08,30,203,23,1*74
$BDGSV,5,3,18,09,55,288,15,16,68,318,32,20,25,317,,23,79,026,30,1*7F
$BDGSV,5,4,18,25,26,052,19,32,75,259,29,37,43,240,26,38,20,192,25,1*72
$BDGSV,5,5,18,39,71,354,32,40,11,169,,1*79
$BDGSV,2,1,05,20,25,317,24,23,79,026,30,32,75,259,31,37,43,240,31,3*77
$BDGSV,2,2,05,39,71,354,39,3*46
$BDGLL,3904.60131,N,11721.25535,E,133826.00,A,A*7E
$BDTXT,01,01,01,ANTENNA OK*24

-- Send QB4 Data OK......294


-- Build QB4 Data :2024,7,10 21-38-26   294






$BDZDA,133827.00,10,07,2024,00,00*79
$BDRMC,133827.00,A,3904.60125,N,11721.25552,E,0.168,,100724,,,A,V*17
$BDGGA,133827.00,3904.60125,N,11721.25552,E,1,08,3.26,22.1,M,-4.9,M,,*60
$BDGSA,A,3,06,08,16,23,32,37,38,39,,,,,6.19,3.26,5.26,4*0F
$BDGSV,5,1,18,01,36,141,,02,35,228,,03,44,191,,04,26,125,,1*78
$BDGSV,5,2,18,05,17,250,,06,68,315,31,07,13,180,20,08,30,203,24,1*70
$BDGSV,5,3,18,09,55,288,16,16,68,318,34,20,25,317,,23,79,026,31,1*7B
$BDGSV,5,4,18,25,26,052,20,32,75,259,30,37,43,240,27,38,20,192,27,1*73
$BDGSV,5,5,18,39,71,354,34,40,11,169,,1*7F
$BDGSV,2,1,05,20,25,317,25,23,79,026,32,32,75,259,32,37,43,240,32,3*74
$BDGSV,2,2,05,39,71,354,40,3*48
$BDGLL,3904.60125,N,11721.25552,E,133827.00,A,A*7B
$BDTXT,01,01,01,ANTENNA OK*24

-- Send QB4 Data OK......294


-- Build QB4 Data :2024,7,10 21-38-27   294






$BDZDA,133828.00,10,07,2024,00,00*76
$BDRMC,133828.00,A,3904.60117,N,11721.25575,E,0.095,,100724,,,A,V*1F
$BDGGA,133828.00,3904.60117,N,11721.25575,E,1,08,3.26,22.4,M,-4.9,M,,*6E
$BDGSA,A,3,06,08,16,23,32,37,38,39,,,,,6.19,3.26,5.26,4*0F
$-- Send QB4 Data OK......294

BDGSV,5,1,18,01,36,141,,02,35,228,,03,44,191,,04,26,125,,1*78
$BDGSV,5,2,18,05,17,250,,06,68,315,32,07,13,180,19,08,30,203,25,1*78
$BDGSV,5,3,18,09,55,288,17,16,68,318,34,20,25,317,,23,79,026,31,1*7A
$BDGSV,5,4,18,25,26,052,21,32,75,259,30,37,43,240,27,38,20,192,27,1*72
$BDGSV,5,5,18,39,71,354,34,40,11,169,,1*7F
$BDGSV,2,1,06,20,25,317,25,23,79,026,32,32,75,259,33,37,43,240,32,3*76
$BDGSV,2,2,06,38,20,192,22,39,71,354,40,3*78
$BDGLL,3904.60117,N,11721.25575,E,133828.00,A,A*70
$BDTXT,01,01,01,ANTENNA OK*24

-- Build QB4 Data :2024,7,10 21-38-28   294






$BDZDA,133829.00,10,07,2024,00,00*77
$BDRMC,133829.00,A,3904.60108,N,11721.25596,E,0.081,,100724,,,A,V*18
$BDGGA,133829.00,3904.60108,N,11721.25596,E,1,08,3.26,22.7,M,-4.9,M,,*6F
$BDGSA,A,3,06,08,16,23,32,37,38,39,,,,,6.19,3.26,5.26,4*0F
$BDGSV,5,1,18,01,36,141,,02,35,228,,03,44,191,,04,26,125,,1*78
$BDGSV,5,2,18,05,17,250,,06,68,315,31,07,13,180,19,08,30,203,24,1*7A
$BDGSV,5,3,18,09,55,288,17,16,68,318,33,20,25,317,,23,79,026,30,1*7C
$BDGSV,5,4,18,25,26,052,20,32,75,259,30,37,43,240,26,38,20,192,27,1*72
$BDGSV,5,5,18,39,71,354,33,40,11,169,,1*78
$BDGSV,2,1,06,20,25,317,25,23,79,026,32,32,75,259,32,37,43,240,32,3*77
$BDGSV,2,2,06,38,20,192,21,39,71,354,40,3*7B
$BDGLL,3904.60108,N,11721.25596,E,133829.00,A,A*72
$BDTXT,01,01,01,ANTENNA OK*24

-- Send QB4 Data OK......294


-- Build QB4 Data :2024,7,10 21-38-29   294






$BDZDA,133830.00,10,07,2024,00,00*7F
$BDRMC,133830.00,A,3904.60089,N,11721.25615,E,0.343,,100724,,,A,V*1D
$BDGGA,133830.00,3904.60089,N,11721.25615,E,1,08,3.26,23.2,M,-4.9,M,,*63
$BDGSA,A,3,06,08,16,23,32,37,38,39,,,,,6.19,3.26,5.26,4*0F
$BDGSV,5,1,18,01,36,141,,02,35,228,,03,44,191,,04,26,125,,1*78
$BDGSV,5,2,18,05,17,250,,06,68,315,25,07,13,180,17,08,30,203,23,1*76
$BDGSV,5,3,18,09,55,288,16,16,68,318,33,20,25,317,,23,79,026,29,1*75
$BDGSV,5,4,18,25,26,052,19,32,75,259,28,37,43,240,25,38,20,192,25,1*70
$BDGSV,5,5,18,39,71,354,32,40,11,169,,1*79
$BDGSV,2,1,06,20,25,317,24,23,79,026,32,32,75,259,32,37,43,240,32,3*76
$BDGSV,2,2,06,38,20,192,20,39,71,354,41,3*7B
$BDGLL,3904.60089,N,11721.25615,E,133830.00,A,A*7A
$BDTXT,01,01,01,ANTENNA OK*24

-- Send QB4 Data OK......294


-- Build QB4 Data :2024,7,10 21-38-30   294






$BDZDA,133831.00,10,07,2024,00,00*7E
$BDRMC,133831.00,A,3904.60083,N,11721.25635,E,0.179,,100724,,,A,V*1F
$BDGGA,133831.00-- Send QB4 Data OK......294

,3904.60083,N,11721.25635,E,1,08,3.26,23.3,M,-4.9,M,,*6B
$BDGSA,A,3,06,08,16,23,32,37,38,39,,,,,6.19,3.26,5.26,4*0F
$BDGSV,5,1,18,01,36,141,,02,35,228,,03,44,191,,04,26,125,,1*78
$BDGSV,5,2,18,05,17,250,,06,68,315,31,07,13,180,18,08,30,203,24,1*7B
$BDGSV,5,3,18,09,55,288,17,16,68,318,33,20,25,317,,23,79,026,30,1*7C
$BDGSV,5,4,18,25,26,052,20,32,75,259,29,37,43,240,26,38,20,192,26,1*7B
$BDGSV,5,5,18,39,71,354,33,40,11,169,,1*78
$BDGSV,2,1,06,20,25,317,25,23,79,026,32,32,75,259,33,37,43,240,31,3*75
$BDGSV,2,2,06,38,20,192,20,39,71,354,40,3*7A
$BDGLL,3904.60083,N,11721.25635,E,133831.00,A,A*73
$BDTXT,01,01,01,ANTENNA OK*24

-- Build QB4 Data :2024,7,10 21-38-31   294






$BDZDA,133832.00,10,07,2024,00,00*7D
$BDRMC,133832.00,A,3904.60092,N,11721.25647,E,0.094,,100724,,,A,V*1B
$BDGGA,133832.00,3904.60092,N,11721.25647,E,1,08,3.26,22.9,M,-4.9,M,,*66
$BDGSA,A,3,06,08,16,23,32,37,38,39,,,,,6.19,3.26,5.26,4*0F
$BDGSV,5,1,18,01,36,141,,02,35,228,,03,44,191,,04,26,125,,1*78
$BDGSV,5,2,18,05,17,250,,06,68,315,30,07,13,180,17,08,30,203,23,1*72
$BDGSV,5,3,18,09,55,288,15,16,68,318,33,20,25,317,,23,79,026,30,1*7E
$BDGSV,5,4,18,25,26,052,19,32,75,259,29,37,43,240,25,38,20,192,26,1*72
$BDGSV,5,5,18,39,71,354,33,40,11,169,,1*78
$BDGSV,2,1,06,20,25,317,25,23,79,026,32,32,75,259,33,37,43,240,31,3*75
$BDGSV,2,2,06,38,20,192,21,39,71,354,40,3*7B
$BDGLL,3904.60092,N,11721.25647,E,133832.00,A,A*75
$BDTXT,01,01,01,ANTENNA OK*24

-- Send QB4 Data OK......294


-- Build QB4 Data :2024,7,10 21-38-32   294






$BDZDA,133833.00,10,07,2024,00,00*7C
$BDRMC,133833.00,A,3904.60100,N,11721.25661,E,0.039,,100724,,,A,V*13
$BDGGA,133833.00,3904.60100,N,11721.25661,E,1,08,3.26,22.6,M,-4.9,M,,*66
$BDGSA,A,3,06,08,16,23,32,37,38,39,,,,,6.18,3.26,5.25,4*0D
$BDGSV,5,1,18,01,36,141,,02,35,228,,03,44,191,,04,26,125,,1*78
$BDGSV,5,2,18,05,17,250,,06,68,315,30,07,13,180,18,08,30,203,23,1*7D
$BDGSV,5,3,18,09,55,288,14,16,68,318,33,20,25,317,,23,79,026,30,1*7F
$BDGSV,5,4,18,25,26,052,19,32,75,259,29,37,43,240,25,38,20,192,26,1*72
$BDGSV,5,5,18,39,71,354,32,40,11,169,,1*79
$BDGSV,2,1,06,20,25,317,25,23,79,026,32,32,75,259,33,37,43,240,31,3*75
$BDGSV,2,2,06,38,20,192,21,39,71,354,40,3*7B
$BDGLL,3904.60100,N,11721.25661,E,133833.00,A,A*7A
$BDTXT,01,01,01,ANTENNA OK*24
-- Send QB4 Data OK......294


-- Build QB4 Data :2024,7,10 21-38-33   294


-- Send QB4 Data OK......294





$BDZDA,133834.00,10,07,2024,00,00*7B
$BDRMC,133834.00,A,3904.60095,N,11721.25665,E,0.162,,100724,,,A,V*12
$BDGGA,133834.00,3904.60095,N,11721.25665,E,1,08,3.26,22.7,M,-4.9,M,,*69
$BDGSA,A,3,06,08,16,23,32,37,38,39,,,,,6.18,3.26,5.25,4*0D
$BDGSV,5,1,18,01,36,141,,02,35,228,,03,44,191,,04,26,125,,1*78
$BDGSV,5,2,18,05,17,250,,06,68,315,31,07,13,180,19,08,30,203,24,1*7A
$BDGSV,5,3,18,09,55,288,16,16,68,318,33,20,25,317,,23,79,026,30,1*7D
$BDGSV,5,4,18,25,26,052,20,32,75,259,29,37,43,240,26,38,20,192,27,1*7A
$BDGSV,5,5,18,39,71,354,33,40,11,169,,1*78
$BDGSV,2,1,06,20,25,317,25,23,79,026,32,32,75,259,33,37,43,240,30,3*74
$BDGSV,2,2,06,38,20,192,21,39,71,354,40,3*7B
$BDGLL,3904.60095,N,11721.25665,E,133834.00,A,A*74
$BDTXT,01,01,01,ANTENNA OK*24

-- Build QB4 Data :2024,7,10 21-38-34   294






$BDZDA,133835.00,10,07,2024,00,00*7A
$BDRMC,133835.00,A,3904.60096,N,11721.25654,E,0.029,,100724,,,A,V*1C
$BDGGA,133835.00,3904.60096,N,11721.25654,E,1,08,3.26,22.7,M,-4.9,M,,*69
$BDGSA,A,3,06,08,16,23,32,37,38,39,,,,,6.18,3.26,5.25,4*0D
$BDGSV,5,1,18,01,36,141,,02,35,228,,03,44,191,,04,26,125,,1*78
$BDGSV,5,2,18,05,17,250,,06,68,315,30,07,13,180,19,08,30,203,23,1*7C
$BDGSV,5,3,18,09,55,288,16,16,68,318,32,20,25,317,,23,79,026,30,1*7C
$BDGSV,5,4,18,25,26,052,20,32,75,259,29,37,43,240,25,38,20,192,26,1*78
$BDGSV,5,5,18,39,71,354,32,40,11,169,,1*79
$BDGSV,2,1,06,20,25,317,25,23,79,026,32,32,75,259,32,37,43,240,29,3*7D
$BDGSV,2,2,06,38,20,192,21,39,71,354,39,3*75
$BDGLL,3904.60096,N,11721.25654,E,133835.00,A,A*74
$BDTXT,01,01,01,ANTENNA OK*24

-- Send QB4 Data OK......294


-- Build QB4 Data :2024,7,10 21-38-35   294






$BDZDA,133836.00,10,07,2024,00,00*79
$BDRMC,133836.00,A,3904.60098,N,11721.25642,E,0.091,,100724,,,A,V*15
$BDGGA,133836.00,3904.60098,N,11721.25642,E,1,08,3.26,22.7,M,-4.9,M,,*63
$BDGSA,A,3,06,08,16,23,32,37,38,39,,,,,6.18,3.26,5.25,4*0D
$BDGSV,5,1,18,01,36,141,,02,35,228,,03,44,191,,04,26,125,,1*78
$BDGSV,5,2,18,05,17,250,,06,68,315,30,07,13,180,18,08,30,203,23,1*7D
$BDGSV,5,3,18,09,55,288,16,16,68,318,33,20,25,317,,23,79,026,30,1*7D
$BDGSV,5,4,18,25,26,052,19,32,75,259,29,37,43,240,25,38,20,192,26,1*72
$BDGSV,5,5,18,39,71,354,32,40,11,169,,1*79
$BDGSV,2,1,06,20,25,317,25,23,79,026,32,32,75,259,32,37,43,240,29,3*7D
$BDGSV,2,2,06,38,20,192,21,39,71,354,40,3*7B
$BDGLL,3904.60098,N,11721.25642,E,-- Send QB4 Data OK......294

133836.00,A,A*7E
$BDTXT,01,01,01,ANTENNA OK*24

-- Build QB4 Data :2024,7,10 21-38-36   294






$BDZDA,133837.00,10,07,2024,00,00*78
$BDRMC,133837.00,A,3904.60095,N,11721.25620,E,0.059,,100724,,,A,V*19
$BDGGA,133837.00,3904.60095,N,11721.25620,E,1,08,3.26,22.8,M,-4.9,M,,*64
$BDGSA,A,3,06,08,16,23,32,37,38,39,,,,,6.18,3.26,5.25,4*0D
$BDGSV,5,1,18,01,36,141,,02,35,228,,03,44,191,,04,26,125,,1*78
$BDGSV,5,2,18,05,17,250,,06,68,315,31,07,13,180,19,08,30,203,24,1*7A
$BDGSV,5,3,18,09,55,288,16,16,68,318,33,20,25,317,,23,79,026,31,1*7C
$BDGSV,5,4,18,25,26,052,19,32,75,259,29,37,43,240,26,38,20,192,27,1*70
$BDGSV,5,5,18,39,71,354,33,40,11,169,,1*78
$BDGSV,2,1,06,20,25,317,25,23,79,026,32,32,75,259,33,37,43,240,29,3*7C
$BDGSV,2,2,06,38,20,192,22,39,71,354,40,3*78
$BDGLL,3904.60095,N,11721.25620,E,133837.00,A,A*76
$BDTXT,01,01,01,ANTENNA OK*24

-- Send QB4 Data OK......294


-- Build QB4 Data :2024,7,10 21-38-37   294






$BDZDA,133838.00,10,07,2024,00,00*77
$BDRMC,133838.00,A,3904.60101,N,11721.25614,E,0.090,,100724,,,A,V*18
$BDGGA,133838.00,3904.60101,N,11721.25614,E,1,08,3.26,22.6,M,-4.9,M,,*6E
$BDGSA,A,3,06,08,16,23,32,37,38,39,,,,,6.18,3.26,5.25,4*0D
$BDGSV,5,1,18,01,36,141,,02,35,228,,03,44,191,,04,26,125,,1*78
$BDGSV,5,2,18,05,17,250,,06,68,315,31,07,13,180,18,08,30,203,24,1*7B
$BDGSV,5,3,18,09,55,288,17,16,68,318,34,20,25,317,,23,79,026,31,1*7A
$BDGSV,5,4,18,25,26,052,19,32,75,259,29,37,43,240,25,38,20,192,27,1*73
$BDGSV,5,5,18,39,71,354,33,40,11,169,,1*78
$BDGSV,2,1,06,20,25,317,25,23,79,026,33,32,75,259,33,37,43,240,29,3*7D
$BDGSV,2,2,06,38,20,192,22,39,71,354,40,3*78
$BDGLL,3904.60101,N,11721.25614,E,133838.00,A,A*72
$BDTXT,01,01,01,ANTENNA OK*24

-- Send QB4 Data OK......294


-- Build QB4 Data :2024,7,10 21-38-38   294






$BDZDA,133839.00,10,07,2024,00,00*76
$BDRMC,133839.00,A,3904.60109,N,11721.25592,E,0.152,,100724,,,A,V*13
$BDGGA,133839.00,3904.60109,N,11721.25592,E,1,08,3.26,22.2,M,-4.9,M,,*6E
$BDGSA,A,3,06,08,16,23,32,37,38,39,,,,,6.18,3.26,5.25,4*0D
$BDGSV,5,1,18,01,36,141,,02,35,228,,03,44,191,,04,26,125,,1*78
$BDGSV,5,2,18,05,17,250,,06,68,315,30,07,13,180,18,08,30,203,23,1*7D
$BDGSV,5,3,18,09,55,288,16,16,68,318,33,20,25,317,,23,79,026,30,1*7D
$BDGSV,5,4,18,25,26,052,19,32,75,259,29,37,43,240,25,38,20,192,26,1*72
$BDGSV,5,5,18,39,71,354,32,40,11,169,,1*79
$BDGSV,2,1,06,20,25,317,25,23,79,0-- Send QB4 Data OK......294

26,28,32,75,259,28,37,43,240,28,3*7C
$BDGSV,2,2,06,38,20,192,22,39,71,354,37,3*78
$BDGLL,3904.60109,N,11721.25592,E,133839.00,A,A*76
$BDTXT,01,01,01,ANTENNA OK*24

-- Build QB4 Data :2024,7,10 21-38-39   294


-- Send QB4 Data OK......294





$BDZDA,133840.00,10,07,2024,00,00*78
$BDRMC,133840.00,A,3904.60111,N,11721.25589,E,0.144,,100724,,,A,V*19
$BDGGA,133840.00,3904.60111,N,11721.25589,E,1,08,3.26,22.1,M,-4.9,M,,*60
$BDGSA,A,3,06,08,16,23,32,37,38,39,,,,,6.18,3.26,5.25,4*0D
$BDGSV,5,1,18,01,36,141,,02,35,228,,03,44,191,,04,26,125,,1*78
$BDGSV,5,2,18,05,17,250,,06,68,315,31,07,13,180,18,08,30,203,22,1*7D
$BDGSV,5,3,18,09,55,288,16,16,68,318,35,20,25,317,,23,79,026,32,1*79
$BDGSV,5,4,18,25,26,052,18,32,75,259,29,37,43,240,25,38,20,192,26,1*73
$BDGSV,5,5,18,39,71,354,33,40,11,169,,1*78
$BDGSV,2,1,06,20,25,317,24,23,79,026,32,32,75,259,34,37,43,240,28,3*7B
$BDGSV,2,2,06,38,20,192,21,39,71,354,41,3*7A
$BDGLL,3904.60111,N,11721.25589,E,133840.00,A,A*7B
$BDTXT,01,01,01,ANTENNA OK*24

-- Build QB4 Data :2024,7,10 21-38-40   294






$BDZDA,133841.00,10,07,2024,00,00*79
$BDRMC,133841.00,A,3904.60100,N,11721.25581,E,0.012,,100724,,,A,V*12
$BDGGA,133841.00,3904.60100,N,11721.25581,E,1,08,3.26,22.3,M,-4.9,M,,*6B
$BDGSA,A,3,06,08,16,23,32,37,38,39,,,,,6.17,3.26,5.24,4*03
$BDGSV,5,1,18,01,36,141,,02,35,228,,03,44,191,,04,26,125,,1*78
$BDGSV,5,2,18,05,17,250,,06,68,315,31,07,13,180,19,08,30,203,22,1*7C
$BDGSV,5,3,18,09,55,288,17,16,68,318,34,20,25,317,,23,79,026,32,1*79
$BDGSV,5,4,18,25,26,052,20,32,75,259,30,37,43,240,25,38,20,192,27,1*71
$BDGSV,5,5,18,39,71,354,33,40,11,169,,1*78
$BDGSV,2,1,06,20,25,317,25,23,79,026,33,32,75,259,34,37,43,240,28,3*7B
$BDGSV,2,2,06,38,20,192,22,39,71,354,41,3*79
$BDGLL,3904.60100,N,11721.25581,E,133841.00,A,A*72
$BDTXT,01,01,01,ANTENNA OK*24

-- Send QB4 Data OK......294


-- Build QB4 Data :2024,7,10 21-38-41   294






$BDZDA,133842.00,10,07,2024,00,00*7A
$BDRMC,133842.00,A,3904.60104,N,11721.25579,E,0.103,,100724,,,A,V*13
$BDGGA,133842.00,3904.60104,N,11721.25579,E,1,08,3.26,22.0,M,-4.9,M,,*68
$BDGSA,A,3,06,08,16,23,32,37,38,39,,,,,6.17,3.26,5.24,4*03
$BDGSV,5,1,18,01,36,141,,02,35,228,,03,44,191,,04,26,125,,1*78
$BDGSV,5,2,18,05,17,250,,06,68,315,31,07,13,180,18,08,30,203,23,1*7C
$BDGSV,5,3,18,09,55,288,17,16,68,318,34,20,25,317,,23,79,026,32,1*79
$BDGSV,5,4,18,25,26,052,20,32,75,259,30,37,43,240,26,38,20,192,27,1*72
$BDGSV,5,5,18,39,71,354,34,40,11,169,,1*7F
$BDGSV,2,1,06,20,25,317,26,23,79,026,33,32,75,259,34,37,43,240,28,3*78
$BDGSV,2,2,06,38,20,192,23,39,71,354,41,3*78
$BDGLL,3904.60104,N,11721.25579,E,-- Send QB4 Data OK......294

133842.00,A,A*72
$BDTXT,01,01,01,ANTENNA OK*24

-- Build QB4 Data :2024,7,10 21-38-42   294


-- Send QB4 Data OK......294





$BDZDA,133843.00,10,07,2024,00,00*7B
$BDRMC,133843.00,A,3904.60097,N,11721.25574,E,0.053,,100724,,,A,V*10
$BDGGA,133843.00,3904.60097,N,11721.25574,E,1,08,3.26,22.0,M,-4.9,M,,*6F
$BDGSA,A,3,06,08,16,23,32,37,38,39,,,,,6.17,3.26,5.24,4*03
$BDGSV,5,1,18,01,36,141,,02,35,228,,03,44,191,,04,26,125,,1*78
$BDGSV,5,2,18,05,17,250,,06,68,315,30,07,13,180,18,08,30,203,22,1*7C
$BDGSV,5,3,18,09,55,288,16,16,68,318,33,20,25,317,,23,79,026,30,1*7D
$BDGSV,5,4,18,25,26,052,19,32,75,259,29,37,43,240,25,38,20,192,26,1*72
$BDGSV,5,5,18,39,71,354,32,40,11,169,,1*79
$BDGSV,2,1,06,20,25,317,25,23,79,026,32,32,75,259,32,37,43,240,27,3*73
$BDGSV,2,2,06,38,20,192,22,39,71,354,39,3*76
$BDGLL,3904.60097,N,11721.25574,E,133843.00,A,A*75
$BDTXT,01,01,01,ANTENNA OK*24

-- Build QB4 Data :2024,7,10 21-38-43   294






$BDZDA,133844.00,10,07,2024,00,00*7C
$BDRMC,133844.00,A,3904.60095,N,11721.25571,E,0.031,,100724,,,A,V*14
$BDGGA,133844.00,3904.60095,N,11721.25571,E,1,08,3.25,22.0,M,-4.9,M,,*6C
$BDGSA,A,3,06,08,16,23,32,37,38,39,,,,,6.17,3.25,5.24,4*00
$BDGSV,5,1,18,01,36,141,,02,35,228,,03,44,191,,04,26,125,,1*78
$BDGSV,5,2,18,05,17,250,,06,68,315,30,07,13,180,18,08,30,203,22,1*7C
$BDGSV,5,3,18,09,55,288,16,16,68,318,33,20,25,317,,23,79,026,31,1*7C
$BDGSV,5,4,18,25,26,052,19,32,75,259,29,37,43,240,25,38,20,192,27,1*73
$BDGSV,5,5,18,39,71,354,33,40,11,169,,1*78
$BDGSV,2,1,06,20,25,317,25,23,79,026,33,32,75,259,33,37,43,240,26,3*72
$BDGSV,2,2,06,38,20,192,23,39,71,354,40,3*79
$BDGLL,3904.60095,N,11721.25571,E,133844.00,A,A*75
$BDTXT,01,01,01,ANTENNA OK*24

-- Send QB4 Data OK......294


-- Build QB4 Data :2024,7,10 21-38-44   294






$BDZDA,133845.00,10,07,2024,00,00*7D
$BDRMC,133845.00,A,3904.60088,N,11721.25578,E,0.092,,100724,,,A,V*19
$BDGGA,133845.00,3904.60088,N,11721.25578,E,1,08,3.25,22.1,M,-4.9,M,,*69
$BDGSA,A,3,06,08,16,23,32,37,38,39,,,,,6.17,3.25,5.24,4*00
$BDGSV,5,1,18,01,36,141,,02,35,228,,03,44,191,,04,26,125,,1*78
$BDGSV,5,2,18,05,17,250,,06,68,315,29,07,13,180,17,08,30,203,21,1*78
$BDGSV,5,3,18,09,55,288,16,16,68,318,32,20,25,317,,23,79,026,30,1*7C
$BDGSV,5,4,18,25,26,052,17,32,75,259,28,37,43,240,24,38,20,192,25,1*7F
$BDGSV,5,5,18,39,71,354,31,40,11,169,,1*7A
$BDGSV,2,1,06,20,25,317,25,23,79,026,3-- Send QB4 Data OK......294

2,32,75,259,32,37,43,240,26,3*72
$BDGSV,2,2,06,38,20,192,22,39,71,354,39,3*76
$BDGLL,3904.60088,N,11721.25578,E,133845.00,A,A*71
$BDTXT,01,01,01,ANTENNA OK*24

-- Build QB4 Data :2024,7,10 21-38-45   294


-- Send QB4 Data OK......294





$BDZDA,133846.00,10,07,2024,00,00*7E
$BDRMC,133846.00,A,3904.60092,N,11721.25575,E,0.099,,100724,,,A,V*17
$BDGGA,133846.00,3904.60092,N,11721.25575,E,1,08,3.25,21.9,M,-4.9,M,,*67
$BDGSA,A,3,06,08,16,23,32,37,38,39,,,,,6.17,3.25,5.24,4*00
$BDGSV,5,1,18,01,36,141,,02,35,228,,03,44,191,,04,26,125,,1*78
$BDGSV,5,2,18,05,17,250,,06,68,315,31,07,13,180,18,08,30,203,21,1*7E
$BDGSV,5,3,18,09,55,288,17,16,68,318,33,20,25,317,,23,79,026,31,1*7D
$BDGSV,5,4,18,25,26,052,18,32,75,259,29,37,43,240,25,38,20,192,26,1*73
$BDGSV,5,5,18,39,71,354,33,40,11,169,,1*78
$BDGSV,2,1,06,20,25,317,25,23,79,026,33,32,75,259,33,37,43,240,25,3*71
$BDGSV,2,2,06,38,20,192,23,39,71,354,40,3*79
$BDGLL,3904.60092,N,11721.25575,E,133846.00,A,A*74
$BDTXT,01,01,01,ANTENNA OK*24

-- Build QB4 Data :2024,7,10 21-38-46   294






$BDZDA,133847.00,10,07,2024,00,00*7F
$BDRMC,133847.00,A,3904.60096,N,11721.25586,E,0.096,,100724,,,A,V*11
$BDGGA,133847.00,3904.60096,N,11721.25586,E,1,08,3.25,21.6,M,-4.9,M,,*61
$BDGSA,A,3,06,08,16,23,32,37,38,39,,,,,6.17,3.25,5.24,4*00
$BDGSV,5,1,18,01,36,141,,02,35,228,,03,44,191,,04,26,125,,1*78
$BDGSV,5,2,18,05,17,250,,06,68,315,31,07,13,180,18,08,30,203,22,1*7D
$BDGSV,5,3,18,09,55,288,17,16,68,318,33,20,25,317,,23,79,026,32,1*7E
$BDGSV,5,4,18,25,26,052,17,32,75,259,29,37,43,240,26,38,20,192,26,1*7F
$BDGSV,5,5,18,39,71,354,33,40,11,169,,1*78
$BDGSV,2,1,06,20,25,317,25,23,79,026,33,32,75,259,34,37,43,240,25,3*76
$BDGSV,2,2,06,38,20,192,22,39,71,354,40,3*78
$BDGLL,3904.60096,N,11721.25586,E,133847.00,A,A*7D
$BDTXT,01,01,01,ANTENNA OK*24

-- Send QB4 Data OK......294


-- Build QB4 Data :2024,7,10 21-38-47   294






$BDZDA,133848.00,10,07,2024,00,00*70
$BDRMC,133848.00,A,3904.60095,N,11721.25593,E,0.101,,100724,,,A,V*16
$BDGGA,133848.00,3904.60095,N,11721.25593,E,1,08,3.25,21.6,M,-4.9,M,,*69
$BDGSA,A,3,06,08,16,23,32,37,38,39,,,,,6.17,3.25,5.24,4*00
$BDGSV,5,1,18,01,36,141,,02,35,228,,03,44,191,,04,26,125,,1*78
$BDGSV,5,2,18,05,17,250,,06,68,315,31,07,13,180,18,08,30,203,21,1*7E
$BDGSV,5,3,18,09,55,288,17,16,68,318,33,20,25,317,,23,79,026,31,1*7D
$BDGSV,5,4,18,25,26,052,17,32,75-- Send QB4 Data OK......294

,259,29,37,43,240,26,38,20,192,26,1*7F
$BDGSV,5,5,18,39,71,354,33,40,11,169,,1*78
$BDGSV,2,1,06,20,25,317,25,23,79,026,33,32,75,259,33,37,43,240,24,3*70
$BDGSV,2,2,06,38,20,192,22,39,71,354,39,3*76
$BDGLL,3904.60095,N,11721.25593,E,133848.00,A,A*75
$BDTXT,01,01,01,ANTENNA OK*24

-- Build QB4 Data :2024,7,10 21-38-48   294






$BDZDA,133849.00,10,07,2024,00,00*71
$BDRMC,133849.00,A,3904.60095,N,11721.25601,E,0.100,,100724,,,A,V*1E
$BDGGA,133849.00,3904.60095,N,11721.25601,E,1,08,3.25,21.6,M,-4.9,M,,*60
$BDGSA,A,3,06,08,16,23,32,37,38,39,,,,,6.16,3.25,5.23,4*06
$BDGSV,5,1,18,01,36,141,,02,35,228,,03,44,191,,04,26,125,,1*78
$BDGSV,5,2,18,05,17,250,,06,68,315,26,07,13,180,17,08,30,203,20,1*76
$BDGSV,5,3,18,09,55,288,16,16,68,318,33,20,25,317,,23,79,026,31,1*7C
$BDGSV,5,4,18,25,26,052,16,32,75,259,29,37,43,240,26,38,20,192,26,1*7E
$BDGSV,5,5,18,39,71,354,33,40,11,169,,1*78
$BDGSV,2,1,06,20,25,317,25,23,79,026,33,32,75,259,33,37,43,240,23,3*77
$BDGSV,2,2,06,38,20,192,21,39,71,354,40,3*7B
$BDGLL,3904.60095,N,11721.25601,E,133849.00,A,A*7C
$BDTXT,01,01,01,ANTENNA OK*24

-- Send QB4 Data OK......294


-- Build QB4 Data :2024,7,10 21-38-49   294






$BDZDA,133850.00,10,07,2024,00,00*79
$BDRMC,133850.00,A,3904.60091,N,11721.25608,E,0.053,,100724,,,A,V*1C
$BDGGA,133850.00,3904.60091,N,11721.25608,E,1,08,3.25,21.7,M,-4.9,M,,*64
$BDGSA,A,3,06,08,16,23,32,37,38,39,,,,,6.16,3.25,5.23,4*06
$BDGSV,5,1,18,01,36,141,,02,35,228,,03,44,191,,04,26,125,,1*78
$BDGSV,5,2,18,05,17,250,,06,68,315,32,07,13,180,18,08,30,203,21,1*7D
$BDGSV,5,3,18,09,55,288,15,16,68,318,34,20,25,317,,23,79,026,32,1*7B
$BDGSV,5,4,18,25,26,052,15,32,75,259,29,37,43,240,27,38,20,192,26,1*7C
$BDGSV,5,5,18,39,71,354,33,40,11,169,,1*78
$BDGSV,2,1,06,20,25,317,25,23,79,026,34,32,75,259,34,37,43,240,23,3*77
$BDGSV,2,2,06,38,20,192,22,39,71,354,41,3*79
$BDGLL,3904.60091,N,11721.25608,E,133850.00,A,A*79
$BDTXT,01,01,01,ANTENNA OK*24

-- Send QB4 Data OK......294


-- Build QB4 Data :2024,7,10 21-38-50   294






$BDZDA,133851.00,10,07,2024,00,00*78
$BDRMC,133851.00,A,3904.60085,N,11721.25620,E,0.015,,100724,,,A,V*10
$BDGGA,133851.00,3904.60085,N,11721.25620,E,1,08,3.25,21.9,M,-4.9,M,,*64
$BDGSA,A,3,06,08,16,23,32,37,38,39,,,,,6.16,3.25,5.23,4*06
$BDGSV,5,1,18,01,36,141,,02,35,228,,03,44,191,,04,26,125,,1*78
$BDGSV,5,2,18,05,17,250,,06,68,315,31,07,13,180,18,08,-- Send QB4 Data OK......294

30,203,22,1*7D
$BDGSV,5,3,18,09,55,288,16,16,68,318,34,20,25,317,,23,79,026,32,1*78
$BDGSV,5,4,18,25,26,052,16,32,75,259,29,37,43,240,27,38,20,192,27,1*7E
$BDGSV,5,5,18,39,71,354,33,40,11,169,,1*78
$BDGSV,2,1,06,20,25,317,26,23,79,026,33,32,75,259,34,37,43,240,22,3*72
$BDGSV,2,2,06,38,20,192,23,39,71,354,40,3*79
$BDGLL,3904.60085,N,11721.25620,E,133851.00,A,A*77
$BDTXT,01,01,01,ANTENNA OK*24

-- Build QB4 Data :2024,7,10 21-38-51   294






$BDZDA,133852.00,10,07,2024,00,00*7B
$BDRMC,133852.00,A,3904.60088,N,11721.25626,E,0.051,,100724,,,A,V*18
$BDGGA,133852.00,3904.60088,N,11721.25626,E,1,08,3.25,21.8,M,-4.9,M,,*6D
$BDGSA,A,3,06,08,16,23,32,37,38,39,,,,,6.16,3.25,5.23,4*06
$BDGSV,5,1,18,01,36,141,,02,35,228,,03,44,191,,04,26,125,,1*78
$BDGSV,5,2,18,05,17,250,,06,68,315,30,07,13,180,18,08,30,203,22,1*7C
$BDGSV,5,3,18,09,55,288,16,16,68,318,33,20,25,317,,23,79,026,31,1*7C
$BDGSV,5,4,18,25,26,052,15,32,75,259,29,37,43,240,27,38,20,192,26,1*7C
$BDGSV,5,5,18,39,71,354,33,40,11,169,,1*78
$BDGSV,2,1,06,20,25,317,26,23,79,026,33,32,75,259,34,37,43,240,21,3*71
$BDGSV,2,2,06,38,20,192,23,39,71,354,40,3*79
$BDGLL,3904.60088,N,11721.25626,E,133852.00,A,A*7F
$BDTXT,01,01,01,ANTENNA OK*24

-- Send QB4 Data OK......294


-- Build QB4 Data :2024,7,10 21-38-52   294






$BDZDA,133853.00,10,07,2024,00,00*7A
$BDRMC,133853.00,A,3904.60092,N,11721.25628,E,0.021,,100724,,,A,V*1B
$BDGGA,133853.00,3904.60092,N,11721.25628,E,1,08,3.25,21.7,M,-4.9,M,,*66
$BDGSA,A,3,06,08,16,23,32,37,38,39,,,,,6.16,3.25,5.23,4*06
$BDGSV,5,1,18,01,36,141,,02,35,228,,03,44,191,,04,26,125,,1*78
$BDGSV,5,2,18,05,17,250,,06,68,315,30,07,13,180,18,08,30,203,22,1*7C
$BDGSV,5,3,18,09,55,288,16,16,68,318,33,20,25,317,,23,79,026,31,1*7C
$BDGSV,5,4,18,25,26,052,15,32,75,259,29,37,43,240,27,38,20,192,26,1*7C
$BDGSV,5,5,18,39,71,354,32,40,11,169,,1*79
$BDGSV,2,1,06,20,25,317,26,23,79,026,33,32,75,259,34,37,43,240,20,3*70
$BDGSV,2,2,06,38,20,192,23,39,71,354,41,3*78
$BDGLL,3904.60092,N,11721.25628,E,133853.00,A,A*7B
$BDTXT,01,01,01,ANTENNA OK*24

-- Send QB4 Data OK......294


-- Build QB4 Data :2024,7,10 21-38-53   294






$BDZDA,133854.00,10,07,2024,00,00*7D
$BDRMC,133854.00,A,3904.60090,N,11721.25629,E,0.083,,100724,,,A,V*17
$BDGGA,133854.00,3904.60090,N,11721.25629,E,1,08,3.25,21.8,M,-4.9,M,,*6D
$BDGSA,A,3,06,08,16,23,32,37,38,39,,,,,6.16,3.25,5.23,4*06
-- Send QB4 Data OK......294

$BDGSV,5,1,18,01,36,141,,02,35,228,,03,44,191,,04,26,125,,1*78
$BDGSV,5,2,18,05,17,250,,06,68,315,30,07,13,180,18,08,30,203,21,1*7F
$BDGSV,5,3,18,09,55,288,15,16,68,318,33,20,25,317,,23,79,026,31,1*7F
$BDGSV,5,4,18,25,26,052,15,32,75,259,28,37,43,240,27,38,20,192,26,1*7D
$BDGSV,5,5,18,39,71,354,32,40,11,169,,1*79
$BDGSV,2,1,05,20,25,317,26,23,79,026,33,32,75,259,33,38,20,192,23,3*71
$BDGSV,2,2,05,39,71,354,39,3*46
$BDGLL,3904.60090,N,11721.25629,E,133854.00,A,A*7F
$BDTXT,01,01,01,ANTENNA OK*24

-- Build QB4 Data :2024,7,10 21-38-54   294


-- Send QB4 Data OK......294






$BDZDA,133855.00,10,07,2024,00,00*7C
$BDRMC,133855.00,A,3904.60084,N,11721.25640,E,0.058,,100724,,,A,V*1A
$BDGGA,133855.00,3904.60084,N,11721.25640,E,1,08,3.25,22.0,M,-4.9,M,,*6D
$BDGSA,A,3,06,08,16,23,32,37,38,39,,,,,6.16,3.25,5.23,4*06
$BDGSV,5,1,18,01,36,141,,02,35,228,,03,44,191,,04,26,125,,1*78
$BDGSV,5,2,18,05,17,250,,06,68,315,31,07,13,180,18,08,30,203,21,1*7E
$BDGSV,5,3,18,09,55,288,15,16,68,318,33,20,25,317,,23,79,026,31,1*7F
$BDGSV,5,4,18,25,26,052,16,32,75,259,29,37,43,240,27,38,20,192,26,1*7F
$BDGSV,5,5,18,39,71,354,32,40,11,169,,1*79
$BDGSV,2,1,05,20,25,317,25,23,79,026,33,32,75,259,33,38,20,192,23,3*72
$BDGSV,2,2,05,39,71,354,40,3*48
$BDGLL,3904.60084,N,11721.25640,E,133855.00,A,A*74
$BDTXT,01,01,01,ANTENNA OK*24

-- Build QB4 Data :2024,7,10 21-38-55   294






$BDZDA,133856.00,10,07,2024,00,00*7F
$BDRMC,133856.00,A,3904.60080,N,11721.25655,E,0.034,,100724,,,A,V*13
$BDGGA,133856.00,3904.60080,N,11721.25655,E,1,08,3.25,22.1,M,-4.9,M,,*6F
$BDGSA,A,3,06,08,16,23,32,37,38,39,,,,,6.16,3.25,5.23,4*06
$BDGSV,5,1,18,01,36,141,,02,35,228,,03,44,191,,04,26,125,,1*78
$BDGSV,5,2,18,05,17,250,,06,68,315,32,07,13,180,19,08,30,203,22,1*7F
$BDGSV,5,3,18,09,55,288,16,16,68,318,34,20,25,317,,23,79,026,32,1*78
$BDGSV,5,4,18,25,26,052,18,32,75,259,30,37,43,240,29,38,20,192,27,1*76
$BDGSV,5,5,18,39,71,354,34,40,11,169,,1*7F
$BDGSV,2,1,05,20,25,317,26,23,79,026,34,32,75,259,34,38,20,192,23,3*71
$BDGSV,2,2,05,39,71,354,40,3*48
$BDGLL,3904.60080,N,11721.25655,E,133856.00,A,A*77
$BDTXT,01,01,01,ANTENNA OK*24

-- Send QB4 Data OK......294


-- Build QB4 Data :2024,7,10 21-38-56   294






$BDZDA,133857.00,10,07,2024,00,00*7E
$BDRMC,133857.00,A,3904.60073,N,11721.25664,E,0.057,,100724,,,A,V*19
$BDGGA,133857.00-- Send QB4 Data OK......294

,3904.60073,N,11721.25664,E,1,08,3.25,22.1,M,-4.9,M,,*60
$BDGSA,A,3,06,08,16,23,32,37,38,39,,,,,6.15,3.25,5.22,4*04
$BDGSV,5,1,18,01,36,141,,02,35,228,,03,44,191,,04,26,125,,1*78
$BDGSV,5,2,18,05,17,250,,06,68,315,31,07,13,180,19,08,30,203,22,1*7C
$BDGSV,5,3,18,09,55,288,16,16,68,318,34,20,25,317,,23,79,026,32,1*78
$BDGSV,5,4,18,25,26,052,17,32,75,259,30,37,43,240,29,38,20,192,27,1*79
$BDGSV,5,5,18,39,71,354,33,40,11,169,,1*78
$BDGSV,2,1,05,20,25,317,26,23,79,026,34,32,75,259,34,38,20,192,24,3*76
$BDGSV,2,2,05,39,71,354,40,3*48
$BDGLL,3904.60073,N,11721.25664,E,133857.00,A,A*78
$BDTXT,01,01,01,ANTENNA OK*24

-- Build QB4 Data :2024,7,10 21-38-57   294






$BDZDA,133858.00,10,07,2024,00,00*71
$BDRMC,133858.00,A,3904.60067,N,11721.25664,E,0.054,,100724,,,A,V*10
$BDGGA,133858.00,3904.60067,N,11721.25664,E,1,08,3.25,22.4,M,-4.9,M,,*6F
$BDGSA,A,3,06,08,16,23,32,37,38,39,,,,,6.15,3.25,5.22,4*04
$BDGSV,5,1,18,01,36,141,,02,35,228,,03,44,191,,04,26,125,,1*78
$BDGSV,5,2,18,05,17,250,,06,68,315,30,07,13,180,18,08,30,203,21,1*7F
$BDGSV,5,3,18,09,55,288,15,16,68,318,33,20,25,317,,23,79,026,31,1*7F
$BDGSV,5,4,18,25,26,052,17,32,75,259,29,37,43,240,28,38,20,192,26,1*71
$BDGSV,5,5,18,39,71,354,32,40,11,169,,1*79
$BDGSV,2,1,05,20,25,317,26,23,79,026,33,32,75,259,33,38,20,192,24,3*76
$BDGSV,2,2,05,39,71,354,40,3*48
$BDGLL,3904.60067,N,11721.25664,E,133858.00,A,A*72
$BDTXT,01,01,01,ANTENNA OK*24

-- Send QB4 Data OK......294


-- Build QB4 Data :2024,7,10 21-38-58   294






$BDZDA,133859.00,10,07,2024,00,00*70
$BDRMC,133859.00,A,3904.60062,N,11721.25667,E,0.074,,100724,,,A,V*15
$BDGGA,133859.00,3904.60062,N,11721.25667,E,1,08,3.25,22.6,M,-4.9,M,,*6A
$BDGSA,A,3,06,08,16,23,32,37,38,39,,,,,6.15,3.25,5.22,4*04
$BDGSV,5,1,18,01,36,141,,02,35,228,,03,44,191,,04,26,125,,1*78
$BDGSV,5,2,18,05,17,250,,06,68,315,31,07,13,180,18,08,30,203,21,1*7E
$BDGSV,5,3,18,09,55,288,14,16,68,319,33,20,25,317,,23,79,026,32,1*7C
$BDGSV,5,4,18,25,26,052,15,32,75,259,29,37,43,240,28,38,20,192,26,1*73
$BDGSV,5,5,18,39,71,354,33,40,11,169,,1*78
$BDGSV,2,1,05,20,25,317,25,23,79,026,33,32,75,259,34,38,20,192,23,3*75
$BDGSV,2,2,05,39,71,354,40,3*48
$BDGLL,3904.60062,N,11721.25667,E,133859.00,A,A*75
$BDTXT,01,01,01,ANTENNA OK*24
-- Send QB4 Data OK......294


-- Build QB4 Data :2024,7,10 21-38-59   294


-- Send QB4 Data OK......294





$BDZDA,133900.00,10,07,2024,00,00*7D
$BDRMC,133900.00,A,3904.60069,N,11721.25662,E,0.137,,100724,,,A,V*10
$BDGGA,133900.00,3904.60069,N,11721.25662,E,1,08,3.25,22.5,M,-4.9,M,,*6A
$BDGSA,A,3,06,08,16,23,32,37,38,39,,,,,6.15,3.25,5.22,4*04
$BDGSV,5,1,18,01,36,141,,02,35,228,,03,44,191,,04,26,125,,1*78
$BDGSV,5,2,18,05,17,250,,06,68,315,31,07,13,180,18,08,30,203,21,1*7E
$BDGSV,5,3,18,09,55,288,15,16,68,319,34,20,25,317,,23,79,026,32,1*7A
$BDGSV,5,4,18,25,26,052,16,32,75,258,29,37,43,240,29,38,20,192,27,1*71
$BDGSV,5,5,18,39,71,354,33,40,11,169,,1*78
$BDGSV,2,1,05,20,25,317,26,23,79,026,34,32,75,258,34,38,20,192,23,3*70
$BDGSV,2,2,05,39,71,354,40,3*48
$BDGLL,3904.60069,N,11721.25662,E,133900.00,A,A*76
$BDTXT,01,01,01,ANTENNA OK*24

-- Build QB4 Data :2024,7,10 21-39-0   294






$BDZDA,133901.00,10,07,2024,00,00*7C
$BDRMC,133901.00,A,3904.60069,N,11721.25667,E,0.069,,100724,,,A,V*1E
$BDGGA,133901.00,3904.60069,N,11721.25667,E,1,08,3.25,22.5,M,-4.9,M,,*6E
$BDGSA,A,3,06,08,16,23,32,37,38,39,,,,,6.15,3.25,5.22,4*04
$BDGSV,5,1,18,01,36,141,,02,35,228,,03,44,191,,04,26,125,,1*78
$BDGSV,5,2,18,05,17,250,,06,68,315,31,07,13,180,18,08,30,203,21,1*7E
$BDGSV,5,3,18,09,55,288,17,16,68,319,34,20,25,317,,23,79,026,31,1*7B
$BDGSV,5,4,18,25,26,052,16,32,75,258,29,37,43,240,29,38,20,192,27,1*71
$BDGSV,5,5,18,39,71,354,33,40,11,169,,1*78
$BDGSV,2,1,05,20,25,317,26,23,79,026,34,32,75,258,34,38,20,192,24,3*77
$BDGSV,2,2,05,39,71,354,40,3*48
$BDGLL,3904.60069,N,11721.25667,E,133901.00,A,A*72
$BDTXT,01,01,01,ANTENNA OK*24

-- Send QB4 Data OK......294


-- Build QB4 Data :2024,7,10 21-39-1   294






$BDZDA,133902.00,10,07,2024,00,00*7F
$BDRMC,133902.00,A,3904.60070,N,11721.25666,E,0.045,,100724,,,A,V*1A
$BDGGA,133902.00,3904.60070,N,11721.25666,E,1,08,3.25,22.5,M,-4.9,M,,*64
$BDGSA,A,3,06,08,16,23,32,37,38,39,,,,,6.15,3.25,5.22,4*04
$BDGSV,5,1,18,01,36,141,,02,35,228,,03,44,191,,04,26,125,,1*78
$BDGSV,5,2,18,05,17,250,,06,68,315,30,07,13,180,18,08,30,203,21,1*7F
$BDGSV,5,3,18,09,55,288,17,16,68,319,33,20,25,317,,23,79,026,31,1*7C
$BDGSV,5,4,18,25,26,052,15,32,75,258,29,37,43,240,29,38,20,192,26,1*73
$BDGSV,5,5,18,39,71,354,32,40,11,169,,1*79
$BDGSV,2,1,05,20,25,317,26,23,79,026,33,32,75,258,33,38,20,192,23,3*70
$BDGSV,2,2,05,39,71,354,40,3*48
$BDGLL,3904.60070,N,11721.25666,E,133902.00,A,A-- Send QB4 Data OK......294

*78
$BDTXT,01,01,01,ANTENNA OK*24

-- Build QB4 Data :2024,7,10 21-39-2   294






$BDZDA,133903.00,10,07,2024,00,00*7E
$BDRMC,133903.00,A,3904.60074,N,11721.25665,E,0.030,,100724,,,A,V*1E
$BDGGA,133903.00,3904.60074,N,11721.25665,E,1,08,3.25,22.3,M,-4.9,M,,*64
$BDGSA,A,3,06,08,16,23,32,37,38,39,,,,,6.15,3.25,5.22,4*04
$BDGSV,5,1,18,01,36,141,,02,35,228,,03,44,191,,04,26,125,,1*78
$BDGSV,5,2,18,05,17,250,,06,68,315,31,07,13,180,18,08,30,203,20,1*7F
$BDGSV,5,3,18,09,55,288,17,16,68,319,33,20,25,317,,23,79,026,32,1*7F
$BDGSV,5,4,18,25,26,052,16,32,75,258,29,37,43,240,29,38,20,192,26,1*70
$BDGSV,5,5,18,39,71,354,32,40,11,169,,1*79
$BDGSV,2,1,05,20,25,317,26,23,79,026,34,32,75,258,34,38,20,192,24,3*77
$BDGSV,2,2,05,39,71,354,40,3*48
$BDGLL,3904.60074,N,11721.25665,E,133903.00,A,A*7E
$BDTXT,01,01,01,ANTENNA OK*24

-- Send QB4 Data OK......294


-- Build QB4 Data :2024,7,10 21-39-3   294






$BDZDA,133904.00,10,07,2024,00,00*79
$BDRMC,133904.00,A,3904.60076,N,11721.25662,E,0.040,,100724,,,A,V*1B
$BDGGA,133904.00,3904.60076,N,11721.25662,E,1,08,3.25,22.1,M,-4.9,M,,*64
$BDGSA,A,3,06,08,16,23,32,37,38,39,,,,,6.15,3.25,5.22,4*04
$BDGSV,5,1,18,01,36,141,,02,35,228,,03,44,191,,04,26,125,,1*78
$BDGSV,5,2,18,05,17,250,,06,68,315,30,07,13,180,17,08,30,203,21,1*70
$BDGSV,5,3,18,09,55,288,16,16,68,319,33,20,25,317,,23,79,026,30,1*7C
$BDGSV,5,4,18,25,26,052,17,32,75,258,29,37,43,240,29,38,20,192,26,1*71
$BDGSV,5,5,18,39,71,354,31,40,11,169,,1*7A
$BDGSV,2,1,05,20,25,317,26,23,79,026,33,32,75,258,33,38,20,192,24,3*77
$BDGSV,2,2,05,39,71,354,39,3*46
$BDGLL,3904.60076,N,11721.25662,E,133904.00,A,A*7C
$BDTXT,01,01,01,ANTENNA OK*24

-- Send QB4 Data OK......294


-- Build QB4 Data :2024,7,10 21-39-4   294






$BDZDA,133905.00,10,07,2024,00,00*78
$BDRMC,133905.00,A,3904.60083,N,11721.25665,E,0.043,,100724,,,A,V*14
$BDGGA,133905.00,3904.60083,N,11721.25665,E,1,08,3.25,21.7,M,-4.9,M,,*6D
$BDGSA,A,3,06,08,16,23,32,37,38,39,,,,,6.14,3.25,5.21,4*06
$BDGSV,5,1,18,01,36,141,,02,35,228,,03,44,191,,04,26,125,,1*78
$BDGSV,5,2,18,05,17,250,,06,68,315,31,07,13,180,17,08,30,203,20,1*70
$BDGSV,5,3,18,09,55,288,16,16,68,319,34,20,25,317,,23,79,026,32,1*79
$BDGSV,5,4,18,25,26,052,17,32,75,258,29,37,43,240,30,38,20,192,26,1*79
$BDGSV,5,5,18,39,71,354,33,40,11,169,,1*78
$BDGSV,2,1,05,20,25,317,26,23,79,02-- Send QB4 Data OK......294

6,34,32,75,258,34,38,20,192,24,3*77
$BDGSV,2,2,05,39,71,354,41,3*49
$BDGLL,3904.60083,N,11721.25665,E,133905.00,A,A*70
$BDTXT,01,01,01,ANTENNA OK*24

-- Build QB4 Data :2024,7,10 21-39-5   294






$BDZDA,133906.00,10,07,2024,00,00*7B
$BDRMC,133906.00,A,3904.60089,N,11721.25668,E,0.033,,100724,,,A,V*17
$BDGGA,133906.00,3904.60089,N,11721.25668,E,1,08,3.25,21.5,M,-4.9,M,,*6B
$BDGSA,A,3,06,08,16,23,32,37,38,39,,,,,6.14,3.25,5.21,4*06
$BDGSV,5,1,18,01,36,141,,02,35,228,,03,44,191,,04,26,125,,1*78
$BDGSV,5,2,18,05,17,250,,06,68,315,31,07,13,180,17,08,30,203,21,1*71
$BDGSV,5,3,18,09,55,288,16,16,68,319,34,20,25,317,,23,79,026,32,1*79
$BDGSV,5,4,18,25,26,052,17,32,75,258,30,37,43,240,31,38,20,192,27,1*71
$BDGSV,5,5,18,39,71,354,33,40,11,169,,1*78
$BDGSV,2,1,05,20,25,317,26,23,79,026,34,32,75,258,34,38,20,192,24,3*77
$BDGSV,2,2,05,39,71,354,40,3*48
$BDGLL,3904.60089,N,11721.25668,E,133906.00,A,A*74
$BDTXT,01,01,01,ANTENNA OK*24

-- Send QB4 Data OK......294


-- Build QB4 Data :2024,7,10 21-39-6   294






$BDZDA,133907.00,10,07,2024,00,00*7A
$BDRMC,133907.00,A,3904.60099,N,11721.25667,E,0.017,,100724,,,A,V*1E
$BDGGA,133907.00,3904.60099,N,11721.25667,E,1,08,3.25,21.1,M,-4.9,M,,*60
$BDGSA,A,3,06,08,16,23,32,37,38,39,,,,,6.14,3.25,5.21,4*06
$BDGSV,5,1,18,01,36,141,,02,35,228,,03,44,191,,04,26,125,,1*78
$BDGSV,5,2,18,05,17,250,,06,68,315,31,07,13,180,17,08,30,203,20,1*70
$BDGSV,5,3,18,09,55,288,16,16,68,319,34,20,25,317,,23,79,026,32,1*79
$BDGSV,5,4,18,25,26,052,16,32,75,258,30,37,43,240,31,38,20,192,27,1*70
$BDGSV,5,5,18,39,71,354,33,40,11,169,,1*78
$BDGSV,2,1,05,20,25,317,26,23,79,026,34,32,75,258,34,38,20,192,25,3*76
$BDGSV,2,2,05,39,71,354,40,3*48
$BDGLL,3904.60099,N,11721.25667,E,133907.00,A,A*7B
$BDTXT,01,01,01,ANTENNA OK*24

-- Send QB4 Data OK......294


-- Build QB4 Data :2024,7,10 21-39-7   294






$BDZDA,133908.00,10,07,2024,00,00*75
$BDRMC,133908.00,A,3904.60103,N,11721.25665,E,0.143,,100724,,,A,V*11
$BDGGA,133908.00,3904.60103,N,11721.25665,E,1,08,3.25,21.1,M,-4.9,M,,*6F
$BDGSA,A,3,06,08,16,23,32,37,38,39,,,,,6.14,3.25,5.21,4*06
$BDGSV,5,1,18,01,36,141,,02,35,228,,03,44,191,,04,26,125,,1*78
$BDGSV,5,2,18,05,17,250,,06,68,315,25,07,13,180,16,08,30,203,19,1*7E
$BDGSV,5,3,18,09,55,288,15,16,68,319,33,20,25,317,,23,79,026,27,1*79
$BDGSV,5,4,18,25,26,052,14,32,75-- Send QB4 Data OK......294

,258,29,37,43,240,25,38,20,192,26,1*7E
$BDGSV,5,5,18,39,71,354,32,40,11,169,,1*79
$BDGSV,2,1,05,20,25,317,25,23,79,026,30,32,75,258,33,38,20,192,24,3*77
$BDGSV,2,2,05,39,71,354,38,3*47
$BDGLL,3904.60103,N,11721.25665,E,133908.00,A,A*74
$BDTXT,01,01,01,ANTENNA OK*24

-- Build QB4 Data :2024,7,10 21-39-8   294


-- Send QB4 Data OK......294






$BDZDA,133909.00,10,07,2024,00,00*74
$BDRMC,133909.00,A,3904.60108,N,11721.25664,E,0.053,,100724,,,A,V*1A
$BDGGA,133909.00,3904.60108,N,11721.25664,E,1,08,3.25,21.0,M,-4.9,M,,*65
$BDGSA,A,3,06,08,16,23,32,37,38,39,,,,,6.14,3.25,5.21,4*06
$BDGSV,5,1,18,01,36,141,,02,35,228,,03,44,191,,04,26,125,,1*78
$BDGSV,5,2,18,05,17,250,,06,68,315,31,07,13,180,17,08,30,203,21,1*71
$BDGSV,5,3,18,09,55,288,15,16,68,319,34,20,25,317,,23,79,026,32,1*7A
$BDGSV,5,4,18,25,26,052,15,32,75,258,30,37,43,240,31,38,20,192,26,1*72
$BDGSV,5,5,18,39,71,354,33,40,11,169,,1*78
$BDGSV,2,1,05,20,25,317,26,23,79,026,34,32,75,258,34,38,20,192,24,3*77
$BDGSV,2,2,05,39,71,354,41,3*49
$BDGLL,3904.60108,N,11721.25664,E,133909.00,A,A*7F
$BDTXT,01,01,01,ANTENNA OK*24

-- Build QB4 Data :2024,7,10 21-39-9   294






$BDZDA,133910.00,10,07,2024,00,00*7C
$BDRMC,133910.00,A,3904.60119,N,11721.25662,E,0.151,,100724,,,A,V*17
$BDGGA,133910.00,3904.60119,N,11721.25662,E,1,08,3.25,20.7,M,-4.9,M,,*6D
$BDGSA,A,3,06,08,16,23,32,37,38,39,,,,,6.14,3.25,5.21,4*06
$BDGSV,5,1,18,01,36,141,,02,35,228,,03,44,191,,04,26,125,,1*78
$BDGSV,5,2,18,05,17,250,,06,68,315,30,07,13,180,17,08,30,203,21,1*70
$BDGSV,5,3,18,09,55,288,16,16,68,319,34,20,25,317,,23,79,026,32,1*79
$BDGSV,5,4,18,25,26,052,17,32,75,258,30,37,43,240,31,38,20,192,26,1*70
$BDGSV,5,5,18,39,71,354,33,40,11,169,,1*78
$BDGSV,2,1,05,20,25,317,26,23,79,026,34,32,75,258,34,38,20,192,24,3*77
$BDGSV,2,2,05,39,71,354,40,3*48
$BDGLL,3904.60119,N,11721.25662,E,133910.00,A,A*71
$BDTXT,01,01,01,ANTENNA OK*24

-- Send QB4 Data OK......294


-- Build QB4 Data :2024,7,10 21-39-10   294






$BDZDA,133911.00,10,07,2024,00,00*7D
$BDRMC,133911.00,A,3904.60122,N,11721.25659,E,0.063,,100724,,,A,V*16
$BDGGA,133911.00,3904.60122,N,11721.25659,E,1,08,3.25,20.5,M,-4.9,M,,*6E
$BDGSA,A,3,06,08,16,23,32,37,38,39,,,,,6.14,3.25,5.21,4*06
$BDGSV,5,1,18,01,36,141,,02,35,228,,03,44,191,,04,26,125,,1*78
$BDGSV,5,2,18,05,17,250,,06,68,315,30,07,13,180,18,08,-- Send QB4 Data OK......294

30,203,20,1*7E
$BDGSV,5,3,18,09,55,288,14,16,68,319,33,20,25,317,,23,79,026,31,1*7F
$BDGSV,5,4,18,25,26,052,17,32,75,258,29,37,43,240,31,38,20,192,26,1*78
$BDGSV,5,5,18,39,71,354,32,40,11,169,,1*79
$BDGSV,2,1,05,20,25,317,26,23,79,026,34,32,75,258,34,38,20,192,25,3*76
$BDGSV,2,2,05,39,71,354,40,3*48
$BDGLL,3904.60122,N,11721.25659,E,133911.00,A,A*70
$BDTXT,01,01,01,ANTENNA OK*24

-- Build QB4 Data :2024,7,10 21-39-11   294






$BDZDA,133912.00,10,07,2024,00,00*7E
$BDRMC,133912.00,A,3904.60130,N,11721.25652,E,0.109,,100724,,,A,V*10
$BDGGA,133912.00,3904.60130,N,11721.25652,E,1,08,3.25,20.2,M,-4.9,M,,*62
$BDGSA,A,3,06,08,16,23,32,37,38,39,,,,,6.14,3.25,5.21,4*06
$BDGSV,5,1,18,01,36,141,,02,35,228,,03,44,191,,04,26,125,,1*78
$BDGSV,5,2,18,05,17,250,,06,68,315,30,07,13,180,18,08,30,203,21,1*7F
$BDGSV,5,3,18,09,55,288,15,16,68,319,33,20,25,317,,23,79,026,32,1*7D
$BDGSV,5,4,18,25,26,052,17,32,75,258,30,37,43,241,31,38,20,192,26,1*71
$BDGSV,5,5,18,39,71,354,32,40,11,169,,1*79
$BDGSV,2,1,05,20,25,317,26,23,79,026,34,32,75,258,33,38,20,192,25,3*71
$BDGSV,2,2,05,39,71,354,40,3*48
$BDGLL,3904.60130,N,11721.25652,E,133912.00,A,A*7B
$BDTXT,01,01,01,ANTENNA OK*24

-- Send QB4 Data OK......294


-- Build QB4 Data :2024,7,10 21-39-12   294






$BDZDA,133913.00,10,07,2024,00,00*7F
$BDRMC,133913.00,A,3904.60140,N,11721.25643,E,0.068,,100724,,,A,V*10
$BDGGA,133913.00,3904.60140,N,11721.25643,E,1,08,3.25,19.8,M,-4.9,M,,*64
$BDGSA,A,3,06,08,16,23,32,37,38,39,,,,,6.13,3.25,5.20,4*00
$BDGSV,5,1,18,01,36,141,,02,35,228,,03,44,191,,04,26,125,,1*78
$BDGSV,5,2,18,05,17,250,,06,68,315,31,07,13,180,19,08,30,203,21,1*7F
$BDGSV,5,3,18,09,55,288,16,16,68,319,33,20,25,317,,23,79,026,32,1*7E
$BDGSV,5,4,18,25,26,052,17,32,75,258,30,37,43,241,31,38,20,192,27,1*70
$BDGSV,5,5,18,39,71,354,33,40,11,169,,1*78
$BDGSV,2,1,06,20,25,317,26,23,79,026,34,32,75,258,33,37,43,241,22,3*72
$BDGSV,2,2,06,38,20,192,24,39,71,354,40,3*7E
$BDGLL,3904.60140,N,11721.25643,E,133913.00,A,A*7D
$BDTXT,01,01,01,ANTENNA OK*24

-- Send QB4 Data OK......294


-- Build QB4 Data :2024,7,10 21-39-13   294






$BDZDA,133914.00,10,07,2024,00,00*78
$BDRMC,133914.00,A,3904.60151,N,11721.25637,E,0.149,,100724,,,A,V*16
$BDGGA,133914.00,3904.60151,N,11721.25637,E,1,08,3.24,19.3,M,-4.9,M,,*6A
$BDGSA,A,3,06,08,16,23,32,37,38,39,,,,,6.13,3.24,5.20,4*01
-- Send QB4 Data OK......294

$BDGSV,5,1,18,01,36,141,,02,35,228,,03,44,191,,04,26,125,,1*78
$BDGSV,5,2,18,05,17,250,,06,68,315,30,07,13,180,17,08,30,203,20,1*71
$BDGSV,5,3,18,09,55,288,14,16,68,319,32,20,25,317,,23,79,026,31,1*7E
$BDGSV,5,4,18,25,26,052,15,32,75,258,29,37,43,241,30,38,20,192,26,1*7A
$BDGSV,5,5,18,39,71,354,31,40,11,169,,1*7A
$BDGSV,2,1,06,20,25,317,26,23,79,026,34,32,75,258,33,37,43,241,24,3*74
$BDGSV,2,2,06,38,20,192,25,39,71,354,40,3*7F
$BDGLL,3904.60151,N,11721.25637,E,133914.00,A,A*79
$BDTXT,01,01,01,ANTENNA OK*24

-- Build QB4 Data :2024,7,10 21-39-14   294






$BDZDA,133915.00,10,07,2024,00,00*79
$BDRMC,133915.00,A,3904.60158,N,11721.25636,E,0.058,,100724,,,A,V*1E
$BDGGA,133915.00,3904.60158,N,11721.25636,E,1,08,3.24,19.0,M,-4.9,M,,*60
$BDGSA,A,3,06,08,16,23,32,37,38,39,,,,,6.13,3.24,5.20,4*01
$BDGSV,5,1,18,01,36,141,,02,35,228,,03,44,191,,04,26,125,,1*78
$BDGSV,5,2,18,05,17,250,,06,68,315,31,07,13,180,17,08,30,203,21,1*71
$BDGSV,5,3,18,09,55,288,15,16,68,319,35,20,25,317,,23,79,026,32,1*7B
$BDGSV,5,4,18,25,26,052,16,32,75,258,31,37,43,241,32,38,20,192,27,1*73
$BDGSV,5,5,18,39,71,354,33,40,11,169,,1*78
$BDGSV,2,1,06,20,25,317,27,23,79,026,35,32,75,258,34,37,43,241,26,3*71
$BDGSV,2,2,06,38,20,192,25,39,71,354,41,3*7E
$BDGLL,3904.60158,N,11721.25636,E,133915.00,A,A*70
$BDTXT,01,01,01,ANTENNA OK*24

-- Send QB4 Data OK......294


-- Build QB4 Data :2024,7,10 21-39-15   294






$BDZDA,133916.00,10,07,2024,00,00*7A
$BDRMC,133916.00,A,3904.60168,N,11721.25632,E,0.295,,100724,,,A,V*19
$BDGGA,133916.00,3904.60168,N,11721.25632,E,1,08,3.24,18.6,M,-4.9,M,,*63
$BDGSA,A,3,06,08,16,23,32,37,38,39,,,,,6.13,3.24,5.20,4*01
$BDGSV,5,1,18,01,36,141,,02,35,228,,03,44,191,,04,26,125,,1*78
$BDGSV,5,2,18,05,17,250,,06,68,315,31,07,13,180,19,08,30,203,20,1*7E
$BDGSV,5,3,18,09,55,288,16,16,68,319,34,20,25,317,,23,79,026,32,1*79
$BDGSV,5,4,18,25,26,052,17,32,75,258,31,37,43,241,32,38,20,192,27,1*72
$BDGSV,5,5,18,39,71,354,33,40,11,169,,1*78
$BDGSV,2,1,06,20,25,317,27,23,79,026,34,32,75,258,34,37,43,241,26,3*70
$BDGSV,2,2,06,38,20,192,25,39,71,354,40,3*7F
$BDGLL,3904.60168,N,11721.25632,E,133916.00,A,A*74
$BDTXT,01,01,01,ANTENNA OK*24

-- Send QB4 Data OK......294


-- Build QB4 Data :2024,7,10 21-39-16   294






$BDZDA,133917.00,10,07,2024,00,00*7B
$BDRMC,133917.00,A,3904.60170,N,11721.25626,E,0.169,,100724,,,A,V*14
$BDGGA,133917.00,3904.60170,N,11721.25626,E,1,08,3.24,18.5,M,-4.9,M,,*6D
$BDGSA,A,3,06,08,16,23,32,37,38,39,,,,,6.13,3.24,5.20,4*01
$BDGSV,5,1,18,01,36,141,,02,35,228,,03,44,191,,04,26,125,,1*78
$BDGSV,5,2,18,05,17,250,,06,68,315,30,07,13,180,18,08,30,203,20,1*7E
$BDGSV,5,3,18,09,55,288,16,16,68,319,33,20,25,317,,23,79,026,31,1*7D
$BDGSV,5,4,18,25,26,052,18,32,75,258,30,37,43,241,31,38,20,192,26,1*7E
$BDGSV,5,5,18,39,71,354,32,40,11,169,,1*79
$BDGSV,2,1,06,20,25,317,26,23,79,026,33,32,75,258,32,37,43,241,26,3*70
$BDGSV,2,2,06,38,20,192,25,39,71,354,39,3*71
$BDGLL,3904.60170,N,11721.25626,E,133917.00,A,A*79
$BDTXT,01,01,01,ANTENNA OK*24

-- Send QB4 Data OK......294


-- Build QB4 Data :2024,7,10 21-39-17   294


-- Send QB4 Data OK......294






$BDZDA,133918.00,10,07,2024,00,00*74
$BDRMC,133918.00,A,3904.60168,N,11721.25627,E,0.161,,100724,,,A,V*1B
$BDGGA,133918.00,3904.60168,N,11721.25627,E,1,08,3.24,18.5,M,-4.9,M,,*6A
$BDGSA,A,3,06,08,16,23,32,37,38,39,,,,,6.13,3.24,5.20,4*01
$BDGSV,5,1,18,01,36,141,,02,35,228,,03,44,191,,04,26,125,,1*78
$BDGSV,5,2,18,05,17,250,,06,68,315,25,07,13,180,15,08,30,203,19,1*7D
$BDGSV,5,3,18,09,55,288,14,16,68,319,30,20,25,317,,23,79,026,27,1*7B
$BDGSV,5,4,18,25,26,052,16,32,75,258,24,37,43,241,27,38,20,192,25,1*71
$BDGSV,5,5,18,39,71,354,28,40,11,169,,1*72
$BDGSV,2,1,06,20,25,317,25,23,79,026,33,32,75,258,33,37,43,241,26,3*72
$BDGSV,2,2,06,38,20,192,24,39,71,354,40,3*7E
$BDGLL,3904.60168,N,11721.25627,E,133918.00,A,A*7E
$BDTXT,01,01,01,ANTENNA OK*24

-- Build QB4 Data :2024,7,10 21-39-18   294






$BDZDA,133919.00,10,07,2024,00,00*75
$BDRMC,133919.00,A,3904.60173,N,11721.25628,E,0.024,,100724,,,A,V*1F
$BDGGA,133919.00,3904.60173,N,11721.25628,E,1,08,3.24,18.4,M,-4.9,M,,*6F
$BDGSA,A,3,06,08,16,23,32,37,38,39,,,,,6.13,3.24,5.20,4*01
$BDGSV,5,1,18,01,36,141,,02,35,228,,03,44,191,,04,26,125,,1*78
$BDGSV,5,2,18,05,17,250,,06,68,315,29,07,13,180,20,08,30,203,19,1*77
$BDGSV,5,3,18,09,55,288,14,16,68,319,34,20,25,317,,23,79,026,33,1*7A
$BDGSV,5,4,18,25,26,052,16,32,75,258,27,37,43,241,32,38,20,192,26,1*75
$BDGSV,5,5,18,39,71,354,32,40,11,169,,1*79
$BDGSV,2,1,06,20,25,317,26,23,79,026,35,32,75,258,34,37,43,241,27,3*71
$BDGSV,2,2,06,38,20,192,25,39,71,354,41,3*7E
$BDGLL,3904.60173,N,11721.25628,E,133919.00,A,A*7A
$BDTXT,01,01,01,ANTENNA OK*24
-- Send QB4 Data OK......294


-- Build QB4 Data :2024,7,10 21-39-19   294


-- Send QB4 Data OK......294





$BDZDA,133920.00,10,07,2024,00,00*7F
$BDRMC,133920.00,A,3904.60172,N,11721.25631,E,0.070,,100724,,,A,V*1D
$BDGGA,133920.00,3904.60172,N,11721.25631,E,1,08,3.24,18.3,M,-4.9,M,,*6B
$BDGSA,A,3,06,08,16,23,32,37,38,39,,,,,6.13,3.24,5.20,4*01
$BDGSV,5,1,18,01,36,141,,02,35,228,,03,44,191,,04,26,125,,1*78
$BDGSV,5,2,18,05,17,250,,06,68,315,30,07,13,180,19,08,30,203,20,1*7F
$BDGSV,5,3,18,09,55,288,16,16,68,319,34,20,25,317,,23,79,026,32,1*79
$BDGSV,5,4,18,25,26,052,15,32,75,258,29,37,43,241,32,38,20,192,26,1*78
$BDGSV,5,5,18,39,71,354,32,40,11,169,,1*79
$BDGSV,2,1,06,20,25,317,26,23,79,026,35,32,75,258,33,37,43,241,28,3*79
$BDGSV,2,2,06,38,20,192,26,39,71,354,41,3*7D
$BDGLL,3904.60172,N,11721.25631,E,133920.00,A,A*79
$BDTXT,01,01,01,ANTENNA OK*24

-- Build QB4 Data :2024,7,10 21-39-20   294






$BDZDA,133921.00,10,07,2024,00,00*7E
$BDRMC,133921.00,A,3904.60175,N,11721.25635,E,0.078,,100724,,,A,V*17
$BDGGA,133921.00,3904.60175,N,11721.25635,E,1,08,3.24,18.2,M,-4.9,M,,*68
$BDGSA,A,3,06,08,16,23,32,37,38,39,,,,,6.12,3.24,5.19,4*0A
$BDGSV,5,1,18,01,36,141,,02,35,228,,03,44,191,,04,26,125,,1*78
$BDGSV,5,2,18,05,17,250,,06,68,315,31,07,13,180,20,08,30,203,20,1*74
$BDGSV,5,3,18,09,55,288,17,16,68,319,33,20,25,317,,23,79,026,32,1*7F
$BDGSV,5,4,18,25,26,052,17,32,75,258,30,37,43,241,32,38,20,192,27,1*73
$BDGSV,5,5,18,39,71,354,32,40,11,169,,1*79
$BDGSV,2,1,06,20,25,317,26,23,79,026,34,32,75,258,33,37,43,241,28,3*78
$BDGSV,2,2,06,38,20,192,26,39,71,354,40,3*7C
$BDGLL,3904.60175,N,11721.25635,E,133921.00,A,A*7B
$BDTXT,01,01,01,ANTENNA OK*24

-- Send QB4 Data OK......294


-- Build QB4 Data :2024,7,10 21-39-21   294






$BDZDA,133922.00,10,07,2024,00,00*7D
$BDRMC,133922.00,A,3904.60177,N,11721.25636,E,0.010,,100724,,,A,V*1B
$BDGGA,133922.00,3904.60177,N,11721.25636,E,1,08,3.24,18.1,M,-4.9,M,,*69
$BDGSA,A,3,06,08,16,23,32,37,38,39,,,,,6.12,3.24,5.19,4*0A
$BDGSV,5,1,18,01,36,141,,02,35,228,,03,44,191,,04,26,125,,1*78
$BDGSV,5,2,18,05,17,250,,06,68,315,31,07,13,180,18,08,30,203,20,1*7F
$BDGSV,5,3,18,09,55,288,18,16,68,319,33,20,25,317,,23,79,026,32,1*70
$BDGSV,5,4,18,25,26,052,18,32,75,258,30,37,43,241,32,38,20,192,26,1*7D
$BDGSV,5,5,18,39,71,354,32,40,11,169,,1*79
$BDGSV,2,1,06,20,25,317,26,23,79,026,34,32,75,258,33,37,43,241,29,3*79
$BDGSV,2,2,06,38,20,192,25,39,71,354,40,3*7F
$BDGLL,3904.60177,N,11721.25636,E,-- Send QB4 Data OK......294

133922.00,A,A*79
$BDTXT,01,01,01,ANTENNA OK*24

-- Build QB4 Data :2024,7,10 21-39-22   294


-- Send QB4 Data OK......294





$BDZDA,133923.00,10,07,2024,00,00*7C
$BDRMC,133923.00,A,3904.60175,N,11721.25632,E,0.029,,100724,,,A,V*16
$BDGGA,133923.00,3904.60175,N,11721.25632,E,1,08,3.24,18.3,M,-4.9,M,,*6C
$BDGSA,A,3,06,08,16,23,32,37,38,39,,,,,6.12,3.24,5.19,4*0A
$BDGSV,5,1,18,01,36,141,,02,35,228,,03,44,191,,04,26,125,,1*78
$BDGSV,5,2,18,05,17,250,,06,68,315,30,07,13,180,18,08,30,203,20,1*7E
$BDGSV,5,3,18,09,55,288,18,16,68,319,33,20,25,317,,23,79,026,31,1*73
$BDGSV,5,4,18,25,26,052,18,32,75,258,30,37,43,241,32,38,20,192,26,1*7D
$BDGSV,5,5,18,39,71,354,32,40,11,169,,1*79
$BDGSV,2,1,06,20,25,317,25,23,79,026,34,32,75,258,33,37,43,241,29,3*7A
$BDGSV,2,2,06,38,20,192,25,39,71,354,39,3*71
$BDGLL,3904.60175,N,11721.25632,E,133923.00,A,A*7E
$BDTXT,01,01,01,ANTENNA OK*24

-- Build QB4 Data :2024,7,10 21-39-23   294






$BDZDA,133924.00,10,07,2024,00,00*7B
$BDRMC,133924.00,A,3904.60184,N,11721.25638,E,0.057,,100724,,,A,V*1C
$BDGGA,133924.00,3904.60184,N,11721.25638,E,1,08,3.24,17.9,M,-4.9,M,,*6A
$BDGSA,A,3,06,08,16,23,32,37,38,39,,,,,6.12,3.24,5.19,4*0A
$BDGSV,5,1,18,01,36,141,,02,35,228,,03,44,191,,04,26,125,,1*78
$BDGSV,5,2,18,05,17,250,,06,68,315,31,07,13,180,18,08,30,203,20,1*7F
$BDGSV,5,3,18,09,55,288,17,16,68,319,34,20,25,317,,23,79,026,32,1*78
$BDGSV,5,4,18,25,26,052,17,32,75,258,30,37,43,241,32,38,20,192,26,1*72
$BDGSV,5,5,18,39,71,354,33,40,11,169,,1*78
$BDGSV,2,1,06,20,25,317,26,23,79,026,34,32,75,258,33,37,43,241,29,3*79
$BDGSV,2,2,06,38,20,192,25,39,71,354,41,3*7E
$BDGLL,3904.60184,N,11721.25638,E,133924.00,A,A*7D
$BDTXT,01,01,01,ANTENNA OK*24

-- Send QB4 Data OK......294


-- Build QB4 Data :2024,7,10 21-39-24   294






$BDZDA,133925.00,10,07,2024,00,00*7A
$BDRMC,133925.00,A,3904.60185,N,11721.25639,E,0.025,,100724,,,A,V*18
$BDGGA,133925.00,3904.60185,N,11721.25639,E,1,08,3.24,17.8,M,-4.9,M,,*6A
$BDGSA,A,3,06,08,16,23,32,37,38,39,,,,,6.12,3.24,5.19,4*0A
$BDGSV,5,1,18,01,36,141,,02,35,228,,03,44,191,,04,26,125,,1*78
$BDGSV,5,2,18,05,17,250,,06,68,315,31,07,13,180,18,08,30,203,20,1*7F
$BDGSV,5,3,18,09,55,288,18,16,68,319,34,20,25,317,,23,79,026,32,1*77
$BDGSV,5,4,18,25,26,052,18,32,75,258,31,37,43,241,33,38,20,192,26,1*7D
$BDGSV,5,5,18,39,71,354,33,40,11,169,,1*78
$BDGSV,2,1,06,20,25,317,26,23,79,026-- Send QB4 Data OK......294

,34,32,75,258,33,37,43,241,29,3*79
$BDGSV,2,2,06,38,20,192,26,39,71,354,40,3*7C
$BDGLL,3904.60185,N,11721.25639,E,133925.00,A,A*7C
$BDTXT,01,01,01,ANTENNA OK*24





$BDZDA,133926.00,10,07,2024,00,00*79
$BDRMC,133926.00,A,3904.60194,N,11721.25639,E,0.041,,100724,,,A,V*19
$BDGGA,133926.00,3904.60194,N,11721.25639,E,1,08,3.24,17.6,M,-4.9,M,,*67
$BDGSA,A,3,06,08,16,23,32,37,38,39,,,,,6.12,3.24,5.19,4*0A
$BDGSV,5,1,18,01,36,141,,02,35,228,,03,44,191,,04,26,125,,1*78
$BDGSV,5,2,18,05,17,250,,06,68,315,30,07,13,180,18,08,30,203,20,1*7E
$BDGSV,5,3,18,09,55,288,18,16,68,319,33,20,25,317,,23,78,026,32,1*71
$BDGSV,5,4,18,25,26,052,17,32,75,258,30,37,43,241,32,38,20,192,26,1*72
$BDGSV,5,5,18,39,71,354,32,40,11,169,,1*79
$BDGSV,2,1,06,20,25,317,26,23,78,026,34,32,75,258,33,37,43,241,29,3*78
$BDGSV,2,2,06,38,20,192,26,39,71,354,39,3*72
$BDGLL,3904.60194,N,11721.25639,E,133926.00,A,A*7F
$BDTXT,01,01,01,ANTENNA OK*24





$BDZDA,133927.00,10,07,2024,00,00*78
$BDRMC,133927.00,A,3904.60161,N,11721.25607,E,0.184,,100724,,,A,V*17
$BDGGA,133927.00,3904.60161,N,11721.25607,E,1,08,3.24,18.7,M,-4.9,M,,*6F
$BDGSA,A,3,06,08,16,23,32,37,38,39,,,,,6.12,3.24,5.19,4*0A
$BDGSV,5,1,18,01,36,141,,02,35,228,,03,44,191,,04,26,125,,1*78
$BDGSV,5,2,18,05,17,250,,06,68,315,30,07,13,180,16,08,30,203,19,1*7A
$BDGSV,5,3,18,09,55,288,17,16,68,319,33,20,25,317,,23,78,026,27,1*7A
$BDGSV,5,4,18,25,26,052,18,32,75,258,,37,43,241,27,38,20,192,25,1*79
$BDGSV,5,5,18,39,71,354,27,40,11,169,,1*7D
$BDGSV,2,1,06,20,25,317,25,23,78,026,31,32,75,258,32,37,43,241,29,3*7F
$BDGSV,2,2,06,38,20,192,25,39,71,354,39,3*71
$BDGLL,3904.60161,N,11721.25607,E,133927.00,A,A*79
$BDTXT,01,01,01,ANTENNA OK*24

-- CRY_SIGN is error...






$BDZDA,133928.00,10,07,2024,00,00*77
$BDRMC,133928.00,A,3904.60160,N,11721.25609,E,0.053,,100724,,,A,V*1C
$BDGGA,133928.00,3904.60160,N,11721.25609,E,1,08,3.24,18.8,M,-4.9,M,,*60
$BDGSA,A,3,06,08,16,23,32,37,38,39,,,,,6.12,3.24,5.19,4*0A
$BDGSV,5,1,18,01,36,141,,02,35,228,,03,44,191,,04,26,125,,1*78
$BDGSV,5,2,18,05,17,250,,06,68,315,30,07,13,180,17,08,30,203,20,1*71
$BDGSV,5,3,18,09,55,288,17,16,68,319,34,20,25,317,,23,78,026,32,1*79
$BDGSV,5,4,18,25,26,052,18,32,75,258,31,37,43,241,33,38,20,192,26,1*7D
$BDGSV,5,5,18,39,71,354,33,40,11,169,,1*78
$BDGSV,2,1,06,20,25,317,26,23,78,026,35,32,75,258,33,37,43,241,30,3*71
$BDGSV,2,2,06,38,20,192,25,39,71,354,40,3*7F
$BDGLL,3904.60160,N,11721.25609,E,1-- Build QB4 Data :2024,7,10 21-39-27   294

33928.00,A,A*79
$BDTXT,01,01,01,ANTENNA OK*24

-- Send QB4 Data OK......294


-- Build QB4 Data :2024,7,10 21-39-28   294






$BDZDA,133929.00,10,07,2024,00,00*76
$BDRMC,133929.00,A,3904.60157,N,11721.25610,E,0.036,,100724,,,A,V*12
$BDGGA,133929.00,3904.60157,N,11721.25610,E,1,08,3.24,18.9,M,-4.9,M,,*6C
$BDGSA,A,3,06,08,16,23,32,37,38,39,,,,,6.12,3.24,5.18,4*0B
$BDGSV,5,1,18,01,36,141,,02,35,228,,03,44,191,,04,26,125,,1*78
$BDGSV,5,2,18,05,17,250,,06,68,315,30,07,13,180,17,08,-- Send QB4 Data OK......294

30,203,20,1*71
$BDGSV,5,3,18,09,55,288,17,16,68,319,33,20,25,316,,23,78,026,32,1*7F
$BDGSV,5,4,18,25,26,052,17,32,75,258,30,37,43,241,32,38,20,192,26,1*72
$BDGSV,5,5,18,39,71,354,33,40,11,169,,1*78
$BDGSV,2,1,06,20,25,316,26,23,78,026,34,32,75,258,33,37,43,241,31,3*70
$BDGSV,2,2,06,38,20,192,25,39,71,354,39,3*71
$BDGLL,3904.60157,N,11721.25610,E,133929.00,A,A*74
$BDTXT,01,01,01,ANTENNA OK*24

-- Build QB4 Data :2024,7,10 21-39-29   294






$BDZDA,133930.00,10,07,2024,00,00*7E
$BDRMC,133930.00,A,3904.60158,N,11721.25608,E,0.029,,100724,,,A,V*12
$BDGGA,133930.00,3904.60158,N,11721.25608,E,1,08,3.24,18.9,M,-4.9,M,,*62
$BDGSA,A,3,06,08,16,23,32,37,38,39,,,,,6.11,3.24,5.18,4*08
$BDGSV,5,1,18,01,36,141,,02,35,228,,03,44,191,,04,26,125,,1*78
$BDGSV,5,2,18,05,17,250,,06,68,315,31,07,13,180,17,08,30,203,20,1*70
$BDGSV,5,3,18,09,55,288,17,16,68,319,34,20,25,316,,23,78,026,32,1*78
$BDGSV,5,4,18,25,26,052,19,32,75,258,31,37,43,241,33,38,20,192,27,1*7D
$BDGSV,5,5,18,39,71,354,33,40,11,169,,1*78
$BDGSV,2,1,06,20,25,316,26,23,78,026,35,32,75,258,33,37,43,241,31,3*71
$BDGSV,2,2,06,38,20,192,26,39,71,354,40,3*7C
$BDGLL,3904.60158,N,11721.25608,E,133930.00,A,A*7A
$BDTXT,01,01,01,ANTENNA OK*24

-- Send QB4 Data OK......294


-- Build QB4 Data :2024,7,10 21-39-30   294






$BDZDA,133931.00,10,07,2024,00,00*7F
$BDRMC,133931.00,A,3904.60160,N,11721.25603,E,0.037,,100724,,,A,V*1C
$BDGGA,133931.00,3904.60160,N,11721.25603,E,1,08,3.24,18.9,M,-4.9,M,,*63
$BDGSA,A,3,06,08,16,23,32,37,38,39,,,,,6.11,3.24,5.18,4*08
$BDGSV,5,1,18,01,36,141,,02,35,228,,03,44,191,,04,26,125,,1*78
$BDGSV,5,2,18,05,17,250,,06,68,315,30,07,13,180,16,08,30,203,19,1*7A
$BDGSV,5,3,18,09,55,288,16,16,68,319,33,20,25,316,,23,78,026,31,1*7D
$BDGSV,5,4,18,25,26,052,19,32,75,258,29,37,43,241,32,38,20,192,26,1*74
$BDGSV,5,5,18,39,71,354,32,40,11,169,,1*79
$BDGSV,2,1,06,20,25,316,26,23,78,026,34,32,75,258,32,37,43,241,31,3*71
$BDGSV,2,2,06,38,20,192,25,39,71,354,40,3*7F
$BDGLL,3904.60160,N,11721.25603,E,133931.00,A,A*7B
$BDTXT,01,01,01,ANTENNA OK*24

-- Send QB4 Data OK......294


-- Build QB4 Data :2024,7,10 21-39-31   294






$BDZDA,133932.00,10,07,2024,00,00*7C
$BDRMC,133932.00,A,3904.60165,N,11721.25599,E,0.153,,100724,,,A,V*19
$BDGGA,133932.00,3904.60165,N,11721.25599,E,1,08,3.24,18.9,M,-4.9,M,,*65
$BDGSA,A,3,06,08,16,23,32,37,38,39,,,,,6.11,3.24,5.18,4*08
$-- Send QB4 Data OK......294

BDGSV,5,1,18,01,36,141,,02,35,228,,03,44,191,,04,26,125,,1*78
$BDGSV,5,2,18,05,17,250,,06,68,315,30,07,13,180,17,08,30,203,19,1*7B
$BDGSV,5,3,18,09,55,288,16,16,68,319,33,20,25,316,,23,78,026,31,1*7D
$BDGSV,5,4,18,25,26,052,19,32,75,258,30,37,43,241,32,38,20,192,25,1*7F
$BDGSV,5,5,18,39,71,354,32,40,11,169,,1*79
$BDGSV,2,1,06,20,25,316,26,23,78,026,35,32,75,258,32,37,43,241,31,3*70
$BDGSV,2,2,06,38,20,192,26,39,71,354,39,3*72
$BDGLL,3904.60165,N,11721.25599,E,133932.00,A,A*7D
$BDTXT,01,01,01,ANTENNA OK*24

-- Build QB4 Data :2024,7,10 21-39-32   294


-- Send QB4 Data OK......294






$BDZDA,133933.00,10,07,2024,00,00*7D
$BDRMC,133933.00,A,3904.60164,N,11721.25600,E,0.074,,100724,,,A,V*1E
$BDGGA,133933.00,3904.60164,N,11721.25600,E,1,08,3.24,19.0,M,-4.9,M,,*6E
$BDGSA,A,3,06,08,16,23,32,37,38,39,,,,,6.11,3.24,5.18,4*08
$BDGSV,5,1,19,01,36,141,,02,35,228,,03,44,191,,04,26,125,,1*79
$BDGSV,5,2,19,05,17,250,,06,68,315,29,07,13,180,17,08,30,203,19,1*72
$BDGSV,5,3,19,09,55,288,16,16,68,319,32,20,25,316,,23,78,026,31,1*7D
$BDGSV,5,4,19,25,26,052,18,32,75,258,29,37,43,241,31,38,20,192,25,1*74
$BDGSV,5,5,19,39,71,354,31,40,11,169,,41,37,157,,1*49
$BDGSV,2,1,06,20,25,316,26,23,78,026,34,32,75,258,32,37,43,241,31,3*71
$BDGSV,2,2,06,38,20,192,25,39,71,354,39,3*71
$BDGLL,3904.60164,N,11721.25600,E,133933.00,A,A*7E
$BDTXT,01,01,01,ANTENNA OK*24

-- Build QB4 Data :2024,7,10 21-39-33   294






$BDZDA,133934.00,10,07,2024,00,00*7A
$BDRMC,133934.00,A,3904.60164,N,11721.25603,E,0.064,,100724,,,A,V*1B
$BDGGA,133934.00,3904.60164,N,11721.25603,E,1,08,3.24,19.0,M,-4.9,M,,*6A
$BDGSA,A,3,06,08,16,23,32,37,38,39,,,,,6.11,3.24,5.18,4*08
$BDGSV,5,1,19,01,36,141,,02,35,228,,03,44,191,,04,26,125,,1*79
$BDGSV,5,2,19,05,17,250,,06,68,315,30,07,13,180,18,08,30,203,20,1*7F
$BDGSV,5,3,19,09,55,288,17,16,68,319,33,20,25,316,,23,78,026,32,1*7E
$BDGSV,5,4,19,25,26,052,19,32,75,257,30,37,43,241,32,38,20,192,26,1*72
$BDGSV,5,5,19,39,71,354,32,40,11,169,,41,37,157,,1*4A
$BDGSV,2,1,06,20,25,316,27,23,78,026,35,32,75,257,32,37,43,241,32,3*7D
$BDGSV,2,2,06,38,20,192,26,39,71,354,40,3*7C
$BDGLL,3904.60164,N,11721.25603,E,133934.00,A,A*7A
$BDTXT,01,01,01,ANTENNA OK*24
-- Send QB4 Data OK......294


-- Build QB4 Data :2024,7,10 21-39-34   294






$BDZDA,133935.00,10,07,2024,00,00*7B
$BDRMC,133935.00,A,3904.60164,N,11721.25606,E,0.127,,100724,,,A,V*19
$BDGGA,133935.00,3904.60164,N,11721.25606,E,1,08,3.24,19.0,M,-4.9,M,,*6E
$BDGSA,A,3,06,08,16,23,32,37,38,39,,,,,6.11,3.24,5.18,4*08
$BDGSV,5,1,19,01,36,141,,02,35,228,,03,44,191,,04,26,125,,1*79
$BDGSV,5,2,19,05,17,250,,06,68,315,30,07,13,180,17,08,30,203,20,1*70
$BDGSV,5,3,19,09,55,288,17,16,68,319,34,20,25,316,,23,78,026,32,1*79
$BDGSV,5,4,19,25,26,052,20,32,75,257,31,37,43,241,33,38,20,192,26,1*78
$BDGSV,5,5,19,39,71,354,32,40,11,169,,41,37,157,,1*4A
$BDGSV,2,1,06,20,25,316,27,23,78,026,35,32,75,257,33,37,43,241,33,3*7D
$BDGSV,2,2,06,38,20,192,26,39,71,354,40,3*7C
$BDGLL,3904.60164,N,11721.25606,E,133935.00,A,A*7E
$BDTXT,01,01,01,ANTENNA OK*24

-- Send QB4 Data OK......294


-- Build QB4 Data :2024,7,10 21-39-35   294






$BDZDA,133936.00,10,07,2024,00,00*78
$BDRMC,133936.00,A,3904.60162,N,11721.25606,E,0.124,,100724,,,A,V*1F
$BDGGA,133936.00,3904.60162,N,11721.25606,E,1,08,3.24,19.1,M,-4.9,M,,*6A
$BDGSA,A,3,06,08,16,23,32,37,38,39,,,,,6.11,3.24,5.18,4*08
$-- Send QB4 Data OK......294

BDGSV,5,1,19,01,36,141,,02,35,228,,03,44,191,,04,26,125,,1*79
$BDGSV,5,2,19,05,17,250,,06,68,315,30,07,13,180,17,08,30,203,20,1*70
$BDGSV,5,3,19,09,55,288,17,16,68,319,33,20,25,316,,23,78,026,32,1*7E
$BDGSV,5,4,19,25,26,052,20,32,75,257,30,37,43,241,32,38,20,192,26,1*78
$BDGSV,5,5,19,39,71,354,32,40,11,169,,41,37,157,,1*4A
$BDGSV,2,1,06,20,25,316,26,23,78,026,34,32,75,257,32,37,43,241,32,3*7D
$BDGSV,2,2,06,38,20,192,26,39,71,354,39,3*72
$BDGLL,3904.60162,N,11721.25606,E,133936.00,A,A*7B
$BDTXT,01,01,01,ANTENNA OK*24

-- Build QB4 Data :2024,7,10 21-39-36   294






$BDZDA,133937.00,10,07,2024,00,00*79
$BDRMC,133937.00,A,3904.60165,N,11721.25592,E,0.288,,100724,,,A,V*12
$BDGGA,133937.00,3904.60165,N,11721.25592,E,1,08,3.24,19.5,M,-4.9,M,,*66
$BDGSA,A,3,06,08,16,23,32,37,38,39,,,,,6.11,3.24,5.17,4*07
$BDGSV,5,1,19,01,36,141,,02,35,228,,03,44,191,,04,26,125,,1*79
$BDGSV,5,2,19,05,17,250,,06,68,315,30,07,13,180,17,08,30,203,20,1*70
$BDGSV,5,3,19,09,55,288,16,16,68,319,33,20,25,316,,23,78,026,32,1*7F
$BDGSV,5,4,19,25,26,052,20,32,75,257,31,37,43,241,33,38,20,192,25,1*7B
$BDGSV,5,5,19,39,71,354,33,40,11,169,,41,37,157,,1*4B
$BDGSV,2,1,06,20,25,316,26,23,78,026,34,32,75,257,32,37,43,241,32,3*7D
$BDGSV,2,2,06,38,20,192,25,39,71,354,40,3*7F
$BDGLL,3904.60165,N,11721.25592,E,133937.00,A,A*73
$BDTXT,01,01,01,ANTENNA OK*24

-- Send QB4 Data OK......294


-- Build QB4 Data :2024,7,10 21-39-37   294






$BDZDA,133938.00,10,07,2024,00,00*76
$BDRMC,133938.00,A,3904.60160,N,11721.25594,E,0.232,,100724,,,A,V*1F
$BDGGA,133938.00,3904.60160,N,11721.25594,E,1,08,3.24,19.6,M,-4.9,M,,*69
$BDGSA,A,3,06,08,16,23,32,37,38,39,,,,,6.10,3.24,5.17,4*06
$BDGSV,5,1,19,01,36,141,,02,35,228,,03,44,191,,04,26,125,,1*79
$BDGSV,5,2,19,05,17,250,,06,68,315,32,07,13,180,19,08,30,203,21,1*7D
$BDGSV,5,3,19,09,55,288,19,16,68,319,35,20,25,316,,23,78,026,33,1*77
$BDGSV,5,4,19,25,26,052,21,32,75,257,32,37,43,241,34,38,20,192,26,1*7D
$BDGSV,5,5,19,39,71,354,34,40,11,169,,41,37,157,,1*4C
$BDGSV,2,1,06,20,25,316,27,23,78,026,36,32,75,257,34,37,43,241,33,3*79
$BDGSV,2,2,06,38,20,192,26,39,71,354,41,3*7D
$BDGLL,3904.60160,N,11721.25594,E,133938.00,A,A*7F
$BDTXT,01,01,01,ANTENNA OK*24
-- Send QB4 Data OK......294


-- Build QB4 Data :2024,7,10 21-39-38   294






$BDZDA,133939.00,10,07,2024,00,00*77
$BDRMC,133939.00,A,3904.60163,N,11721.25592,E,0.132,,100724,,,A,V*18
$BDGGA,133939.00-- Send QB4 Data OK......294

,3904.60163,N,11721.25592,E,1,08,3.24,19.5,M,-4.9,M,,*6E
$BDGSA,A,3,06,08,16,23,32,37,38,39,,,,,6.10,3.24,5.17,4*06
$BDGSV,5,1,19,01,36,141,,02,35,228,,03,44,191,,04,26,125,,1*79
$BDGSV,5,2,19,05,17,250,,06,68,315,31,07,13,180,19,08,30,203,21,1*7E
$BDGSV,5,3,19,09,55,288,19,16,68,319,34,20,25,316,,23,78,026,33,1*76
$BDGSV,5,4,19,25,26,052,21,32,75,257,32,37,43,241,33,38,20,192,26,1*7A
$BDGSV,5,5,19,39,71,354,33,40,11,169,,41,37,157,,1*4B
$BDGSV,2,1,06,20,25,316,27,23,78,026,35,32,75,257,33,37,43,241,33,3*7D
$BDGSV,2,2,06,38,20,192,26,39,71,354,40,3*7C
$BDGLL,3904.60163,N,11721.25592,E,133939.00,A,A*7B
$BDTXT,01,01,01,ANTENNA OK*24

-- Build QB4 Data :2024,7,10 21-39-39   294






$BDZDA,133940.00,10,07,2024,00,00*79
$BDRMC,133940.00,A,3904.60173,N,11721.25597,E,0.047,,100724,,,A,V*11
$BDGGA,133940.00,3904.60173,N,11721.25597,E,1,08,3.24,19.0,M,-4.9,M,,*61
$BDGSA,A,3,06,08,16,23,32,37,38,39,,,,,6.10,3.24,5.17,4*06
$BDGSV,5,1,19,01,36,141,,02,35,228,,03,44,191,,04,26,125,,1*79
$BDGSV,5,2,19,05,17,250,,06,68,315,30,07,13,180,19,08,30,203,21,1*7F
$BDGSV,5,3,19,09,55,288,18,16,68,319,33,20,25,316,,23,78,026,32,1*71
$BDGSV,5,4,19,25,26,052,21,32,75,257,31,37,43,241,32,38,20,192,26,1*78
$BDGSV,5,5,19,39,71,354,33,40,11,169,,41,37,157,,1*4B
$BDGSV,2,1,06,20,25,316,27,23,78,026,35,32,75,257,32,37,43,241,33,3*7C
$BDGSV,2,2,06,38,20,192,26,39,71,354,40,3*7C
$BDGLL,3904.60173,N,11721.25597,E,133940.00,A,A*71
$BDTXT,01,01,01,ANTENNA OK*24

-- Send QB4 Data OK......294


-- Build QB4 Data :2024,7,10 21-39-40   294






$BDZDA,133941.00,10,07,2024,00,00*78
$BDRMC,133941.00,A,3904.60185,N,11721.25601,E,0.083,,100724,,,A,V*1D
$BDGGA,133941.00,3904.60185,N,11721.25601,E,1,08,3.24,18.6,M,-4.9,M,,*62
$BDGSA,A,3,06,08,16,23,32,37,38,39,,,,,6.10,3.24,5.17,4*06
$BDGSV,5,1,19,01,36,141,,02,35,228,,03,44,191,,04,26,125,,1*79
$BDGSV,5,2,19,05,17,250,,06,68,315,30,07,13,180,18,08,30,203,21,1*7E
$BDGSV,5,3,19,09,55,288,18,16,68,319,34,20,25,316,,23,78,026,32,1*76
$BDGSV,5,4,19,25,26,052,20,32,75,257,31,37,43,241,32,38,20,192,26,1*79
$BDGSV,5,5,19,39,71,354,32,40,11,169,,41,37,157,,1*4A
$BDGSV,2,1,06,20,25,316,27,23,78,026,35,32,75,257,32,37,43,241,33,3*7C
$BDGSV,2,2,06,38,20,192,26,39,71,354,40,3*7C
$BDGLL,3904.60185,N,11721.25601,E,133941.00,A,A*75
$BDTXT,01,01,01,ANTENNA OK*24
-- Send QB4 Data OK......294


-- Build QB4 Data :2024,7,10 21-39-41   294


-- Send QB4 Data OK......294





$BDZDA,133942.00,10,07,2024,00,00*7B
$BDRMC,133942.00,A,3904.60192,N,11721.25608,E,0.021,,100724,,,A,V*19
$BDGGA,133942.00,3904.60192,N,11721.25608,E,1,08,3.24,18.3,M,-4.9,M,,*6B
$BDGSA,A,3,06,08,16,23,32,37,38,39,,,,,6.10,3.24,5.17,4*06
$BDGSV,5,1,19,01,36,141,,02,35,228,,03,44,191,,04,26,125,,1*79
$BDGSV,5,2,19,05,17,250,,06,68,315,30,07,13,180,18,08,30,203,21,1*7E
$BDGSV,5,3,19,09,55,288,18,16,68,319,33,20,25,316,,23,78,026,32,1*71
$BDGSV,5,4,19,25,26,052,19,32,75,257,31,37,43,241,32,38,20,192,26,1*73
$BDGSV,5,5,19,39,71,354,32,40,11,169,,41,37,157,,1*4A
$BDGSV,2,1,06,20,25,316,27,23,78,026,35,32,75,257,32,37,43,241,33,3*7C
$BDGSV,2,2,06,38,20,192,25,39,71,354,40,3*7F
$BDGLL,3904.60192,N,11721.25608,E,133942.00,A,A*79
$BDTXT,01,01,01,ANTENNA OK*24

-- Build QB4 Data :2024,7,10 21-39-42   294






$BDZDA,133943.00,10,07,2024,00,00*7A
$BDRMC,133943.00,A,3904.60198,N,11721.25606,E,0.025,,100724,,,A,V*18
$BDGGA,133943.00,3904.60198,N,11721.25606,E,1,08,3.24,18.1,M,-4.9,M,,*6C
$BDGSA,A,3,06,08,16,23,32,37,38,39,,,,,6.10,3.24,5.17,4*06
$BDGSV,5,1,19,01,36,141,,02,35,228,,03,44,191,,04,26,125,,1*79
$BDGSV,5,2,19,05,17,250,,06,68,315,32,07,13,180,19,08,30,203,21,1*7D
$BDGSV,5,3,19,09,55,288,18,16,68,319,35,20,25,316,,23,78,026,33,1*76
$BDGSV,5,4,19,25,26,052,21,32,75,257,32,37,43,241,33,38,20,192,26,1*7A
$BDGSV,5,5,19,39,71,354,33,40,11,169,,41,37,157,,1*4B
$BDGSV,2,1,06,20,25,316,27,23,78,026,35,32,75,257,32,37,43,241,33,3*7C
$BDGSV,2,2,06,38,20,192,26,39,71,354,41,3*7D
$BDGLL,3904.60198,N,11721.25606,E,133943.00,A,A*7C
$BDTXT,01,01,01,ANTENNA OK*24

-- Send QB4 Data OK......294


-- Build QB4 Data :2024,7,10 21-39-43   294






$BDZDA,133944.00,10,07,2024,00,00*7D
$BDRMC,133944.00,A,3904.60207,N,11721.25599,E,0.064,,100724,,,A,V*1A
$BDGGA,133944.00,3904.60207,N,11721.25599,E,1,08,3.24,17.8,M,-4.9,M,,*6D
$BDGSA,A,3,06,08,16,23,32,37,38,39,,,,,6.10,3.24,5.17,4*06
$BDGSV,5,1,19,01,36,141,,02,35,228,,03,44,191,,04,26,125,,1*79
$BDGSV,5,2,19,05,17,250,27,06,68,315,32,07,13,180,20,08,30,203,22,1*71
$BDGSV,5,3,19,09,55,288,19,16,68,319,35,20,25,316,,23,78,026,33,1*77
$BDGSV,5,4,19,25,26,052,21,32,75,257,32,37,43,241,33,38,20,192,26,1*7A
$BDGSV,5,5,19,39,71,354,34,40,11,169,,41,37,157,,1*4C
$BDGSV,2,1,06,20,25,316,28,23,78,026,36,32,75,257,33,37,43,241,34,3*76
$BDGSV,2,2,06,38,20,192,27,39,71,354,41,3*7C
$BDGLL,3904.60207,N,1-- Send QB4 Data OK......294

1721.25599,E,133944.00,A,A*7B
$BDTXT,01,01,01,ANTENNA OK*24

-- Build QB4 Data :2024,7,10 21-39-44   294


-- Send QB4 Data OK......294





$BDZDA,133945.00,10,07,2024,00,00*7C
$BDRMC,133945.00,A,3904.60213,N,11721.25599,E,0.039,,100724,,,A,V*16
$BDGGA,133945.00,3904.60213,N,11721.25599,E,1,08,3.23,17.6,M,-4.9,M,,*60
$BDGSA,A,3,06,08,16,23,32,37,38,39,,,,,6.10,3.23,5.16,4*00
$BDGSV,5,1,19,01,36,141,,02,35,228,,03,44,191,,04,26,125,,1*79
$BDGSV,5,2,19,05,17,250,28,06,68,315,32,07,13,180,20,08,30,203,22,1*7E
$BDGSV,5,3,19,09,55,288,19,16,68,319,35,20,25,316,,23,78,027,33,1*76
$BDGSV,5,4,19,25,26,052,22,32,75,257,32,37,43,241,33,38,20,192,26,1*79
$BDGSV,5,5,19,39,71,354,34,40,11,169,,41,37,157,,1*4C
$BDGSV,2,1,06,20,25,316,28,23,78,027,36,32,75,257,33,37,43,241,34,3*77
$BDGSV,2,2,06,38,20,192,27,39,71,354,41,3*7C
$BDGLL,3904.60213,N,11721.25599,E,133945.00,A,A*7F
$BDTXT,01,01,01,ANTENNA OK*24

-- Build QB4 Data :2024,7,10 21-39-45   294






$BDZDA,133946.00,10,07,2024,00,00*7F
$BDRMC,133946.00,A,3904.60219,N,11721.25598,E,0.068,,100724,,,A,V*1A
$BDGGA,133946.00,3904.60219,N,11721.25598,E,1,08,3.23,17.5,M,-4.9,M,,*6B
$BDGSA,A,3,06,08,16,23,32,37,38,39,,,,,6.09,3.23,5.16,4*08
$BDGSV,5,1,19,01,36,141,,02,35,228,,03,44,191,,04,26,125,,1*79
$BDGSV,5,2,19,05,17,250,,06,68,315,24,07,13,180,19,08,30,203,19,1*71
$BDGSV,5,3,19,09,55,288,17,16,68,319,29,20,25,316,,23,78,027,27,1*70
$BDGSV,5,4,19,25,26,052,20,32,75,257,24,37,43,241,27,38,20,192,25,1*7A
$BDGSV,5,5,19,39,71,354,31,40,11,169,,41,37,157,,1*49
$BDGSV,2,1,06,20,25,316,26,23,78,027,33,32,75,257,27,37,43,241,30,3*7D
$BDGSV,2,2,06,38,20,192,25,39,71,354,38,3*70
$BDGLL,3904.60219,N,11721.25598,E,133946.00,A,A*77
$BDTXT,01,01,01,ANTENNA OK*24

-- Send QB4 Data OK......294


-- Build QB4 Data :2024,7,10 21-39-46   294






$BDZDA,133947.00,10,07,2024,00,00*7E
$BDRMC,133947.00,A,3904.60222,N,11721.25594,E,0.095,,100724,,,A,V*1D
$BDGGA,133947.00,3904.60222,N,11721.25594,E,1,08,3.23,17.3,M,-4.9,M,,*68
$BDGSA,A,3,06,08,16,23,32,37,38,39,,,,,6.09,3.23,5.16,4*08
$BDGSV,5,1,19,01,36,141,,02,35,228,,03,44,191,,04,26,125,,1*79
$BDGSV,5,2,19,05,17,250,,06,68,315,32,07,13,180,18,08,30,203,19,1*77
$BDGSV,5,3,19,09,55,288,17,16,68,319,34,20,25,316,,23,78,027,34,1*7E
$BDGSV,5,4,19,25,26,052,22,32,75,257,32,37,43,241,33,38,20,192,26,1*79
$BDGSV,5,5,19,39,71,354,33,40,11,169,,41,37,157,,1*4B
$BDGSV,2,1,06,20,25,316-- Send QB4 Data OK......294

,27,23,78,027,35,32,75,257,32,37,43,241,34,3*7A
$BDGSV,2,2,06,38,20,192,25,39,71,354,41,3*7E
$BDGLL,3904.60222,N,11721.25594,E,133947.00,A,A*72
$BDTXT,01,01,01,ANTENNA OK*24

-- Build QB4 Data :2024,7,10 21-39-47   294


-- Send QB4 Data OK......294





$BDZDA,133948.00,10,07,2024,00,00*71
$BDRMC,133948.00,A,3904.60225,N,11721.25600,E,0.175,,100724,,,A,V*14
$BDGGA,133948.00,3904.60225,N,11721.25600,E,1,08,3.23,17.2,M,-4.9,M,,*6F
$BDGSA,A,3,06,08,16,23,32,37,38,39,,,,,6.09,3.23,5.16,4*08
$BDGSV,5,1,19,01,36,141,,02,35,228,,03,44,191,,04,26,125,,1*79
$BDGSV,5,2,19,05,17,250,,06,68,316,31,07,13,180,18,08,30,203,19,1*77
$BDGSV,5,3,19,09,55,288,18,16,68,319,33,20,25,316,,23,78,027,32,1*70
$BDGSV,5,4,19,25,26,052,21,32,75,257,31,37,43,241,32,38,20,192,25,1*7B
$BDGSV,5,5,19,39,71,354,32,40,11,169,,41,37,157,,1*4A
$BDGSV,2,1,06,20,25,316,27,23,78,027,35,32,75,257,32,37,43,241,34,3*7A
$BDGSV,2,2,06,38,20,192,26,39,71,354,40,3*7C
$BDGLL,3904.60225,N,11721.25600,E,133948.00,A,A*74
$BDTXT,01,01,01,ANTENNA OK*24

-- Build QB4 Data :2024,7,10 21-39-48   294






$BDZDA,133949.00,10,07,2024,00,00*70
$BDRMC,133949.00,A,3904.60237,N,11721.25591,E,0.028,,100724,,,A,V*14
$BDGGA,133949.00,3904.60237,N,11721.25591,E,1,08,3.23,16.8,M,-4.9,M,,*6D
$BDGSA,A,3,06,08,16,23,32,37,38,39,,,,,6.09,3.23,5.16,4*08
$BDGSV,5,1,19,01,36,141,,02,35,228,,03,44,191,,04,26,125,,1*79
$BDGSV,5,2,19,05,17,250,,06,68,316,31,07,13,180,18,08,30,203,20,1*7D
$BDGSV,5,3,19,09,55,288,19,16,68,319,34,20,25,316,,23,78,027,32,1*76
$BDGSV,5,4,19,25,26,052,22,32,75,257,31,37,43,241,32,38,20,192,26,1*7B
$BDGSV,5,5,19,39,71,354,33,40,11,169,,41,37,157,,1*4B
$BDGSV,2,1,06,20,25,316,27,23,78,027,35,32,75,257,32,37,43,241,34,3*7A
$BDGSV,2,2,06,38,20,192,26,39,71,354,41,3*7D
$BDGLL,3904.60237,N,11721.25591,E,133949.00,A,A*7D
$BDTXT,01,01,01,ANTENNA OK*24

-- Send QB4 Data OK......294


-- Build QB4 Data :2024,7,10 21-39-49   294






$BDZDA,133950.00,10,07,2024,00,00*78
$BDRMC,133950.00,A,3904.60246,N,11721.25586,E,0.066,,100724,,,A,V*16
$BDGGA,133950.00,3904.60246,N,11721.25586,E,1,08,3.23,16.5,M,-4.9,M,,*68
$BDGSA,A,3,06,08,16,23,32,37,38,39,,,,,6.09,3.23,5.16,4*08
$BDGSV,5,1,19,01,36,141,,02,35,228,,03,44,191,,04,26,125,,1*79
$BDGSV,5,2,19,05,17,250,,06,68,316,30,07,13,180,18,08,30,203,19,1*76
$BDGSV,5,3,19,09,55,288,19,16,68,319,34,20,25,316,,23,78,027,32,1*76
$BDGSV,5,4,19,25,26,052,21,32,75-- Send QB4 Data OK......294

,257,31,37,43,241,32,38,20,192,25,1*7B
$BDGSV,5,5,19,39,71,354,32,40,11,169,,41,37,157,,1*4A
$BDGSV,2,1,06,20,25,316,27,23,78,027,35,32,75,257,32,37,43,241,34,3*7A
$BDGSV,2,2,06,38,20,192,26,39,71,354,40,3*7C
$BDGLL,3904.60246,N,11721.25586,E,133950.00,A,A*75
$BDTXT,01,01,01,ANTENNA OK*24

-- Build QB4 Data :2024,7,10 21-39-50   294


-- Send QB4 Data OK......294






$BDZDA,133951.00,10,07,2024,00,00*79
$BDRMC,133951.00,A,3904.60258,N,11721.25587,E,0.005,,100724,,,A,V*1C
$BDGGA,133951.00,3904.60258,N,11721.25587,E,1,08,3.23,16.0,M,-4.9,M,,*62
$BDGSA,A,3,06,08,16,23,32,37,38,39,,,,,6.09,3.23,5.16,4*08
$BDGSV,5,1,19,01,36,141,,02,35,228,,03,44,191,,04,26,125,,1*79
$BDGSV,5,2,19,05,17,250,,06,68,316,31,07,13,180,18,08,30,203,19,1*77
$BDGSV,5,3,19,09,55,288,19,16,68,319,34,20,25,316,,23,78,027,33,1*77
$BDGSV,5,4,19,25,26,052,21,32,75,257,31,37,43,241,32,38,20,192,26,1*78
$BDGSV,5,5,19,39,71,354,33,40,11,169,,41,37,157,,1*4B
$BDGSV,2,1,06,20,25,316,27,23,78,027,35,32,75,257,32,37,43,241,34,3*7A
$BDGSV,2,2,06,38,20,192,27,39,71,354,40,3*7D
$BDGLL,3904.60258,N,11721.25587,E,133951.00,A,A*7A
$BDTXT,01,01,01,ANTENNA OK*24

-- Build QB4 Data :2024,7,10 21-39-51   294






$BDZDA,133952.00,10,07,2024,00,00*7A
$BDRMC,133952.00,A,3904.60270,N,11721.25582,E,0.131,,100724,,,A,V*16
$BDGGA,133952.00,3904.60270,N,11721.25582,E,1,08,3.23,15.8,M,-4.9,M,,*65
$BDGSA,A,3,06,08,16,23,32,37,38,39,,,,,6.09,3.23,5.16,4*08
$BDGSV,5,1,19,01,36,141,,02,35,228,,03,44,191,,04,26,125,,1*79
$BDGSV,5,2,19,05,17,250,,06,68,316,30,07,13,180,18,08,30,203,19,1*76
$BDGSV,5,3,19,09,55,288,18,16,68,319,33,20,25,316,,23,78,027,32,1*70
$BDGSV,5,4,19,25,26,052,20,32,75,257,30,37,43,241,31,38,20,192,25,1*78
$BDGSV,5,5,19,39,71,354,32,40,11,169,,41,37,157,,1*4A
$BDGSV,2,1,06,20,25,316,27,23,78,027,35,32,75,257,31,37,43,241,34,3*79
$BDGSV,2,2,06,38,20,192,26,39,71,354,40,3*7C
$BDGLL,3904.60270,N,11721.25582,E,133952.00,A,A*76
$BDTXT,01,01,01,ANTENNA OK*24

-- Send QB4 Data OK......294


-- Build QB4 Data :2024,7,10 21-39-52   294






$BDZDA,133953.00,10,07,2024,00,00*7B
$BDRMC,133953.00,A,3904.60285,N,11721.25576,E,0.084,,100724,,,A,V*19
$BDGGA,133953.00,3904.60285,N,11721.25576,E,1,08,3.23,15.4,M,-4.9,M,,*69
$BDGSA,A,3,06,08,16,23,32,37,38,39,,,,,6.09,3.23,5.15,4*0B
$BDGSV,5,1,19,01,36,141,,02,35,228,,03,44,191,,04,26,125,,1*79
$BDGSV,5,2,19,05,17,250,,06,68,316,31,07,13,180,18,08,-- Send QB4 Data OK......294

30,203,21,1*7C
$BDGSV,5,3,19,09,55,288,19,16,68,319,35,20,25,316,,23,78,027,34,1*71
$BDGSV,5,4,19,25,26,052,21,32,75,257,32,37,43,241,33,38,20,192,26,1*7A
$BDGSV,5,5,19,39,71,354,34,40,11,169,,41,37,157,,1*4C
$BDGSV,2,1,06,20,25,316,28,23,78,027,36,32,75,257,33,37,43,241,35,3*76
$BDGSV,2,2,06,38,20,192,27,39,71,354,41,3*7C
$BDGLL,3904.60285,N,11721.25576,E,133953.00,A,A*76
$BDTXT,01,01,01,ANTENNA OK*24

-- Build QB4 Data :2024,7,10 21-39-53   294






$BDZDA,133954.00,10,07,2024,00,00*7C
$BDRMC,133954.00,A,3904.60296,N,11721.25572,E,0.059,,100724,,,A,V*18
$BDGGA,133954.00,3904.60296,N,11721.25572,E,1,08,3.23,15.1,M,-4.9,M,,*6D
$BDGSA,A,3,06,08,16,23,32,37,38,39,,,,,6.08,3.23,5.15,4*0A
$BDGSV,5,1,19,01,36,141,,02,35,228,,03,44,191,,04,26,125,,1*79
$BDGSV,5,2,19,05,17,250,,06,68,316,32,07,13,180,18,08,30,203,21,1*7F
$BDGSV,5,3,19,09,55,288,19,16,68,319,35,20,25,316,,23,78,027,34,1*71
$BDGSV,5,4,19,25,26,052,22,32,75,257,32,37,43,241,33,38,20,192,27,1*78
$BDGSV,5,5,19,39,71,354,34,40,11,169,,41,37,157,,1*4C
$BDGSV,2,1,06,20,25,316,27,23,78,027,36,32,75,257,33,37,43,241,35,3*79
$BDGSV,2,2,06,38,20,192,27,39,71,354,40,3*7D
$BDGLL,3904.60296,N,11721.25572,E,133954.00,A,A*77
$BDTXT,01,01,01,ANTENNA OK*24

-- Send QB4 Data OK......294


-- Build QB4 Data :2024,7,10 21-39-54   294






$BDZDA,133955.00,10,07,2024,00,00*7D
$BDRMC,133955.00,A,3904.60309,N,11721.25561,E,0.166,,100724,,,A,V*11
$BDGGA,133955.00,3904.60309,N,11721.25561,E,1,08,3.23,14.9,M,-4.9,M,,*60
$BDGSA,A,3,06,08,16,23,32,37,38,39,,,,,6.08,3.23,5.15,4*0A
$BDGSV,5,1,19,01,36,141,,02,35,228,,03,44,191,,04,26,125,,1*79
$BDGSV,5,2,19,05,17,250,,06,68,316,31,07,13,180,16,08,30,203,20,1*73
$BDGSV,5,3,19,09,55,288,18,16,68,319,34,20,25,316,,23,78,027,32,1*77
$BDGSV,5,4,19,25,26,052,21,32,75,257,31,37,43,241,31,38,20,192,26,1*7B
$BDGSV,5,5,19,39,71,354,33,40,11,169,,41,37,157,,1*4B
$BDGSV,2,1,06,20,25,316,27,23,78,027,35,32,75,257,31,37,43,241,34,3*79
$BDGSV,2,2,06,38,20,192,26,39,71,354,39,3*72
$BDGLL,3904.60309,N,11721.25561,E,133955.00,A,A*73
$BDTXT,01,01,01,ANTENNA OK*24

-- Send QB4 Data OK......294


-- Build QB4 Data :2024,7,10 21-39-55   294






$BDZDA,133956.00,10,07,2024,00,00*7E
$BDRMC,133956.00,A,3904.60311,N,11721.25564,E,0.076,,100724,,,A,V*1E
$BDGGA,133956.00,3904.60311,N,11721.25564,E,1,08,3.23,14.9,M,-4.9,M,,*6F
$BDGSA,A,3,06,08,16,23,32,37,38,39,,,,,6.08,3.23,5.15,4*0A
-- Send QB4 Data OK......294

$BDGSV,5,1,19,01,36,141,,02,35,228,,03,44,191,,04,26,125,,1*79
$BDGSV,5,2,19,05,17,250,,06,68,316,30,07,13,180,16,08,30,203,20,1*72
$BDGSV,5,3,19,09,55,288,18,16,68,319,34,20,25,316,,23,78,027,31,1*74
$BDGSV,5,4,19,25,26,052,21,32,75,257,32,37,43,241,30,38,20,192,26,1*79
$BDGSV,5,5,19,39,71,354,33,40,11,169,,41,37,157,,1*4B
$BDGSV,2,1,06,20,25,316,26,23,78,027,35,32,75,257,31,37,43,241,34,3*78
$BDGSV,2,2,06,38,20,192,26,39,71,354,41,3*7D
$BDGLL,3904.60311,N,11721.25564,E,133956.00,A,A*7C
$BDTXT,01,01,01,ANTENNA OK*24

-- Build QB4 Data :2024,7,10 21-39-56   294






$BDZDA,133957.00,10,07,2024,00,00*7F
$BDRMC,133957.00,A,3904.60312,N,11721.25558,E,0.062,,100724,,,A,V*16
$BDGGA,133957.00,3904.60312,N,11721.25558,E,1,08,3.23,15.1,M,-4.9,M,,*6B
$BDGSA,A,3,06,08,16,23,32,37,38,39,,,,,6.08,3.23,5.15,4*0A
$BDGSV,5,1,19,01,36,141,,02,35,228,,03,44,191,27,04,26,125,,1*7C
$BDGSV,5,2,19,05,17,250,,06,68,316,31,07,13,180,17,08,30,203,20,1*72
$BDGSV,5,3,19,09,55,288,17,16,68,319,34,20,25,316,,23,78,027,33,1*79
$BDGSV,5,4,19,25,26,052,20,32,75,257,31,37,43,241,32,38,20,192,26,1*79
$BDGSV,5,5,19,39,71,354,33,40,11,169,,41,37,157,,1*4B
$BDGSV,2,1,06,20,25,316,27,23,78,027,37,32,75,257,33,37,43,241,35,3*78
$BDGSV,2,2,06,38,20,192,27,39,71,354,41,3*7C
$BDGLL,3904.60312,N,11721.25558,E,133957.00,A,A*71
$BDTXT,01,01,01,ANTENNA OK*24

-- Send QB4 Data OK......294


-- Build QB4 Data :2024,7,10 21-39-57   294






$BDZDA,133958.00,10,07,2024,00,00*70
$BDRMC,133958.00,A,3904.60325,N,11721.25550,E,0.093,,100724,,,A,V*1B
$BDGGA,133958.00,3904.60325,N,11721.25550,E,1,08,3.23,14.8,M,-4.9,M,,*60
$BDGSA,A,3,06,08,16,23,32,37,38,39,,,,,6.08,3.23,5.15,4*0A
$BDGSV,5,1,19,01,36,141,,02,35,228,,03,44,191,,04,26,125,,1*79
$BDGSV,5,2,19,05,17,250,,06,68,316,31,07,13,180,17,08,30,203,20,1*72
$BDGSV,5,3,19,09,55,288,18,16,68,319,34,20,25,316,,23,78,027,33,1*76
$BDGSV,5,4,19,25,26,052,21,32,75,257,31,37,43,241,31,38,20,192,26,1*7B
$BDGSV,5,5,19,39,71,354,33,40,11,169,,41,37,157,,1*4B
$BDGSV,2,1,06,20,25,316,28,23,78,027,36,32,75,257,32,37,43,241,34,3*76
$BDGSV,2,2,06,38,20,192,27,39,71,354,40,3*7D
$BDGLL,3904.60325,N,11721.25550,E,133958.00,A,A*72
$BDTXT,01,01,01,ANTENNA OK*24
-- Send QB4 Data OK......294


-- Build QB4 Data :2024,7,10 21-39-58   294






$BDZDA,133959.00,10,07,2024,00,00*71
$BDRMC,133959.00,A,3904.60337,N,11721.25538,E,0.163,,100724,,,A,V*19
$BDGGA,133959.00-- Send QB4 Data OK......294

,3904.60337,N,11721.25538,E,1,08,3.23,14.6,M,-4.9,M,,*62
$BDGSA,A,3,06,08,16,23,32,37,38,39,,,,,6.08,3.23,5.15,4*0A
$BDGSV,5,1,19,01,36,141,,02,35,228,,03,44,191,,04,26,125,,1*79
$BDGSV,5,2,19,05,17,250,,06,68,316,30,07,13,180,17,08,30,203,19,1*79
$BDGSV,5,3,19,09,55,288,17,16,68,319,33,20,25,316,,23,78,027,32,1*7F
$BDGSV,5,4,19,25,26,052,19,32,75,257,30,37,43,241,30,38,20,192,25,1*73
$BDGSV,5,5,19,39,71,354,32,40,11,169,,41,37,157,,1*4A
$BDGSV,2,1,06,20,25,316,27,23,78,027,35,32,75,257,31,37,43,241,34,3*79
$BDGSV,2,2,06,38,20,192,27,39,71,354,40,3*7D
$BDGLL,3904.60337,N,11721.25538,E,133959.00,A,A*7E
$BDTXT,01,01,01,ANTENNA OK*24

-- Build QB4 Data :2024,7,10 21-39-59   294


-- Send QB4 Data OK......294






$BDZDA,134000.00,10,07,2024,00,00*73
$BDRMC,134000.00,A,3904.60351,N,11721.25529,E,0.233,,100724,,,A,V*1D
$BDGGA,134000.00,3904.60351,N,11721.25529,E,1,08,3.23,14.3,M,-4.9,M,,*65
$BDGSA,A,3,06,08,16,23,32,37,38,39,,,,,6.08,3.23,5.15,4*0A
$BDGSV,5,1,19,01,36,141,,02,35,228,,03,44,191,,04,26,125,,1*79
$BDGSV,5,2,19,05,17,250,,06,68,316,30,07,13,180,16,08,30,203,20,1*72
$BDGSV,5,3,19,09,55,288,17,16,68,319,34,20,25,316,,23,78,027,32,1*78
$BDGSV,5,4,19,25,26,052,20,32,75,257,30,37,43,241,31,38,20,192,25,1*78
$BDGSV,5,5,19,39,71,354,33,40,11,169,,41,37,157,,1*4B
$BDGSV,2,1,06,20,25,316,27,23,78,027,35,32,75,257,32,37,43,241,34,3*7A
$BDGSV,2,2,06,38,20,192,27,39,71,354,40,3*7D
$BDGLL,3904.60351,N,11721.25529,E,134000.00,A,A*7C
$BDTXT,01,01,01,ANTENNA OK*24

-- Build QB4 Data :2024,7,10 21-40-0   294






$BDZDA,134001.00,10,07,2024,00,00*72
$BDRMC,134001.00,A,3904.60354,N,11721.25519,E,0.031,,100724,,,A,V*1A
$BDGGA,134001.00,3904.60354,N,11721.25519,E,1,08,3.23,14.4,M,-4.9,M,,*65
$BDGSA,A,3,06,08,16,23,32,37,38,39,,,,,6.08,3.23,5.14,4*0B
$BDGSV,5,1,19,01,36,141,,02,35,228,,03,44,191,,04,26,125,,1*79
$BDGSV,5,2,19,05,17,250,,06,68,316,30,07,13,180,15,08,30,203,19,1*7B
$BDGSV,5,3,19,09,55,288,17,16,68,319,33,20,25,316,,23,78,027,32,1*7F
$BDGSV,5,4,19,25,26,052,20,32,75,257,30,37,43,241,30,38,20,192,25,1*79
$BDGSV,5,5,19,39,71,354,32,40,11,169,,41,37,157,,1*4A
$BDGSV,2,1,06,20,25,316,27,23,78,027,35,32,75,257,31,37,43,241,33,3*7E
$BDGSV,2,2,06,38,20,192,26,39,71,354,39,3*72
$BDGLL,3904.60354,N,11721.25519,E,134001.00,A,A*7B
$BDTXT,01,01,01,ANTENNA OK*24
-- Send QB4 Data OK......294


-- Build QB4 Data :2024,7,10 21-40-1   294


-- Send QB4 Data OK......294





$BDZDA,134002.00,10,07,2024,00,00*71
$BDRMC,134002.00,A,3904.60358,N,11721.25510,E,0.097,,100724,,,A,V*10
$BDGGA,134002.00,3904.60358,N,11721.25510,E,1,08,3.23,14.5,M,-4.9,M,,*62
$BDGSA,A,3,06,08,16,23,32,37,38,39,,,,,6.07,3.23,5.14,4*04
$BDGSV,5,1,19,01,36,141,,02,35,228,,03,44,191,,04,26,125,,1*79
$BDGSV,5,2,19,05,17,250,,06,68,316,31,07,13,180,15,08,30,203,19,1*7A
$BDGSV,5,3,19,09,55,288,18,16,68,319,34,20,25,316,,23,78,027,33,1*76
$BDGSV,5,4,19,25,26,052,20,32,75,257,30,37,43,241,31,38,20,192,26,1*7B
$BDGSV,5,5,19,39,71,355,33,40,11,169,,41,37,157,,1*4A
$BDGSV,2,1,06,20,25,316,27,23,78,027,35,32,75,257,32,37,43,241,34,3*7A
$BDGSV,2,2,06,38,20,192,27,39,71,355,41,3*7D
$BDGLL,3904.60358,N,11721.25510,E,134002.00,A,A*7D
$BDTXT,01,01,01,ANTENNA OK*24

-- Build QB4 Data :2024,7,10 21-40-2   294






$BDZDA,134003.00,10,07,2024,00,00*70
$BDRMC,134003.00,A,3904.60364,N,11721.25501,E,0.094,,100724,,,A,V*1D
$BDGGA,134003.00,3904.60364,N,11721.25501,E,1,08,3.23,14.5,M,-4.9,M,,*6C
$BDGSA,A,3,06,08,16,23,32,37,38,39,,,,,6.07,3.23,5.14,4*04
$BDGSV,5,1,19,01,36,141,,02,35,228,,03,44,191,,04,26,125,,1*79
$BDGSV,5,2,19,05,17,250,,06,68,316,31,07,13,180,15,08,30,203,20,1*70
$BDGSV,5,3,19,09,55,288,19,16,68,319,34,20,25,316,,23,78,027,34,1*70
$BDGSV,5,4,19,25,26,052,21,32,75,257,31,37,43,241,31,38,20,192,26,1*7B
$BDGSV,5,5,19,39,71,355,33,40,11,169,,41,37,157,,1*4A
$BDGSV,2,1,06,20,25,316,28,23,78,027,36,32,75,257,32,37,43,241,35,3*77
$BDGSV,2,2,06,38,20,192,26,39,71,355,41,3*7C
$BDGLL,3904.60364,N,11721.25501,E,134003.00,A,A*73
$BDTXT,01,01,01,ANTENNA OK*24

-- Send QB4 Data OK......294


-- Build QB4 Data :2024,7,10 21-40-3   294






$BDZDA,134004.00,10,07,2024,00,00*77
$BDRMC,134004.00,A,3904.60365,N,11721.25494,E,0.113,,100724,,,A,V*18
$BDGGA,134004.00,3904.60365,N,11721.25494,E,1,08,3.23,14.6,M,-4.9,M,,*64
$BDGSA,A,3,06,08,16,23,32,37,38,39,,,,,6.07,3.23,5.14,4*04
$BDGSV,5,1,19,01,36,141,,02,35,228,,03,44,191,,04,26,125,,1*79
$BDGSV,5,2,19,05,17,250,,06,68,316,31,07,13,180,15,08,30,203,20,1*70
$BDGSV,5,3,19,09,55,288,19,16,68,319,35,20,25,316,,23,78,027,34,1*71
$BDGSV,5,4,19,25,26,052,21,32,75,257,31,37,43,241,30,38,20,192,26,1*7A
$BDGSV,5,5,19,39,71,355,33,40,11,169,,41,37,157,,1*4A
$BDGSV,2,1,06,20,25,316,28,23,78,027,36,32,75,257,32,37,43,241,35,3*77
$BDGSV,2,2,06,38,20,192,27,39,71,355,40,3*7C
$BDGLL,3904.60365,N,117-- Send QB4 Data OK......294

21.25494,E,134004.00,A,A*78
$BDTXT,01,01,01,ANTENNA OK*24

-- Build QB4 Data :2024,7,10 21-40-4   294


-- Send QB4 Data OK......294





$BDZDA,134005.00,10,07,2024,00,00*76
$BDRMC,134005.00,A,3904.60369,N,11721.25485,E,0.152,,100724,,,A,V*10
$BDGGA,134005.00,3904.60369,N,11721.25485,E,1,08,3.23,14.8,M,-4.9,M,,*67
$BDGSA,A,3,06,08,16,23,32,37,38,39,,,,,6.07,3.23,5.14,4*04
$BDGSV,5,1,19,01,36,141,,02,35,228,,03,44,191,,04,26,125,,1*79
$BDGSV,5,2,19,05,17,250,,06,68,316,29,07,13,180,14,08,30,203,18,1*73
$BDGSV,5,3,19,09,55,288,18,16,68,319,29,20,25,316,,23,78,027,28,1*70
$BDGSV,5,4,19,25,26,052,20,32,75,257,28,37,43,241,28,38,20,192,24,1*78
$BDGSV,5,5,19,39,71,355,29,40,11,169,,41,37,157,,1*41
$BDGSV,2,1,06,20,25,316,27,23,78,027,32,32,75,257,27,37,43,241,31,3*7C
$BDGSV,2,2,06,38,20,192,26,39,71,355,39,3*73
$BDGLL,3904.60369,N,11721.25485,E,134005.00,A,A*75
$BDTXT,01,01,01,ANTENNA OK*24

-- Build QB4 Data :2024,7,10 21-40-5   294






$BDZDA,134006.00,10,07,2024,00,00*75
$BDRMC,134006.00,A,3904.60372,N,11721.25477,E,0.050,,100724,,,A,V*17
$BDGGA,134006.00,3904.60372,N,11721.25477,E,1,08,3.23,15.0,M,-4.9,M,,*6A
$BDGSA,A,3,06,08,16,23,32,37,38,39,,,,,6.07,3.23,5.14,4*04
$BDGSV,5,1,19,01,36,141,,02,35,228,,03,44,191,,04,26,125,,1*79
$BDGSV,5,2,19,05,17,250,,06,68,316,31,07,13,180,14,08,30,203,18,1*7A
$BDGSV,5,3,19,09,55,288,18,16,68,319,34,20,25,316,,23,78,027,34,1*71
$BDGSV,5,4,19,25,26,052,20,32,75,257,30,37,43,241,30,38,20,192,25,1*79
$BDGSV,5,5,19,39,71,355,33,40,11,169,,41,37,157,,1*4A
$BDGSV,2,1,06,20,25,316,27,23,78,027,36,32,75,257,33,37,43,241,34,3*78
$BDGSV,2,2,06,38,20,192,27,39,71,355,41,3*7D
$BDGLL,3904.60372,N,11721.25477,E,134006.00,A,A*71
$BDTXT,01,01,01,ANTENNA OK*24

-- Send QB4 Data OK......294


-- Build QB4 Data :2024,7,10 21-40-6   294






$BDZDA,134007.00,10,07,2024,00,00*74
$BDRMC,134007.00,A,3904.60375,N,11721.25467,E,0.076,,100724,,,A,V*14
$BDGGA,134007.00,3904.60375,N,11721.25467,E,1,08,3.23,15.0,M,-4.9,M,,*6D
$BDGSA,A,3,06,08,16,23,32,37,38,39,,,,,6.07,3.23,5.14,4*04
$BDGSV,5,1,19,01,36,141,,02,35,228,,03,44,191,,04,26,125,,1*79
$BDGSV,5,2,19,05,17,250,,06,68,316,30,07,13,180,15,08,30,203,18,1*7A
$BDGSV,5,3,19,09,55,288,18,16,68,319,34,20,25,316,,23,78,027,33,1*76
$BDGSV,5,4,19,25,26,052,19,32,75,257,30,37,43,241,29,38,20,192,25,1*7B
$BDGSV,5,5,19,39,71,355,33,40,11,169,,41,37,157,,1*4A
$BDGSV,2,1,06,20,25,316,-- Send QB4 Data OK......294

28,23,78,027,36,32,75,257,33,37,43,241,34,3*77
$BDGSV,2,2,06,38,20,192,27,39,71,355,41,3*7D
$BDGLL,3904.60375,N,11721.25467,E,134007.00,A,A*76
$BDTXT,01,01,01,ANTENNA OK*24

-- Build QB4 Data :2024,7,10 21-40-7   294






$BDZDA,134008.00,10,07,2024,00,00*7B
$BDRMC,134008.00,A,3904.60382,N,11721.25454,E,0.190,,100724,,,A,V*1A
$BDGGA,134008.00,3904.60382,N,11721.25454,E,1,08,3.23,15.1,M,-4.9,M,,*6B
$BDGSA,A,3,06,08,16,23,32,37,38,39,,,,,6.07,3.23,5.14,4*04
$BDGSV,5,1,19,01,36,141,,02,35,228,,03,44,191,,04,26,125,,1*79
$BDGSV,5,2,19,05,17,250,,06,68,316,30,07,13,180,13,08,30,203,18,1*7C
$BDGSV,5,3,19,09,55,288,19,16,68,319,34,20,25,316,,23,78,027,33,1*77
$BDGSV,5,4,19,25,26,052,19,32,75,256,30,37,43,241,29,38,20,192,25,1*7A
$BDGSV,5,5,19,39,71,355,33,40,11,169,,41,37,157,,1*4A
$BDGSV,2,1,06,20,25,316,28,23,78,027,36,32,75,256,32,37,43,241,34,3*77
$BDGSV,2,2,06,38,20,192,27,39,71,355,39,3*72
$BDGLL,3904.60382,N,11721.25454,E,134008.00,A,A*71
$BDTXT,01,01,01,ANTENNA OK*24

-- Send QB4 Data OK......294


-- Build QB4 Data :2024,7,10 21-40-8   294






$BDZDA,134009.00,10,07,2024,00,00*7A
$BDRMC,134009.00,A,3904.60393,N,11721.25431,E,0.198,,100724,,,A,V*10
$BDGGA,134009.00,3904.60393,N,11721.25431,E,1,08,3.23,15.0,M,-4.9,M,,*68
$BDGSA,A,3,06,08,16,23,32,37,38,39,,,,,6.07,3.23,5.13,4*03
$BDGSV,5,1,19,01,36,141,,02,35,228,,03,44,191,,04,26,125,,1*79
$BDGSV,5,2,19,05,17,250,,06,68,316,30,07,13,180,,08,30,203,19,1*7F
$BDGSV,5,3,19,09,55,288,19,16,68,319,33,20,25,316,,23,78,027,33,1*70
$BDGSV,5,4,19,25,26,052,19,32,75,256,30,37,43,241,28,38,20,192,25,1*7B
$BDGSV,5,5,19,39,71,355,32,40,11,169,,41,37,157,,1*4B
$BDGSV,2,1,06,20,25,316,28,23,78,027,35,32,75,256,32,37,43,241,33,3*73
$BDGSV,2,2,06,38,20,192,27,39,71,355,39,3*72
$BDGLL,3904.60393,N,11721.25431,E,134009.00,A,A*73
$BDTXT,01,01,01,ANTENNA OK*24

-- Send QB4 Data OK......294


-- Build QB4 Data :2024,7,10 21-40-9   294






$BDZDA,134010.00,10,07,2024,00,00*72
$BDRMC,134010.00,A,3904.60402,N,11721.25416,E,0.259,,100724,,,A,V*1C
$BDGGA,134010.00,3904.60402,N,11721.25416,E,1,08,3.23,15.0,M,-4.9,M,,*6A
$BDGSA,A,3,06,08,16,23,32,37,38,39,,,,,6.06,3.23,5.13,4*02
$BDGSV,5,1,19,01,36,141,,02,35,228,,03,44,191,,04,26,125,,1*79
$BDGSV,5,2,19,05,17,250,,06,68,316,31,07,13,180,,08,30,203,19,1*7E
$BDGSV,5,3,19,09,55,288,19,16,68,319,34,20,25,316,,23,78,027,33,1*77
$BDGSV,5,4,19,25,26,052,19,32,75,2-- Send QB4 Data OK......294

56,30,37,43,241,28,38,20,192,25,1*7B
$BDGSV,5,5,19,39,71,355,33,40,11,169,,41,37,157,,1*4A
$BDGSV,2,1,06,20,25,316,28,23,78,027,35,32,75,256,32,37,43,241,33,3*73
$BDGSV,2,2,06,38,20,192,27,39,71,355,40,3*7C
$BDGLL,3904.60402,N,11721.25416,E,134010.00,A,A*71
$BDTXT,01,01,01,ANTENNA OK*24

-- Build QB4 Data :2024,7,10 21-40-10   294






$BDZDA,134011.00,10,07,2024,00,00*73
$BDRMC,134011.00,A,3904.60408,N,11721.25391,E,0.167,,100724,,,A,V*11
$BDGGA,134011.00,3904.60408,N,11721.25391,E,1,08,3.23,15.1,M,-4.9,M,,*68
$BDGSA,A,3,06,08,16,23,32,37,38,39,,,,,6.06,3.23,5.13,4*02
$BDGSV,5,1,19,01,36,141,,02,35,228,,03,44,191,,04,26,125,,1*79
$BDGSV,5,2,19,05,17,250,,06,68,316,30,07,13,180,,08,30,203,18,1*7E
$BDGSV,5,3,19,09,55,288,19,16,68,319,33,20,25,316,18,23,78,027,33,1*79
$BDGSV,5,4,19,25,26,052,19,32,75,256,29,37,43,241,27,38,20,192,25,1*7C
$BDGSV,5,5,19,39,71,355,32,40,11,169,,41,37,157,,1*4B
$BDGSV,2,1,06,20,25,316,27,23,78,027,34,32,75,256,31,37,43,241,32,3*7F
$BDGSV,2,2,06,38,20,192,26,39,71,355,39,3*73
$BDGLL,3904.60408,N,11721.25391,E,134011.00,A,A*72
$BDTXT,01,01,01,ANTENNA OK*24

-- Send QB4 Data OK......294


-- Build QB4 Data :2024,7,10 21-40-11   294






$BDZDA,134012.00,10,07,2024,00,00*70
$BDRMC,134012.00,A,3904.60408,N,11721.25371,E,0.080,,100724,,,A,V*14
$BDGGA,134012.00,3904.60408,N,11721.25371,E,1,08,3.23,15.4,M,-4.9,M,,*60
$BDGSA,A,3,06,08,16,23,32,37,38,39,,,,,6.06,3.23,5.13,4*02
$BDGSV,5,1,19,01,36,141,,02,35,228,,03,44,191,,04,26,125,,1*79
$BDGSV,5,2,19,05,17,250,,06,68,316,31,07,13,180,,08,30,203,19,1*7E
$BDGSV,5,3,19,09,55,288,19,16,68,319,35,20,25,316,19,23,78,027,34,1*79
$BDGSV,5,4,19,25,26,052,19,32,75,256,31,37,43,241,28,38,20,192,26,1*79
$BDGSV,5,5,19,39,71,355,33,40,11,169,,41,37,157,,1*4A
$BDGSV,2,1,06,20,25,316,28,23,78,027,35,32,75,256,32,37,43,241,33,3*73
$BDGSV,2,2,06,38,20,192,27,39,71,355,41,3*7D
$BDGLL,3904.60408,N,11721.25371,E,134012.00,A,A*7F
$BDTXT,01,01,01,ANTENNA OK*24

-- Send QB4 Data OK......294


-- Build QB4 Data :2024,7,10 21-40-12   294






$BDZDA,134013.00,10,07,2024,00,00*71
$BDRMC,134013.00,A,3904.60415,N,11721.25352,E,0.035,,100724,,,A,V*16
$BDGGA,134013.00,3904.60415,N,11721.25352,E,1,08,3.23,15.5,M,-4.9,M,,*6D
$BDGSA,A,3,06,08,16,23,32,37,38,39,,,,,6.06,3.23,5.13,4*02
$BDGSV,5,1,19,01,36,141,,02,35,228,,03,44,191,,04,26,125,,1*79
$BDGSV,5,2,19,05,17,250,,06,68,316,31,07,13,180,,08,30-- Send QB4 Data OK......294

,203,20,1*74
$BDGSV,5,3,19,09,55,288,20,16,68,319,35,20,25,316,19,23,78,027,34,1*73
$BDGSV,5,4,19,25,26,052,20,32,75,256,30,37,43,241,28,38,20,192,26,1*72
$BDGSV,5,5,19,39,71,355,33,40,11,169,,41,37,157,,1*4A
$BDGSV,2,1,06,20,25,316,28,23,78,027,36,32,75,256,32,37,43,241,34,3*77
$BDGSV,2,2,06,38,20,192,27,39,71,355,40,3*7C
$BDGLL,3904.60415,N,11721.25352,E,134013.00,A,A*73
$BDTXT,01,01,01,ANTENNA OK*24

-- Build QB4 Data :2024,7,10 21-40-13   294


-- Send QB4 Data OK......294






$BDZDA,134014.00,10,07,2024,00,00*76
$BDRMC,134014.00,A,3904.60423,N,11721.25336,E,0.067,,100724,,,A,V*11
$BDGGA,134014.00,3904.60423,N,11721.25336,E,1,08,3.23,15.5,M,-4.9,M,,*6D
$BDGSA,A,3,06,08,16,23,32,37,38,39,,,,,6.06,3.23,5.13,4*02
$BDGSV,5,1,19,01,36,141,,02,35,228,,03,44,191,,04,26,125,,1*79
$BDGSV,5,2,19,05,17,250,,06,68,316,30,07,13,180,,08,30,203,18,1*7E
$BDGSV,5,3,19,09,55,288,19,16,68,319,33,20,25,316,18,23,78,027,33,1*79
$BDGSV,5,4,19,25,26,052,19,32,75,256,29,37,43,241,27,38,20,192,25,1*7C
$BDGSV,5,5,19,39,71,355,32,40,11,169,,41,37,157,,1*4B
$BDGSV,2,1,06,20,25,316,28,23,78,027,35,32,75,256,31,37,43,241,33,3*70
$BDGSV,2,2,06,38,20,192,27,39,71,355,39,3*72
$BDGLL,3904.60423,N,11721.25336,E,134014.00,A,A*73
$BDTXT,01,01,01,ANTENNA OK*24

-- Build QB4 Data :2024,7,10 21-40-14   294






$BDZDA,134015.00,10,07,2024,00,00*77
$BDRMC,134015.00,A,3904.60426,N,11721.25323,E,0.096,,100724,,,A,V*1F
$BDGGA,134015.00,3904.60426,N,11721.25323,E,1,08,3.22,15.5,M,-4.9,M,,*6C
$BDGSA,A,3,06,08,16,23,32,37,38,39,,,,,6.06,3.22,5.13,4*03
$BDGSV,5,1,19,01,36,141,,02,35,228,,03,44,191,,04,26,125,,1*79
$BDGSV,5,2,19,05,17,250,,06,68,316,30,07,13,180,,08,30,203,18,1*7E
$BDGSV,5,3,19,09,55,288,18,16,68,319,34,20,25,316,18,23,78,027,33,1*7F
$BDGSV,5,4,19,25,26,052,18,32,75,256,28,37,43,241,26,38,20,192,25,1*7D
$BDGSV,5,5,19,39,71,355,32,40,11,169,,41,37,157,,1*4B
$BDGSV,2,1,06,20,25,316,28,23,78,027,35,32,75,256,32,37,43,241,33,3*73
$BDGSV,2,2,06,38,20,192,26,39,71,355,40,3*7D
$BDGLL,3904.60426,N,11721.25323,E,134015.00,A,A*73
$BDTXT,01,01,01,ANTENNA OK*24

-- Send QB4 Data OK......294


-- Build QB4 Data :2024,7,10 21-40-15   294






$BDZDA,134016.00,10,07,2024,00,00*74
$BDRMC,134016.00,A,3904.60425,N,11721.25314,E,0.027,,100724,,,A,V*11
$BDGGA,134016.00,3904.60425,N,11721.25314,E,1,08,3.22,15.9,M,-4.9,M,,*64
$BDGSA,A,3,06,08,16,23,32,37,38,39,,,,,6.06,3.22,5.13,4*03
-- Send QB4 Data OK......294

$BDGSV,5,1,19,01,36,141,,02,35,228,,03,44,191,,04,26,125,,1*79
$BDGSV,5,2,19,05,17,250,,06,68,316,31,07,13,180,,08,30,203,18,1*7F
$BDGSV,5,3,19,09,55,288,20,16,68,319,34,20,25,316,18,23,78,027,33,1*74
$BDGSV,5,4,19,25,26,052,18,32,75,256,29,37,43,241,26,38,20,192,25,1*7C
$BDGSV,5,5,19,39,71,355,33,40,11,169,,41,37,157,,1*4A
$BDGSV,2,1,06,20,25,316,28,23,78,027,36,32,75,256,32,37,43,241,33,3*70
$BDGSV,2,2,06,38,20,192,27,39,71,355,40,3*7C
$BDGLL,3904.60425,N,11721.25314,E,134016.00,A,A*77
$BDTXT,01,01,01,ANTENNA OK*24

-- Build QB4 Data :2024,7,10 21-40-16   294






$BDZDA,134017.00,10,07,2024,00,00*75
$BDRMC,134017.00,A,3904.60432,N,11721.25301,E,0.081,,100724,,,A,V*1E
$BDGGA,134017.00,3904.60432,N,11721.25301,E,1,08,3.22,16.0,M,-4.9,M,,*6D
$BDGSA,A,3,06,08,16,23,32,37,38,39,,,,,6.06,3.22,5.12,4*02
$BDGSV,5,1,19,01,36,141,,02,35,228,,03,44,191,,04,26,125,,1*79
$BDGSV,5,2,19,05,17,250,,06,68,316,31,07,13,180,,08,30,203,20,1*74
$BDGSV,5,3,19,09,55,288,20,16,68,319,34,20,25,316,18,23,78,027,34,1*73
$BDGSV,5,4,19,25,26,052,19,32,75,256,29,37,43,241,26,38,20,192,25,1*7D
$BDGSV,5,5,19,39,71,355,33,40,11,169,,41,37,157,,1*4A
$BDGSV,2,1,06,20,25,316,29,23,78,027,36,32,75,256,32,37,43,241,33,3*71
$BDGSV,2,2,06,38,20,192,27,39,71,355,40,3*7C
$BDGLL,3904.60432,N,11721.25301,E,134017.00,A,A*74
$BDTXT,01,01,01,ANTENNA OK*24

-- Send QB4 Data OK......294


-- Build QB4 Data :2024,7,10 21-40-17   294






$BDZDA,134018.00,10,07,2024,00,00*7A
$BDRMC,134018.00,A,3904.60440,N,11721.25281,E,0.106,,100724,,,A,V*13
$BDGGA,134018.00,3904.60440,N,11721.25281,E,1,08,3.22,16.4,M,-4.9,M,,*6A
$BDGSA,A,3,06,08,16,23,32,37,38,39,,,,,6.05,3.22,5.12,4*01
$BDGSV,5,1,19,01,36,141,,02,35,228,,03,44,191,,04,26,125,,1*79
$BDGSV,5,2,19,05,17,250,,06,68,316,29,07,13,180,,08,30,203,19,1*77
$BDGSV,5,3,19,09,55,288,20,16,68,319,33,20,25,316,19,23,78,027,32,1*73
$BDGSV,5,4,19,25,26,052,19,32,75,256,29,37,43,241,25,38,20,192,25,1*7E
$BDGSV,5,5,19,39,71,355,32,40,11,169,,41,37,157,,1*4B
$BDGSV,2,1,06,20,25,316,28,23,78,027,35,32,75,256,31,37,43,241,32,3*71
$BDGSV,2,2,06,38,20,192,27,39,71,355,40,3*7C
$BDGLL,3904.60440,N,11721.25281,E,134018.00,A,A*77
$BDTXT,01,01,01,ANTENNA OK*24
-- Send QB4 Data OK......294


-- Build QB4 Data :2024,7,10 21-40-18   294






$BDZDA,134019.00,10,07,2024,00,00*7B
$BDRMC,134019.00,A,3904.60441,N,11721.25268,E,0.161,,100724,,,A,V*15
$BDGGA,134019.00-- Send QB4 Data OK......294

,3904.60441,N,11721.25268,E,1,08,3.22,16.7,M,-4.9,M,,*6E
$BDGSA,A,3,06,08,16,23,32,37,38,39,,,,,6.05,3.22,5.12,4*01
$BDGSV,5,1,19,01,36,141,,02,35,228,,03,44,191,,04,26,125,,1*79
$BDGSV,5,2,19,05,17,250,,06,68,316,30,07,13,180,,08,30,203,19,1*7F
$BDGSV,5,3,19,09,55,288,20,16,68,319,33,20,25,316,18,23,78,027,33,1*73
$BDGSV,5,4,19,25,26,052,19,32,75,256,29,37,43,241,25,38,20,192,25,1*7E
$BDGSV,5,5,19,39,71,355,32,40,11,169,,41,36,157,,1*4A
$BDGSV,2,1,06,20,25,316,29,23,78,027,35,32,75,256,32,37,43,241,33,3*72
$BDGSV,2,2,06,38,20,192,27,39,71,355,40,3*7C
$BDGLL,3904.60441,N,11721.25268,E,134019.00,A,A*70
$BDTXT,01,01,01,ANTENNA OK*24

-- Build QB4 Data :2024,7,10 21-40-19   294






$BDZDA,134020.00,10,07,2024,00,00*71
$BDRMC,134020.00,A,3904.60445,N,11721.25253,E,0.245,,100724,,,A,V*16
$BDGGA,134020.00,3904.60445,N,11721.25253,E,1,08,3.22,17.0,M,-4.9,M,,*6E
$BDGSA,A,3,06,08,16,23,32,37,38,39,,,,,6.05,3.22,5.12,4*01
$BDGSV,5,1,19,01,36,141,,02,35,228,,03,44,191,,04,26,125,,1*79
$BDGSV,5,2,19,05,17,250,,06,68,316,30,07,13,180,,08,30,203,20,1*75
$BDGSV,5,3,19,09,55,288,20,16,68,319,33,20,26,316,18,23,78,027,33,1*70
$BDGSV,5,4,19,25,26,052,18,32,75,256,29,37,43,241,25,38,19,192,25,1*75
$BDGSV,5,5,19,39,71,355,32,40,11,169,,41,36,157,,1*4A
$BDGSV,2,1,06,20,26,316,28,23,78,027,34,32,75,256,31,37,43,241,32,3*73
$BDGSV,2,2,06,38,19,192,26,39,71,355,39,3*79
$BDGLL,3904.60445,N,11721.25253,E,134020.00,A,A*76
$BDTXT,01,01,01,ANTENNA OK*24

-- Send QB4 Data OK......294


-- Build QB4 Data :2024,7,10 21-40-20   294






$BDZDA,134021.00,10,07,2024,00,00*70
$BDRMC,134021.00,A,3904.60452,N,11721.25239,E,0.093,,100724,,,A,V*14
$BDGGA,134021.00,3904.60452,N,11721.25239,E,1,08,3.22,17.1,M,-4.9,M,,*64
$BDGSA,A,3,06,08,16,23,32,37,38,39,,,,,6.05,3.22,5.12,4*01
$BDGSV,5,1,19,01,36,141,,02,35,228,,03,44,191,,04,26,125,,1*79
$BDGSV,5,2,19,05,17,250,,06,68,316,31,07,13,180,,08,30,203,20,1*74
$BDGSV,5,3,19,09,55,288,19,16,68,319,34,20,26,316,19,23,78,027,34,1*7B
$BDGSV,5,4,19,25,26,052,19,32,75,256,30,37,43,241,25,38,19,192,25,1*7C
$BDGSV,5,5,19,39,71,355,33,40,11,169,,41,36,157,26,1*4F
$BDGSV,2,1,06,20,26,316,29,23,78,027,35,32,75,256,32,37,43,241,32,3*70
$BDGSV,2,2,06,38,19,192,27,39,71,355,41,3*77
$BDGLL,3904.60452,N,11721.25239,E,134021.00,A,A*7D
$BDTXT,01,01,01,ANTENNA OK*24
-- Send QB4 Data OK......294


-- Build QB4 Data :2024,7,10 21-40-21   294






$BDZDA,134022.00,10,07,2024,00,00*73
$BDRMC,134022.00,A,3904.60459,N,11721.25225,E,0.121,,100724,,,A,V*19
$BDGGA,134022.00,3904.60459,N,11721.25225,E,1,08,3.22,17.4,M,-4.9,M,,*64
$BDGSA,A,3,06,08,16,23,32,37,38,39,,,,,6.05,3.22,5.12,4*01
$BDGSV,5,1,19,01,36,141,,02,35,228,,03,44,191,,04,26,125,,1*79
$BDGSV,5,2,19,05,17,250,,06,68,316,31,07,13,180,,08,30,203,20,1*74
$BDGSV,5,3,19,09,55,288,20,16,68,319,35,20,26,316,19,23,78,027,34,1*70
$BDGSV,5,4,19,25,26,052,19,32,75,256,30,37,43,241,25,38,19,192,25,1*7C
$BDGSV,5,5,19,39,71,355,34,40,11,169,,41,36,157,27,1*49
$BDGSV,2,1,06,20,26,316,29,23,78,027,35,32,75,256,32,37,43,241,33,3*71
$BDGSV,2,2,06,38,19,192,27,39,71,355,41,3*77
$BDGLL,3904.60459,N,11721.25225,E,134022.00,A,A*78
$BDTXT,01,01,01,ANTENNA OK*24

-- Send QB4 Data OK......294


-- Build QB4 Data :2024,7,10 21-40-22   294


-- Send QB4 Data OK......294






$BDZDA,134023.00,10,07,2024,00,00*72
$BDRMC,134023.00,A,3904.60462,N,11721.25197,E,0.058,,100724,,,A,V*15
$BDGGA,134023.00,3904.60462,N,11721.25197,E,1,08,3.22,17.6,M,-4.9,M,,*65
$BDGSA,A,3,06,08,16,23,32,37,38,39,,,,,6.05,3.22,5.12,4*01
$BDGSV,5,1,19,01,36,141,,02,35,228,,03,44,191,,04,26,125,,1*79
$BDGSV,5,2,19,05,17,250,,06,68,316,31,07,13,180,,08,30,203,20,1*74
$BDGSV,5,3,19,09,55,288,20,16,68,319,34,20,26,316,18,23,78,027,34,1*70
$BDGSV,5,4,19,25,26,052,19,32,75,256,29,37,43,241,24,38,19,192,25,1*75
$BDGSV,5,5,19,39,71,355,33,40,11,169,,41,36,157,27,1*4E
$BDGSV,2,1,07,20,26,316,29,23,78,027,35,32,75,256,32,37,43,241,32,3*71
$BDGSV,2,2,07,38,19,192,27,39,71,355,41,41,36,157,23,3*44
$BDGLL,3904.60462,N,11721.25197,E,134023.00,A,A*7B
$BDTXT,01,01,01,ANTENNA OK*24

-- Build QB4 Data :2024,7,10 21-40-23   294






$BDZDA,134024.00,10,07,2024,00,00*75
$BDRMC,134024.00,A,3904.60462,N,11721.25178,E,0.067,,100724,,,A,V*1F
$BDGGA,134024.00,3904.60462,N,11721.25178,E,1,08,3.22,17.8,M,-4.9,M,,*6D
$BDGSA,A,3,06,08,16,23,32,37,38,39,,,,,6.05,3.22,5.12,4*01
$BDGSV,5,1,19,01,36,141,,02,35,228,,03,44,191,,04,26,125,,1*79
$BDGSV,5,2,19,05,17,250,,06,68,316,24,07,13,180,,08,30,203,18,1*7B
$BDGSV,5,3,19,09,55,288,20,16,68,319,29,20,26,316,18,23,78,027,29,1*70
$BDGSV,5,4,19,25,26,052,19,32,75,256,21,37,43,241,23,38,19,192,24,1*7B
$BDGSV,5,5,19,39,71,355,28,40,11,169,,41,36,157,25,1*46
$BDGSV,2,1,07,20,26,316,28,23,78,027,31,32,75,256,26,37,43,241,27,3*75
$BDGSV,2,2,07,38,19,192,26,39,71,355,37,41,36,157,23,3*44
$BDGLL,3-- Send QB4 Data OK......294

904.60462,N,11721.25178,E,134024.00,A,A*7D
$BDTXT,01,01,01,ANTENNA OK*24

-- Build QB4 Data :2024,7,10 21-40-24   294


-- Send QB4 Data OK......294





$BDZDA,134025.00,10,07,2024,00,00*74
$BDRMC,134025.00,A,3904.60466,N,11721.25169,E,0.399,,100724,,,A,V*18
$BDGGA,134025.00,3904.60466,N,11721.25169,E,1,08,3.22,17.7,M,-4.9,M,,*67
$BDGSA,A,3,06,08,16,23,32,37,38,39,,,,,6.05,3.22,5.11,4*02
$BDGSV,5,1,19,01,36,141,,02,35,228,,03,44,191,,04,26,125,,1*79
$BDGSV,5,2,19,05,17,250,,06,68,316,31,07,13,180,,08,30,203,17,1*70
$BDGSV,5,3,19,09,55,288,19,16,68,319,34,20,26,316,18,23,78,027,34,1*7A
$BDGSV,5,4,19,25,26,052,18,32,75,256,24,37,43,241,22,38,19,192,24,1*7E
$BDGSV,5,5,19,39,71,355,34,40,11,169,,41,36,157,25,1*4B
$BDGSV,2,1,07,20,26,316,29,23,78,027,36,32,75,256,32,37,43,241,31,3*71
$BDGSV,2,2,07,38,19,192,26,39,71,355,41,41,36,157,24,3*42
$BDGLL,3904.60466,N,11721.25169,E,134025.00,A,A*78
$BDTXT,01,01,01,ANTENNA OK*24

-- Build QB4 Data :2024,7,10 21-40-25   294






$BDZDA,134026.00,10,07,2024,00,00*77
$BDRMC,134026.00,A,3904.60468,N,11721.25142,E,0.079,,100724,,,A,V*11
$BDGGA,134026.00,3904.60468,N,11721.25142,E,1,08,3.22,17.8,M,-4.9,M,,*6C
$BDGSA,A,3,06,08,16,23,32,37,38,39,,,,,6.05,3.22,5.11,4*02
$BDGSV,5,1,20,01,36,141,,02,35,228,,03,44,191,,04,26,125,,1*73
$BDGSV,5,2,20,05,17,250,,06,68,316,31,07,13,180,,08,30,203,19,1*74
$BDGSV,5,3,20,09,55,288,20,16,68,319,34,20,26,316,18,23,78,027,34,1*7A
$BDGSV,5,4,20,25,26,052,18,32,75,256,27,34,01,069,,37,43,241,22,1*71
$BDGSV,5,5,20,38,19,192,24,39,71,355,33,40,11,169,,41,36,157,26,1*7A
$BDGSV,2,1,07,20,26,316,30,23,78,027,35,32,75,256,32,37,43,241,32,3*79
$BDGSV,2,2,07,38,19,192,26,39,71,355,41,41,36,157,25,3*43
$BDGLL,3904.60468,N,11721.25142,E,134026.00,A,A*7C
$BDTXT,01,01,01,ANTENNA OK*24

-- Send QB4 Data OK......294


-- Build QB4 Data :2024,7,10 21-40-26   294






$BDZDA,134027.00,10,07,2024,00,00*76
$BDRMC,134027.00,A,3904.60472,N,11721.25114,E,0.162,,100724,,,A,V*13
$BDGGA,134027.00,3904.60472,N,11721.25114,E,1,08,3.22,17.7,M,-4.9,M,,*6A
$BDGSA,A,3,06,08,16,23,32,37,38,39,,,,,6.04,3.22,5.11,4*03
$BDGSV,5,1,20,01,36,141,,02,35,228,,03,44,191,,04,26,125,,1*73
$BDGSV,5,2,20,05,17,250,,06,68,316,30,07,13,180,,08,30,203,19,1*75
$BDGSV,5,3,20,09,55,288,20,16,68,319,34,20,26,316,18,23,78,027,34,1*7A
$BDGSV,5,4,20,25,26,052,18,32,75,256,28,34,01,069,,37,43,241,22,1*7E
$BDGSV,5,5,20,38,19,192,24,39,71,355,33,40,11,169,,41,36,157,27,1*7B
$BDGSV,2,1-- Send QB4 Data OK......294

,07,20,26,316,30,23,78,027,35,32,75,256,31,37,43,241,32,3*7A
$BDGSV,2,2,07,38,19,192,26,39,71,355,40,41,36,157,25,3*42
$BDGLL,3904.60472,N,11721.25114,E,134027.00,A,A*75
$BDTXT,01,01,01,ANTENNA OK*24

-- Build QB4 Data :2024,7,10 21-40-27   294


-- Send QB4 Data OK......294





$BDZDA,134028.00,10,07,2024,00,00*79
$BDRMC,134028.00,A,3904.60476,N,11721.25081,E,0.268,,100724,,,A,V*1C
$BDGGA,134028.00,3904.60476,N,11721.25081,E,1,08,3.22,18.0,M,-4.9,M,,*64
$BDGSA,A,3,06,08,16,23,32,37,38,39,,,,,6.04,3.22,5.11,4*03
$BDGSV,5,1,20,01,36,141,,02,35,228,,03,44,191,,04,26,125,,1*73
$BDGSV,5,2,20,05,17,250,,06,68,316,30,07,13,180,,08,30,203,19,1*75
$BDGSV,5,3,20,09,55,288,21,16,68,319,34,20,26,316,17,23,78,027,34,1*74
$BDGSV,5,4,20,25,26,052,18,32,75,256,28,34,01,069,,37,43,241,22,1*7E
$BDGSV,5,5,20,38,19,192,25,39,71,355,32,40,11,169,,41,36,157,27,1*7B
$BDGSV,2,1,07,20,26,316,29,23,78,027,35,32,75,256,31,37,43,241,31,3*71
$BDGSV,2,2,07,38,19,192,26,39,71,355,40,41,36,157,25,3*42
$BDGLL,3904.60476,N,11721.25081,E,134028.00,A,A*73
$BDTXT,01,01,01,ANTENNA OK*24

-- Build QB4 Data :2024,7,10 21-40-28   294






$BDZDA,134029.00,10,07,2024,00,00*78
$BDRMC,134029.00,A,3904.60473,N,11721.25054,E,0.405,,100724,,,A,V*1D
$BDGGA,134029.00,3904.60473,N,11721.25054,E,1,08,3.22,18.0,M,-4.9,M,,*68
$BDGSA,A,3,06,08,16,23,32,37,38,39,,,,,6.04,3.22,5.11,4*03
$BDGSV,5,1,20,01,36,141,,02,35,228,,03,44,191,,04,26,125,,1*73
$BDGSV,5,2,20,05,17,250,,06,68,316,30,07,13,180,18,08,30,203,19,1*7C
$BDGSV,5,3,20,09,55,288,20,16,68,319,34,20,26,316,18,23,78,027,34,1*7A
$BDGSV,5,4,20,25,26,052,18,32,75,256,28,34,01,069,,37,43,241,23,1*7F
$BDGSV,5,5,20,38,19,192,25,39,71,355,33,40,11,169,,41,36,157,27,1*7A
$BDGSV,2,1,07,20,26,316,29,23,78,027,35,32,75,256,31,37,43,241,31,3*71
$BDGSV,2,2,07,38,19,192,26,39,71,355,39,41,36,157,25,3*4C
$BDGLL,3904.60473,N,11721.25054,E,134029.00,A,A*7F
$BDTXT,01,01,01,ANTENNA OK*24

-- Send QB4 Data OK......294


-- Build QB4 Data :2024,7,10 21-40-29   294






$BDZDA,134030.00,10,07,2024,00,00*70
$BDRMC,134030.00,A,3904.60467,N,11721.25031,E,0.476,,100724,,,A,V*17
$BDGGA,134030.00,3904.60467,N,11721.25031,E,1,08,3.22,18.4,M,-4.9,M,,*62
$BDGSA,A,3,06,08,16,23,32,37,38,39,,,,,6.04,3.22,5.11,4*03
$BDGSV,5,1,20,01,36,141,,02,35,228,,03,44,191,,04,26,125,,1*73
$BDGSV,5,2,20,05,17,250,,06,68,316,30,07,13,180,16,08,30,203,19,1*72
$BDGSV,5,3,20,09,55,288,20,16,68,319,33,20,26,316,18,23,78,027,33,1*7A
$BDGSV,5,4,20,25,26,052,18,32,75,256,28,34,01,069,,37,43,241,22,1*7E
$BDGSV,5,5,20,38,19,192,24,39,71,355,32,40,11,169,,41,36,157,27,1*7A
$BDGSV,2,1,07,20,26,316,29,23,78,027,34,32,75,256,31,37,43,241,30,3*71
$BDGSV,2,2,07,38,19,192,26,39,71,355,40,41,36,157,25,3*42
$BDGLL,3904.60467,N,11721.25031,E,134030.00,A,A*71
$BDTXT,01,01,01,ANTENNA OK*24

-- Send QB4 Data OK......294


-- Build QB4 Data :2024,7,10 21-40-30   294






$BDZDA,134031.00,10,07,2024,00,00*71
$BDRMC,134031.00,A,3904.60466,N,11721.25008,E,0.272,,100724,,,A,V*1F
$BDGGA,134031.00,3904.60466,N,11721.25008,E,1,08,3.22,18.8,M,-4.9,M,,*64
$BDGSA,A,3,06,08,16,23,32,37,38,39,,,,,6.04,3.22,5.11,4*03
$BDGSV,5,1,20,01,36,141,,02,35,228,,03,44,191,,04,26,125,,1*73
$BDGSV,5,2,20,05,17,250,,06,68,316,31,07,13,180,16,08,30,203,19,1*73
$BDGSV,5,3,20,09,55,288,20,16,68,319,35,20,26,316,19,23,78,027,34,1*7A
$BDGSV,5,4,20,25,26,052,19,32,75,256,29,34,01,069,,37,43,241,23,1*7F
$BDGSV,5,5,20,38,19,192,25,39,71,355,34,40,11,169,,41,36,157,28,1*72
$BDGSV,2,1,07,20,26,316,30,23,78,027,35,32,75,256,32,37,43,241,31,3*7A
$BDGSV,2,2,07,38,19,192,27,39,71,355,41,41,36,157,26,3*41
$BDGLL,3904.60466,N,11721.25008,E,134031.00,A,A*7B
$BDTXT,01,01,01,ANTENNA OK*24

-- Send QB4 Data OK......294


-- Build QB4 Data :2024,7,10 21-40-31   294






$BDZDA,134032.00,10,07,2024,00,00*72
$BDRMC,134032.00,A,3904.60466,N,11721.24981,E,0.147,,100724,,,A,V*10
$BDGGA,134032.00,3904.60466,N,11721.24981,E,1,08,3.22,19.1,M,-4.9,M,,*66
$BDGSA,A,3,06,08,16,23,32,37,38,39,,,,,6.04,3.22,5.11,4*03
$BDGSV,5,1,20,01,36,141,,02,35,228,,03,44,191,,04,26,125,,1*73
$BDGSV,5,2,20,05,17,250,,06,68,316,31,07,13,180,16,08,30,203,20,1*79
$BDGSV,5,3,20,09,55,288,21,16,68,319,35,20,26,316,20,23,78,027,34,1*71
$BDGSV,5,4,20,25,26,052,20,32,75,256,29,34,01,069,,37,43,241,24,1*72
$BDGSV,5,5,20,38,19,192,26,39,71,355,34,40,11,169,,41,36,157,28,1*71
$BDGSV,2,1,07,20,26,316,30,23,78,027,35,32,75,256,32,37,43,241,31,3*7A
$BDGSV,2,2,07,38,19,192,27,39,71,355,41,41,36,157,27,3*40
$BDGLL,3904.60466,N,11721.24981,E,134032.00,A,A*71
$BDTXT,01,01,01,ANTENNA OK*24

-- Send QB4 Data OK......294


-- Build QB4 Data :2024,7,10 21-40-32   294






$BDZDA,134033.00,10,07,2024,00,00*73
$BDRMC,134033.00,A,3904.60465,N,11721.24961,E,0.099,,100724,,,A,V*1E
$BDGGA,134033.00,3904.60465,N,11721.24961,E,1,08,3.22,19.5,M,-4.9,M,,*6E
$BDGSA,A,3,06,08,16,23,32,37,38,39,,,,,6.04,3.22,5.10,4*02
$BDGSV,5,1,20,01,36,141,,02,35,228,,03,44,191,,04,26,125,,1*73
$BDGSV,5,2,20,05,17,250,,06,68,316,31,07,13,180,17,08,30,203,21,1*79
$BDGSV,5,3,20,09,55,288,21,16,68,319,34,20,26,316,20,23,78,027,34,1*70
$BDGSV,5,4,20,25,26,052,19,32,75,256,28,34,01,069,,37,43,241,23,1*7E
$BDGSV,5,5,20,38,19,192,25,39,71,355,33,40,11,169,,41,36,157,28,1*75
$BDGSV,2,1,07,20,26,316,29,23,78,027,35,32,75,256,31,37,43,241,30,3*70
$BDGSV,2,2,07,38,19,192,26,39,71,355,41,41,36,157,27,3*41
$BDGLL,3904.60465,N,11721.24961,E,134033.00,A,A*7D
$BDTXT,01,01,01,ANTENNA OK*24

-- Send QB4 Data OK......294


-- Build QB4 Data :2024,7,10 21-40-33   294






$BDZDA,134034.00,10,07,2024,00,00*74
$BDRMC,134034.00,A,3904.60464,N,11721.24947,E,0.210,,100724,,,A,V*1F
$BDGGA,134034.00,3904.60464,N,11721.24947,E,1,08,3.22,19.7,M,-4.9,M,,*6E
$BDGSA,A,3,06,08,16,23,32,37,38,39,,,,,6.04,3.22,5.10,4*02
-- Send QB4 Data OK......294

$BDGSV,5,1,20,01,36,141,,02,35,228,,03,44,191,,04,26,125,,1*73
$BDGSV,5,2,20,05,17,250,,06,68,316,29,07,13,180,14,08,30,203,20,1*72
$BDGSV,5,3,20,09,55,288,20,16,68,319,33,20,26,316,17,23,78,027,32,1*74
$BDGSV,5,4,20,25,26,052,18,32,75,256,27,34,01,069,,37,43,241,21,1*72
$BDGSV,5,5,20,38,19,192,23,39,71,355,32,40,11,169,,41,36,157,26,1*7C
$BDGSV,2,1,07,20,26,316,29,23,78,027,34,32,75,256,31,37,43,241,26,3*76
$BDGSV,2,2,07,38,19,192,25,39,71,355,39,41,36,157,26,3*4C
$BDGLL,3904.60464,N,11721.24947,E,134034.00,A,A*7F
$BDTXT,01,01,01,ANTENNA OK*24

-- Build QB4 Data :2024,7,10 21-40-34   294






$BDZDA,134035.00,10,07,2024,00,00*75
$BDRMC,134035.00,A,3904.60465,N,11721.24920,E,0.170,,100724,,,A,V*1B
$BDGGA,134035.00,3904.60465,N,11721.24920,E,1,08,3.22,20.3,M,-4.9,M,,*61
$BDGSA,A,3,06,08,16,23,32,37,38,39,,,,,6.03,3.22,5.10,4*05
$BDGSV,5,1,20,01,36,141,,02,35,228,,03,44,191,,04,26,125,,1*73
$BDGSV,5,2,20,05,17,250,,06,68,316,30,07,13,180,15,08,30,203,20,1*7B
$BDGSV,5,3,20,09,55,288,20,16,68,319,34,20,26,316,18,23,78,027,34,1*7A
$BDGSV,5,4,20,25,26,052,19,32,75,256,28,34,01,069,,37,43,241,22,1*7F
$BDGSV,5,5,20,38,19,192,25,39,71,355,33,40,11,169,,41,36,157,27,1*7A
$BDGSV,2,1,07,20,26,316,30,23,78,027,35,32,75,256,31,37,43,241,29,3*70
$BDGSV,2,2,07,38,19,192,26,39,71,355,41,41,36,157,27,3*41
$BDGLL,3904.60465,N,11721.24920,E,134035.00,A,A*7E
$BDTXT,01,01,01,ANTENNA OK*24

-- Send QB4 Data OK......294


-- Build QB4 Data :2024,7,10 21-40-35   294






$BDZDA,134036.00,10,07,2024,00,00*76
$BDRMC,134036.00,A,3904.60465,N,11721.24895,E,0.270,,100724,,,A,V*14
$BDGGA,134036.00,3904.60465,N,11721.24895,E,1,08,3.22,20.7,M,-4.9,M,,*69
$BDGSA,A,3,06,08,16,23,32,37,38,39,,,,,6.03,3.22,5.10,4*05
$BDGSV,5,1,20,01,36,141,,02,35,228,,03,44,191,,04,26,125,,1*73
$BDGSV,5,2,20,05,17,250,,06,68,316,30,07,13,180,14,08,30,203,19,1*70
$BDGSV,5,3,20,09,55,288,20,16,68,319,34,20,26,316,18,23,78,027,33,1*7D
$BDGSV,5,4,20,25,26,052,19,32,75,256,27,34,01,069,,37,43,241,22,1*70
$BDGSV,5,5,20,38,19,192,25,39,71,355,33,40,11,169,,41,36,157,28,1*75
$BDGSV,2,1,07,20,26,316,30,23,78,027,35,32,75,256,32,37,43,241,29,3*73
$BDGSV,2,2,07,38,19,192,26,39,71,355,40,41,36,157,27,3*40
$BDGLL,3904.60465,N,11721.24895,E,134036.00,A,A*72
$BDTXT,01,01,01,ANTENNA OK*24
-- Send QB4 Data OK......294


-- Build QB4 Data :2024,7,10 21-40-36   294






$BDZDA,134037.00,10,07,2024,00,00*77
$BDRMC,134037.00,A,3904.60469,N,11721.24867,E,0.230,,100724,,,A,V*10
$BDGGA,134037.00-- Send QB4 Data OK......294

,3904.60469,N,11721.24867,E,1,08,3.22,20.9,M,-4.9,M,,*67
$BDGSA,A,3,06,08,16,23,32,37,38,39,,,,,6.03,3.22,5.10,4*05
$BDGSV,5,1,20,01,36,141,,02,35,228,,03,44,191,,04,26,125,,1*73
$BDGSV,5,2,20,05,17,250,,06,68,316,30,07,13,180,14,08,30,203,20,1*7A
$BDGSV,5,3,20,09,55,288,20,16,68,319,34,20,26,316,18,23,78,027,33,1*7D
$BDGSV,5,4,20,25,26,052,19,32,75,256,27,34,01,069,,37,43,241,23,1*71
$BDGSV,5,5,20,38,19,192,25,39,71,355,33,40,11,169,,41,36,157,28,1*75
$BDGSV,2,1,07,20,26,316,30,23,78,027,35,32,75,256,31,37,43,241,29,3*70
$BDGSV,2,2,07,38,19,192,25,39,71,355,39,41,36,157,27,3*4D
$BDGLL,3904.60469,N,11721.24867,E,134037.00,A,A*72
$BDTXT,01,01,01,ANTENNA OK*24

-- Build QB4 Data :2024,7,10 21-40-37   294


-- Send QB4 Data OK......294






$BDZDA,134038.00,10,07,2024,00,00*78
$BDRMC,134038.00,A,3904.60468,N,11721.24836,E,0.095,,100724,,,A,V*17
$BDGGA,134038.00,3904.60468,N,11721.24836,E,1,08,3.22,21.4,M,-4.9,M,,*61
$BDGSA,A,3,06,08,16,23,32,37,38,39,,,,,6.03,3.22,5.10,4*05
$BDGSV,5,1,20,01,36,141,,02,35,228,,03,44,191,,04,26,125,,1*73
$BDGSV,5,2,20,05,17,250,,06,68,316,30,07,13,180,14,08,30,203,21,1*7B
$BDGSV,5,3,20,09,55,288,20,16,68,319,34,20,26,316,17,23,78,027,33,1*72
$BDGSV,5,4,20,25,26,052,18,32,75,256,27,34,01,069,,37,43,241,23,1*70
$BDGSV,5,5,20,38,19,192,25,39,71,355,32,40,11,169,,41,36,157,27,1*7B
$BDGSV,2,1,07,20,26,316,30,23,78,027,35,32,75,256,32,37,43,241,28,3*72
$BDGSV,2,2,07,38,19,192,26,39,71,355,40,41,36,157,28,3*4F
$BDGLL,3904.60468,N,11721.24836,E,134038.00,A,A*78
$BDTXT,01,01,01,ANTENNA OK*24

-- Build QB4 Data :2024,7,10 21-40-38   294






$BDZDA,134039.00,10,07,2024,00,00*79
$BDRMC,134039.00,A,3904.60459,N,11721.24802,E,0.036,,100724,,,A,V*1A
$BDGGA,134039.00,3904.60459,N,11721.24802,E,1,08,3.22,22.2,M,-4.9,M,,*60
$BDGSA,A,3,06,08,16,23,32,37,38,39,,,,,6.03,3.22,5.10,4*05
$BDGSV,5,1,20,01,36,141,,02,35,228,,03,44,191,,04,26,125,,1*73
$BDGSV,5,2,20,05,17,250,,06,68,316,30,07,13,180,15,08,30,203,21,1*7A
$BDGSV,5,3,20,09,55,288,21,16,68,319,34,20,26,316,18,23,78,027,33,1*7C
$BDGSV,5,4,20,25,26,052,19,32,75,256,27,34,01,069,,37,43,241,24,1*76
$BDGSV,5,5,20,38,19,192,25,39,71,355,32,40,11,169,,41,36,157,28,1*74
$BDGSV,2,1,07,20,26,316,30,23,78,027,34,32,75,256,31,37,43,241,28,3*70
$BDGSV,2,2,07,38,19,192,25,39,71,355,39,41,36,157,28,3*42
$BDGLL,3904.60459,N,11721.24802,E,134039.00,A,A*7C
$BDTXT,01,01,01,ANTENNA OK*24
-- Send QB4 Data OK......294


-- Build QB4 Data :2024,7,10 21-40-39   294


-- Send QB4 Data OK......294





$BDZDA,134040.00,10,07,2024,00,00*77
$BDRMC,134040.00,A,3904.60459,N,11721.24774,E,0.143,,100724,,,A,V*19
$BDGGA,134040.00,3904.60459,N,11721.24774,E,1,08,3.22,22.7,M,-4.9,M,,*65
$BDGSA,A,3,06,08,16,23,32,37,38,39,,,,,6.03,3.22,5.10,4*05
$BDGSV,5,1,20,01,36,141,,02,35,228,,03,44,191,,04,26,125,,1*73
$BDGSV,5,2,20,05,17,250,,06,68,316,30,07,13,180,15,08,30,203,21,1*7A
$BDGSV,5,3,20,09,55,288,21,16,68,319,34,20,26,316,18,23,78,027,34,1*7B
$BDGSV,5,4,20,25,26,052,19,32,75,256,27,34,01,069,,37,43,241,24,1*76
$BDGSV,5,5,20,38,19,192,26,39,71,355,33,40,11,169,,41,36,157,28,1*76
$BDGSV,2,1,07,20,26,316,30,23,78,027,35,32,75,256,31,37,43,241,28,3*71
$BDGSV,2,2,07,38,19,192,25,39,71,355,41,41,36,157,28,3*4D
$BDGLL,3904.60459,N,11721.24774,E,134040.00,A,A*7C
$BDTXT,01,01,01,ANTENNA OK*24

-- Build QB4 Data :2024,7,10 21-40-40   294






$BDZDA,134041.00,10,07,2024,00,00*76
$BDRMC,134041.00,A,3904.60458,N,11721.24749,E,0.256,,100724,,,A,V*10
$BDGGA,134041.00,3904.60458,N,11721.24749,E,1,08,3.22,23.3,M,-4.9,M,,*6E
$BDGSA,A,3,06,08,16,23,32,37,38,39,,,,,6.03,3.22,5.09,4*0D
$BDGSV,5,1,20,01,36,141,,02,35,228,,03,44,191,,04,26,125,,1*73
$BDGSV,5,2,20,05,17,250,,06,68,316,31,07,13,180,15,08,30,203,22,1*78
$BDGSV,5,3,20,09,55,288,21,16,68,319,35,20,26,316,18,23,78,027,34,1*7A
$BDGSV,5,4,20,25,25,052,19,32,75,256,28,34,01,069,,37,43,241,26,1*78
$BDGSV,5,5,20,38,19,192,26,39,71,355,34,40,11,169,,41,36,157,29,1*70
$BDGSV,2,1,07,20,26,316,30,23,78,027,35,32,75,256,32,37,43,241,28,3*72
$BDGSV,2,2,07,38,19,192,25,39,71,355,41,41,36,157,28,3*4D
$BDGLL,3904.60458,N,11721.24749,E,134041.00,A,A*72
$BDTXT,01,01,01,ANTENNA OK*24

-- Send QB4 Data OK......294


-- Build QB4 Data :2024,7,10 21-40-41   294






$BDZDA,134042.00,10,07,2024,00,00*75
$BDRMC,134042.00,A,3904.60458,N,11721.24728,E,0.246,,100724,,,A,V*15
$BDGGA,134042.00,3904.60458,N,11721.24728,E,1,08,3.22,23.7,M,-4.9,M,,*6E
$BDGSA,A,3,06,08,16,23,32,37,38,39,,,,,6.03,3.22,5.09,4*0D
$BDGSV,5,1,20,01,36,141,,02,35,228,,03,44,191,,04,26,125,,1*73
$BDGSV,5,2,20,05,17,250,,06,68,316,31,07,13,180,15,08,30,203,22,1*78
$BDGSV,5,3,20,09,55,288,22,16,68,319,35,20,26,316,18,23,78,027,35,1*78
$BDGSV,5,4,20,25,25,052,18,32,75,255,28,34,01,069,,37,43,241,26,1*7A
$BDGSV,5,5,20,38,19,192,26,39,71,355,34,40,11,169,,41,36,157,29,1*70
$BDGSV,2,1,07,20,26,316,30,23,78,027,35,32,75,255,32,37,43,241,27,3*7E
$BDGSV,2,2,07,38,19,192,26,39,71,355,41,41,36,157,29,3-- Send QB4 Data OK......294

*4F
$BDGLL,3904.60458,N,11721.24728,E,134042.00,A,A*76
$BDTXT,01,01,01,ANTENNA OK*24

-- Build QB4 Data :2024,7,10 21-40-42   294


-- Send QB4 Data OK......294





$BDZDA,134043.00,10,07,2024,00,00*74
$BDRMC,134043.00,A,3904.60454,N,11721.24715,E,0.170,,100724,,,A,V*10
$BDGGA,134043.00,3904.60454,N,11721.24715,E,1,08,3.22,24.1,M,-4.9,M,,*6C
$BDGSA,A,3,06,08,16,23,32,37,38,39,,,,,6.02,3.22,5.09,4*0C
$BDGSV,5,1,20,01,36,141,,02,35,228,,03,44,191,,04,26,125,,1*73
$BDGSV,5,2,20,05,17,250,,06,68,316,23,07,13,180,13,08,30,203,20,1*7F
$BDGSV,5,3,20,09,55,288,20,16,68,319,30,20,26,316,17,23,78,027,30,1*75
$BDGSV,5,4,20,25,25,052,17,32,75,255,26,34,01,069,,37,44,241,25,1*7F
$BDGSV,5,5,20,38,19,192,24,39,71,355,28,40,11,169,,41,36,157,27,1*71
$BDGSV,2,1,07,20,26,316,23,23,78,027,31,32,75,255,27,37,44,241,26,3*7A
$BDGSV,2,2,07,38,19,192,24,39,71,355,39,41,36,157,28,3*43
$BDGLL,3904.60454,N,11721.24715,E,134043.00,A,A*75
$BDTXT,01,01,01,ANTENNA OK*24

-- Build QB4 Data :2024,7,10 21-40-43   294






$BDZDA,134044.00,10,07,2024,00,00*73
$BDRMC,134044.00,A,3904.60450,N,11721.24696,E,0.089,,100724,,,A,V*1E
$BDGGA,134044.00,3904.60450,N,11721.24696,E,1,08,3.22,24.6,M,-4.9,M,,*62
$BDGSA,A,3,06,08,16,23,32,37,38,39,,,,,6.02,3.22,5.09,4*0C
$BDGSV,5,1,20,01,36,141,,02,35,228,,03,44,191,,04,26,125,,1*73
$BDGSV,5,2,20,05,17,250,,06,68,316,31,07,13,180,,08,30,203,21,1*7F
$BDGSV,5,3,20,09,55,288,22,16,68,319,35,20,26,316,17,23,78,027,35,1*77
$BDGSV,5,4,20,25,25,052,17,32,75,255,27,34,01,069,,37,44,241,26,1*7D
$BDGSV,5,5,20,38,19,192,26,39,71,355,34,40,11,169,,41,36,157,29,1*70
$BDGSV,2,1,07,20,26,316,30,23,78,027,36,32,75,255,32,37,44,241,26,3*7B
$BDGSV,2,2,07,38,19,192,25,39,71,355,41,41,36,157,29,3*4C
$BDGLL,3904.60450,N,11721.24696,E,134044.00,A,A*7C
$BDTXT,01,01,01,ANTENNA OK*24

-- Send QB4 Data OK......294


-- Build QB4 Data :2024,7,10 21-40-44   294






$BDZDA,134045.00,10,07,2024,00,00*72
$BDRMC,134045.00,A,3904.60433,N,11721.24698,E,0.127,,100724,,,A,V*11
$BDGGA,134045.00,3904.60433,N,11721.24698,E,1,09,2.65,25.1,M,-4.9,M,,*6D
$BDGSA,A,3,06,08,16,23,32,37,38,39,41,,,,5.53,2.65,4.85,4*09
$BDGSV,5,1,20,01,36,141,,02,35,228,,03,44,191,,04,26,125,,1*73
$BDGSV,5,2,20,05,17,250,,06,68,316,31,07,13,180,,08,30,203,21,1*7F
$BDGSV,5,3,20,09,55,288,22,16,68,319,34,20,26,316,16,23,78,027,35,1*77
$BDGSV,5,4,20,25,25,052,18,32,-- Send QB4 Data OK......294

75,255,27,34,01,069,,37,44,241,26,1*72
$BDGSV,5,5,20,38,19,192,26,39,71,355,33,40,11,169,,41,36,156,29,1*76
$BDGSV,2,1,07,20,26,316,30,23,78,027,36,32,75,255,32,37,44,241,26,3*7B
$BDGSV,2,2,07,38,19,192,25,39,71,355,41,41,36,156,30,3*45
$BDGLL,3904.60433,N,11721.24698,E,134045.00,A,A*76
$BDTXT,01,01,01,ANTENNA OK*24

-- Build QB4 Data :2024,7,10 21-40-45   294






$BDZDA,134046.00,10,07,2024,00,00*71
$BDRMC,134046.00,A,3904.60411,N,11721.24714,E,0.101,,100724,,,A,V*13
$BDGGA,134046.00,3904.60411,N,11721.24714,E,1,09,2.65,25.7,M,-4.9,M,,*6D
$BDGSA,A,3,06,08,16,23,32,37,38,39,41,,,,5.53,2.65,4.85,4*09
$BDGSV,5,1,20,01,36,141,,02,35,228,,03,44,191,,04,26,125,,1*73
$BDGSV,5,2,20,05,17,250,,06,68,316,30,07,13,180,,08,30,203,20,1*7F
$BDGSV,5,3,20,09,55,288,22,16,68,319,34,20,26,316,15,23,78,027,34,1*75
$BDGSV,5,4,20,25,25,052,18,32,75,255,27,34,01,069,,37,44,241,26,1*72
$BDGSV,5,5,20,38,19,192,25,39,71,355,33,40,11,169,,41,36,156,28,1*74
$BDGSV,2,1,07,20,26,316,30,23,78,027,35,32,75,255,32,37,44,241,25,3*7B
$BDGSV,2,2,07,38,19,192,25,39,71,355,40,41,36,156,29,3*4C
$BDGLL,3904.60411,N,11721.24714,E,134046.00,A,A*70
$BDTXT,01,01,01,ANTENNA OK*24

-- Send QB4 Data OK......294


-- Build QB4 Data :2024,7,10 21-40-46   294






$BDZDA,134047.00,10,07,2024,00,00*70
$BDRMC,134047.00,A,3904.60390,N,11721.24724,E,0.201,,100724,,,A,V*1C
$BDGGA,134047.00,3904.60390,N,11721.24724,E,1,09,2.65,26.2,M,-4.9,M,,*67
$BDGSA,A,3,06,08,16,23,32,37,38,39,41,,,,5.53,2.65,4.85,4*09
$BDGSV,5,1,20,01,36,141,,02,35,228,,03,44,191,,04,26,125,,1*73
$BDGSV,5,2,20,05,17,250,,06,68,316,30,07,13,180,,08,30,203,21,1*7E
$BDGSV,5,3,20,09,55,288,21,16,68,319,34,20,26,316,16,23,78,027,34,1*75
$BDGSV,5,4,20,25,25,052,18,32,75,255,27,34,01,069,,37,44,241,27,1*73
$BDGSV,5,5,20,38,19,192,25,39,71,355,33,40,11,169,,41,36,156,28,1*74
$BDGSV,2,1,07,20,26,316,29,23,78,027,35,32,75,255,31,37,44,241,24,3*71
$BDGSV,2,2,07,38,19,192,24,39,71,355,40,41,36,156,29,3*4D
$BDGLL,3904.60390,N,11721.24724,E,134047.00,A,A*7C
$BDTXT,01,01,01,ANTENNA OK*24

-- Send QB4 Data OK......294


-- Build QB4 Data :2024,7,10 21-40-47   294






$BDZDA,134048.00,10,07,2024,00,00*7F
$BDRMC,134048.00,A,3904.60371,N,11721.24723,E,0.113,,100724,,,A,V*1B
$BDGGA,134048.00,3904.60371,N,11721.24723,E,1,09,2.65,26.8,M,-4.9,M,,*6A
$BDGSA,A,3,06,08,16,23,32,37,38,39,41,,,,5.53,2.65,4.85,4*09
$BDGSV,5,1,20,01,36,141,,02,35,228,,03,44,191,,04,26,125,,1*73
$BDGSV,5,2,20,05,17,250,,06,68,316,31,07,13,180,,08,30,203,21,1*7F
$BDGSV,5,3,20,09,55,288,22,16,68,319,35,20,26,316,16,23,78,027,33,1*70
$BDGSV,5,4,20,25,25,052,17,32,-- Send QB4 Data OK......294

75,255,27,34,01,069,,37,44,241,27,1*7C
$BDGSV,5,5,20,38,19,192,26,39,71,355,33,40,11,169,,41,36,156,28,1*77
$BDGSV,2,1,07,20,26,316,30,23,78,027,35,32,75,255,32,37,44,241,23,3*7D
$BDGSV,2,2,07,38,19,192,24,39,71,355,39,41,36,156,29,3*43
$BDGLL,3904.60371,N,11721.24723,E,134048.00,A,A*7B
$BDTXT,01,01,01,ANTENNA OK*24

-- Build QB4 Data :2024,7,10 21-40-48   294


-- Send QB4 Data OK......294






$BDZDA,134049.00,10,07,2024,00,00*7E
$BDRMC,134049.00,A,3904.60348,N,11721.24732,E,0.107,,100724,,,A,V*15
$BDGGA,134049.00,3904.60348,N,11721.24732,E,1,09,2.65,27.2,M,-4.9,M,,*6A
$BDGSA,A,3,06,08,16,23,32,37,38,39,41,,,,5.53,2.65,4.85,4*09
$BDGSV,5,1,20,01,36,141,,02,35,228,,03,44,191,,04,26,125,,1*73
$BDGSV,5,2,20,05,17,250,,06,68,316,30,07,13,180,,08,30,203,20,1*7F
$BDGSV,5,3,20,09,55,288,22,16,68,319,34,20,26,316,14,23,78,027,34,1*74
$BDGSV,5,4,20,25,25,052,15,32,75,255,26,34,01,069,,37,44,241,27,1*7F
$BDGSV,5,5,20,38,19,192,25,39,71,355,32,40,11,169,,41,36,156,28,1*75
$BDGSV,2,1,07,20,26,316,29,23,78,027,34,32,75,255,31,37,44,241,22,3*76
$BDGSV,2,2,07,38,19,192,24,39,71,355,39,41,36,156,29,3*43
$BDGLL,3904.60348,N,11721.24732,E,134049.00,A,A*70
$BDTXT,01,01,01,ANTENNA OK*24

-- Build QB4 Data :2024,7,10 21-40-49   294






$BDZDA,134050.00,10,07,2024,00,00*76
$BDRMC,134050.00,A,3904.60332,N,11721.24732,E,0.078,,100724,,,A,V*19
$BDGGA,134050.00,3904.60332,N,11721.24732,E,1,09,2.65,27.6,M,-4.9,M,,*6B
$BDGSA,A,3,06,08,16,23,32,37,38,39,41,,,,5.52,2.65,4.85,4*08
$BDGSV,5,1,20,01,36,141,,02,35,228,,03,44,191,,04,26,125,,1*73
$BDGSV,5,2,20,05,17,250,,06,68,316,31,07,13,180,,08,30,203,21,1*7F
$BDGSV,5,3,20,09,55,288,22,16,68,319,35,20,26,316,14,23,78,027,35,1*74
$BDGSV,5,4,20,25,25,052,16,32,75,255,27,34,01,069,,37,44,241,28,1*72
$BDGSV,5,5,20,38,19,192,26,39,71,355,34,40,11,169,,41,36,156,28,1*70
$BDGSV,2,1,07,20,26,316,30,23,78,027,35,32,75,255,32,37,44,241,22,3*7C
$BDGSV,2,2,07,38,19,192,24,39,71,355,41,41,36,156,30,3*44
$BDGLL,3904.60332,N,11721.24732,E,134050.00,A,A*75
$BDTXT,01,01,01,ANTENNA OK*24

-- Send QB4 Data OK......294


-- Build QB4 Data :2024,7,10 21-40-50   294






$BDZDA,134051.00,10,07,2024,00,00*77
$BDRMC,134051.00,A,3904.60315,N,11721.24731,E,0.090,,100724,,,A,V*18
$BDGGA,134051.00,3904.60315,N,11721.24731,E,1,09,2.65,28.2,M,-4.9,M,,*67
$BDGSA,A,3,06,08,16,23,32,37,38,39,41,,,,5.52,2.65,4.85,4*08-- Send QB4 Data OK......294


$BDGSV,6,1,21,01,36,141,,02,35,228,,03,44,191,,04,26,125,,1*71
$BDGSV,6,2,21,05,17,250,,06,68,316,32,07,13,180,,08,30,203,21,1*7E
$BDGSV,6,3,21,09,55,289,22,10,06,188,,16,68,319,35,20,26,316,13,1*7B
$BDGSV,6,4,21,23,78,027,35,25,25,052,17,32,75,255,27,34,01,069,,1*75
$BDGSV,6,5,21,37,44,241,29,38,19,192,26,39,71,355,34,40,11,169,,1*72
$BDGSV,6,6,21,41,36,156,28,1*4E
$BDGSV,2,1,07,20,26,316,30,23,78,027,36,32,75,255,32,37,44,241,22,3*7F
$BDGSV,2,2,07,38,19,192,25,39,71,355,41,41,36,156,31,3*44
$BDGLL,3904.60315,N,11721.24731,E,134051.00,A,A*72
$BDTXT,01,01,01,ANTENNA OK*24

-- Build QB4 Data :2024,7,10 21-40-51   294






$BDZDA,134052.00,10,07,2024,00,00*74
$BDRMC,134052.00,A,3904.60305,N,11721.24730,E,0.243,,100724,,,A,V*17
$BDGGA,134052.00,3904.60305,N,11721.24730,E,1,09,2.64,28.6,M,-4.9,M,,*61
$BDGSA,A,3,06,08,16,23,32,37,38,39,41,,,,5.52,2.64,4.84,4*08
$BDGSV,6,1,21,01,36,141,,02,35,228,,03,44,191,,04,26,125,,1*71
$BDGSV,6,2,21,05,17,250,,06,68,316,30,07,13,180,,08,30,203,20,1*7D
$BDGSV,6,3,21,09,55,289,21,10,06,188,,16,68,319,34,20,26,316,10,1*7A
$BDGSV,6,4,21,23,78,027,34,25,25,052,16,32,75,255,26,34,01,069,,1*74
$BDGSV,6,5,21,37,44,241,28,38,19,192,25,39,71,355,33,40,11,169,,1*77
$BDGSV,6,6,21,41,36,156,28,1*4E
$BDGSV,2,1,07,20,26,316,30,23,78,027,35,32,75,255,32,37,44,241,20,3*7E
$BDGSV,2,2,07,38,19,192,25,39,71,355,39,41,36,156,30,3*4A
$BDGLL,3904.60305,N,11721.24730,E,134052.00,A,A*71
$BDTXT,01,01,01,ANTENNA OK*24

-- Send QB4 Data OK......294


-- Build QB4 Data :2024,7,10 21-40-52   294






$BDZDA,134053.00,10,07,2024,00,00*75
$BDRMC,134053.00,A,3904.60306,N,11721.24736,E,0.271,,100724,,,A,V*12
$BDGGA,134053.00,3904.60306,N,11721.24736,E,1,09,2.64,28.3,M,-4.9,M,,*60
$BDGSA,A,3,06,08,16,23,32,37,38,39,41,,,,5.52,2.64,4.84,4*08
$BDGSV,6,1,21,01,36,141,,02,35,228,,03,44,191,,04,26,125,,1*71
$BDGSV,6,2,21,05,17,250,,06,68,316,29,07,13,180,,08,30,203,19,1*7F
$BDGSV,6,3,21,09,55,289,20,10,06,188,,16,68,319,34,20,26,316,11,1*7A
$BDGSV,6,4,21,23,78,027,34,25,25,052,15,32,75,255,26,34,01,069,,1*77
$BDGSV,6,5,21,37,44,241,27,38,19,192,24,39,71,355,32,40,11,169,,1*78
$BDGSV,6,6,21,41,36,156,27,1*41
$BDGSV,2,1,07,20,26,316,29,23,78,027,35,32,75,255,32,37,44,241,19,3*7C
$BDGSV,2,2,07,38,19,192,24,39,71,355,40,41,36,156,30,3*45
$BDGLL,3904.60306,N,11721.24736,E,134053.00,A,A*75
$BDTXT,01,01,01,ANTENNA OK*24
-- Send QB4 Data OK......294


-- Build QB4 Data :2024,7,10 21-40-53   294






$BDZDA,134054.00,10,07,2024,00,00*72
$BDRMC,134054.00,A,3904.60296,N,11721.24741,E,0.111,,100724,,,A,V*18
$BDGGA,134054.00-- Send QB4 Data OK......294

,3904.60296,N,11721.24741,E,1,09,2.64,28.7,M,-4.9,M,,*6B
$BDGSA,A,3,06,08,16,23,32,37,38,39,41,,,,5.52,2.64,4.84,4*08
$BDGSV,6,1,21,01,36,141,,02,35,228,,03,44,191,,04,26,125,,1*71
$BDGSV,6,2,21,05,17,250,,06,68,316,31,07,13,180,,08,30,203,19,1*76
$BDGSV,6,3,21,09,55,289,21,10,06,188,,16,68,319,35,20,26,316,14,1*7F
$BDGSV,6,4,21,23,78,027,35,25,25,052,17,32,75,255,26,34,01,069,,1*74
$BDGSV,6,5,21,37,44,241,29,38,19,192,25,39,71,355,33,40,11,169,,1*76
$BDGSV,6,6,21,41,36,156,28,1*4E
$BDGSV,2,1,06,20,26,316,30,23,78,027,35,32,75,255,32,38,19,192,24,3*71
$BDGSV,2,2,06,39,71,355,40,41,36,156,31,3*7A
$BDGLL,3904.60296,N,11721.24741,E,134054.00,A,A*7A
$BDTXT,01,01,01,ANTENNA OK*24

-- Build QB4 Data :2024,7,10 21-40-54   294






$BDZDA,134055.00,10,07,2024,00,00*73
$BDRMC,134055.00,A,3904.60281,N,11721.24738,E,0.059,,100724,,,A,V*1C
$BDGGA,134055.00,3904.60281,N,11721.24738,E,1,09,2.64,29.3,M,-4.9,M,,*67
$BDGSA,A,3,06,08,16,23,32,37,38,39,41,,,,5.52,2.64,4.84,4*08
$BDGSV,6,1,21,01,36,141,,02,35,228,,03,44,191,,04,26,125,,1*71
$BDGSV,6,2,21,05,17,250,,06,68,316,30,07,13,180,,08,30,203,19,1*77
$BDGSV,6,3,21,09,55,289,21,10,06,188,,16,68,319,34,20,26,316,14,1*7E
$BDGSV,6,4,21,23,78,027,34,25,25,052,17,32,75,255,26,34,01,069,,1*75
$BDGSV,6,5,21,37,44,241,29,38,19,192,25,39,71,355,33,40,11,169,,1*76
$BDGSV,6,6,21,41,36,156,27,1*41
$BDGSV,2,1,06,20,26,316,30,23,78,027,35,32,75,255,32,38,19,192,24,3*71
$BDGSV,2,2,06,39,71,355,40,41,36,156,30,3*7B
$BDGLL,3904.60281,N,11721.24738,E,134055.00,A,A*73
$BDTXT,01,01,01,ANTENNA OK*24

-- Send QB4 Data OK......294


-- Build QB4 Data :2024,7,10 21-40-55   294






$BDZDA,134056.00,10,07,2024,00,00*70
$BDRMC,134056.00,A,3904.60276,N,11721.24740,E,0.178,,100724,,,A,V*1A
$BDGGA,134056.00,3904.60276,N,11721.24740,E,1,09,2.64,29.5,M,-4.9,M,,*65
$BDGSA,A,3,06,08,16,23,32,37,38,39,41,,,,5.52,2.64,4.84,4*08
$BDGSV,6,1,21,01,36,141,,02,35,228,,03,44,191,,04,26,125,,1*71
$BDGSV,6,2,21,05,17,250,,06,68,316,30,07,13,180,,08,30,203,20,1*7D
$BDGSV,6,3,21,09,55,289,22,10,06,188,,16,68,319,33,20,26,316,14,1*7A
$BDGSV,6,4,21,23,78,027,34,25,25,052,17,32,75,255,26,34,01,069,,1*75
$BDGSV,6,5,21,37,44,241,29,38,19,192,25,39,71,355,32,40,11,169,,1*77
$BDGSV,6,6,21,41,36,156,27,1*41
$BDGSV,2,1,06,20,26,316,29,23,78,027,35,32,75,255,31,38,19,192,24,3*7A
$BDGSV,2,2,06,39,71,355,40,41,36,156,30,3*7B
$BDGLL,3904.60276,N,11721.24740,E,134056.00,A,A*77
$BDTXT,01,01,01,ANTENNA OK*24
-- Send QB4 Data OK......294


-- Build QB4 Data :2024,7,10 21-40-56   294


-- Send QB4 Data OK......294





$BDZDA,134057.00,10,07,2024,00,00*71
$BDRMC,134057.00,A,3904.60270,N,11721.24744,E,0.209,,100724,,,A,V*1C
$BDGGA,134057.00,3904.60270,N,11721.24744,E,1,09,2.64,29.7,M,-4.9,M,,*64
$BDGSA,A,3,06,08,16,23,32,37,38,39,41,,,,5.51,2.64,4.84,4*0B
$BDGSV,6,1,21,01,36,141,,02,35,228,,03,44,191,,04,26,125,,1*71
$BDGSV,6,2,21,05,17,250,,06,68,316,30,07,13,180,,08,30,203,20,1*7D
$BDGSV,6,3,21,09,55,289,21,10,06,188,,16,68,319,34,20,26,316,13,1*79
$BDGSV,6,4,21,23,78,027,34,25,25,052,16,32,75,255,26,34,01,069,,1*74
$BDGSV,6,5,21,37,44,241,29,38,19,192,25,39,71,355,32,40,11,169,,1*77
$BDGSV,6,6,21,41,36,156,27,1*41
$BDGSV,2,1,06,20,26,316,29,23,78,027,35,32,75,255,32,38,19,192,24,3*79
$BDGSV,2,2,06,39,71,355,40,41,36,156,30,3*7B
$BDGLL,3904.60270,N,11721.24744,E,134057.00,A,A*74
$BDTXT,01,01,01,ANTENNA OK*24

-- Build QB4 Data :2024,7,10 21-40-57   294






$BDZDA,134058.00,10,07,2024,00,00*7E
$BDRMC,134058.00,A,3904.60266,N,11721.24756,E,0.173,,100724,,,A,V*19
$BDGGA,134058.00,3904.60266,N,11721.24756,E,1,09,2.64,29.9,M,-4.9,M,,*61
$BDGSA,A,3,06,08,16,23,32,37,38,39,41,,,,5.51,2.64,4.84,4*0B
$BDGSV,6,1,21,01,36,141,,02,35,228,,03,44,191,,04,26,125,,1*71
$BDGSV,6,2,21,05,17,250,,06,68,316,29,07,13,180,,08,30,203,19,1*7F
$BDGSV,6,3,21,09,55,289,20,10,06,188,,16,68,319,33,20,26,316,13,1*7F
$BDGSV,6,4,21,23,78,027,33,25,25,052,14,32,75,255,26,34,01,069,,1*71
$BDGSV,6,5,21,37,44,241,29,38,19,192,25,39,71,355,32,40,11,169,,1*77
$BDGSV,6,6,21,41,36,156,27,1*41
$BDGSV,2,1,06,20,26,316,29,23,78,027,34,32,75,255,31,38,19,192,24,3*7B
$BDGSV,2,2,06,39,71,355,40,41,36,156,30,3*7B
$BDGLL,3904.60266,N,11721.24756,E,134058.00,A,A*7F
$BDTXT,01,01,01,ANTENNA OK*24

-- Send QB4 Data OK......294


-- Build QB4 Data :2024,7,10 21-40-58   294






$BDZDA,134059.00,10,07,2024,00,00*7F
$BDRMC,134059.00,A,3904.60259,N,11721.24763,E,0.307,,100724,,,A,V*13
$BDGGA,134059.00,3904.60259,N,11721.24763,E,1,09,2.64,30.3,M,-4.9,M,,*68
$BDGSA,A,3,06,08,16,23,32,37,38,39,41,,,,5.51,2.64,4.84,4*0B
$BDGSV,6,1,21,01,36,141,,02,35,228,,03,44,191,,04,26,125,,1*71
$BDGSV,6,2,21,05,17,250,,06,68,316,30,07,13,180,,08,30,203,19,1*77
$BDGSV,6,3,21,09,55,289,21,10,06,188,,16,68,319,34,20,26,316,12,1*78
$BDGSV,6,4,21,23,78,027,34,25,25,052,16,32,75,255,26,34,01,069,,1*74
$BDGSV,6,5,21,37,44,241,30,38,19,192,25,39,71,355,33,40,11,169,,1*7E
$BDGSV,6,6,21,41,36,156,27,1*41
$BDGSV,2,1,06,20,26,316,29,23,78,027,34,32,75,255,31,38,19,192,23,3*7C
$BDGSV,2,2,06,39,71,355-- Send QB4 Data OK......294

,40,41,36,156,30,3*7B
$BDGLL,3904.60259,N,11721.24763,E,134059.00,A,A*74
$BDTXT,01,01,01,ANTENNA OK*24

-- Build QB4 Data :2024,7,10 21-40-59   294






$BDZDA,134100.00,10,07,2024,00,00*72
$BDRMC,134100.00,A,3904.60249,N,11721.24771,E,0.267,,100724,,,A,V*1B
$BDGGA,134100.00,3904.60249,N,11721.24771,E,1,09,2.64,30.7,M,-4.9,M,,*63
$BDGSA,A,3,06,08,16,23,32,37,38,39,41,,,,5.51,2.64,4.84,4*0B
$BDGSV,6,1,21,01,36,141,,02,35,228,,03,44,191,,04,26,125,,1*71
$BDGSV,6,2,21,05,17,250,,06,68,316,31,07,13,180,,08,30,203,20,1*7C
$BDGSV,6,3,21,09,55,289,21,10,06,188,,16,68,319,35,20,26,316,12,1*79
$BDGSV,6,4,21,23,78,027,36,25,25,052,18,32,75,255,27,34,01,069,,1*79
$BDGSV,6,5,21,37,44,241,31,38,19,192,26,39,71,355,34,40,11,169,,1*7B
$BDGSV,6,6,21,41,36,156,28,1*4E
$BDGSV,2,1,06,20,26,316,30,23,78,027,35,32,75,255,33,38,19,192,24,3*70
$BDGSV,2,2,06,39,71,355,41,41,36,156,31,3*7B
$BDGLL,3904.60249,N,11721.24771,E,134100.00,A,A*7B
$BDTXT,01,01,01,ANTENNA OK*24

-- Send QB4 Data OK......294


-- Build QB4 Data :2024,7,10 21-41-0   294


-- Send QB4 Data OK......294






$BDZDA,134101.00,10,07,2024,00,00*73
$BDRMC,134101.00,A,3904.60236,N,11721.24773,E,0.221,,100724,,,A,V*12
$BDGGA,134101.00,3904.60236,N,11721.24773,E,1,09,2.64,31.2,M,-4.9,M,,*6C
$BDGSA,A,3,06,08,16,23,32,37,38,39,41,,,,5.51,2.64,4.83,4*0C
$BDGSV,6,1,21,01,36,141,,02,35,228,,03,44,191,,04,26,125,,1*71
$BDGSV,6,2,21,05,17,250,,06,68,316,31,07,13,180,,08,30,203,21,1*7D
$BDGSV,6,3,21,09,55,289,21,10,06,188,,16,68,319,35,20,26,316,12,1*79
$BDGSV,6,4,21,23,78,027,35,25,25,052,19,32,75,255,27,34,01,069,,1*7B
$BDGSV,6,5,21,37,44,241,31,38,19,192,26,39,71,355,33,40,11,169,,1*7C
$BDGSV,6,6,21,41,36,156,27,1*41
$BDGSV,2,1,06,20,26,316,29,23,78,027,35,32,75,255,32,38,19,192,24,3*79
$BDGSV,2,2,06,39,71,355,40,41,36,156,31,3*7A
$BDGLL,3904.60236,N,11721.24773,E,134101.00,A,A*70
$BDTXT,01,01,01,ANTENNA OK*24

-- Build QB4 Data :2024,7,10 21-41-1   294






$BDZDA,134102.00,10,07,2024,00,00*70
$BDRMC,134102.00,A,3904.60226,N,11721.24780,E,0.171,,100724,,,A,V*1A
$BDGGA,134102.00,3904.60226,N,11721.24780,E,1,09,2.64,31.5,M,-4.9,M,,*65
$BDGSA,A,3,06,08,16,23,32,37,38,39,41,,,,5.51,2.64,4.83,4*0C
$BDGSV,6,1,21,01,36,141,,02,35,228,,03,44,191,,04,26,125,,1*71
$BDGSV,6,2,21,05,17,250,,06,68,316,29,07,13,180,,08,30,203,20,1*75
$BDGSV,6,3,21,09,55,289,20,10,06,188,,16,68,319,29,20,26,316,11,1*76
$BDGSV,6,4,21,23,78,027,29,25,25,052,18,32,75,255,25,34,01,069,,1*75
$BDGSV,6,5,21,37,44,241,29,38,19,192,25,39,71,355,27,40,11,169,,1*73
$BDGSV,6,6-- Send QB4 Data OK......294

,21,41,36,156,25,1*43
$BDGSV,2,1,06,20,26,316,28,23,78,027,30,32,75,255,25,38,19,192,21,3*7E
$BDGSV,2,2,06,39,71,355,34,41,36,156,29,3*70
$BDGLL,3904.60226,N,11721.24780,E,134102.00,A,A*7E
$BDTXT,01,01,01,ANTENNA OK*24

-- Build QB4 Data :2024,7,10 21-41-2   294


-- Send QB4 Data OK......294





$BDZDA,134103.00,10,07,2024,00,00*71
$BDRMC,134103.00,A,3904.60223,N,11721.24786,E,0.063,,100724,,,A,V*1A
$BDGGA,134103.00,3904.60223,N,11721.24786,E,1,09,2.64,31.7,M,-4.9,M,,*65
$BDGSA,A,3,06,08,16,23,32,37,38,39,41,,,,5.51,2.64,4.83,4*0C
$BDGSV,6,1,21,01,36,141,,02,35,228,,03,44,191,,04,26,125,,1*71
$BDGSV,6,2,21,05,17,250,,06,68,316,30,07,13,180,,08,30,203,20,1*7D
$BDGSV,6,3,21,09,55,289,21,10,06,188,,16,68,319,35,20,26,316,12,1*79
$BDGSV,6,4,21,23,78,027,34,25,25,052,16,32,75,255,26,34,01,069,,1*74
$BDGSV,6,5,21,37,44,241,31,38,19,192,25,39,71,355,33,40,11,169,,1*7F
$BDGSV,6,6,21,41,36,156,26,1*40
$BDGSV,2,1,06,20,26,316,28,23,78,027,34,32,75,255,31,38,19,192,21,3*7F
$BDGSV,2,2,06,39,71,355,40,41,36,156,30,3*7B
$BDGLL,3904.60223,N,11721.24786,E,134103.00,A,A*7C
$BDTXT,01,01,01,ANTENNA OK*24

-- Build QB4 Data :2024,7,10 21-41-3   294






$BDZDA,134104.00,10,07,2024,00,00*76
$BDRMC,134104.00,A,3904.60212,N,11721.24786,E,0.151,,100724,,,A,V*1F
$BDGGA,134104.00,3904.60212,N,11721.24786,E,1,09,2.64,32.2,M,-4.9,M,,*66
$BDGSA,A,3,06,08,16,23,32,37,38,39,41,,,,5.51,2.64,4.83,4*0C
$BDGSV,6,1,21,01,36,141,,02,35,228,,03,44,191,,04,26,125,,1*71
$BDGSV,6,2,21,05,17,250,,06,68,316,31,07,13,180,,08,30,203,20,1*7C
$BDGSV,6,3,21,09,55,289,22,10,06,188,,16,68,319,35,20,26,316,14,1*7C
$BDGSV,6,4,21,23,78,027,34,25,25,052,15,32,75,255,27,34,01,069,,1*76
$BDGSV,6,5,21,37,44,241,31,38,19,192,26,39,71,355,33,40,11,169,,1*7C
$BDGSV,6,6,21,41,36,156,26,1*40
$BDGSV,2,1,06,20,26,316,29,23,78,027,35,32,75,255,32,38,19,192,22,3*7F
$BDGSV,2,2,06,39,71,355,40,41,36,156,31,3*7A
$BDGLL,3904.60212,N,11721.24786,E,134104.00,A,A*79
$BDTXT,01,01,01,ANTENNA OK*24

-- Send QB4 Data OK......294


-- Build QB4 Data :2024,7,10 21-41-4   294






$BDZDA,134105.00,10,07,2024,00,00*77
$BDRMC,134105.00,A,3904.60204,N,11721.24787,E,0.315,,100724,,,A,V*1A
$BDGGA,134105.00,3904.60204,N,11721.24787,E,1,09,2.64,32.6,M,-4.9,M,,*65
$BDGSA,A,3,06,08,16,23,32,37,38,39,41,,,,5.50,2.64,4.83,4*0D
$BDGSV,6,1,21,01,36,141,,02,35,228,,03,44,191,,04,26,125,,1*71
$BDGSV,6,2,21,05,17,250,,06,68,316,31,07,13,180,,08,30,203,21,1*7D
$BDGSV,6,3,21,09,55,289,21,10,06,188,,16,68,319,35,20,26,316,13,1*78
$BDGSV,6,4,21,23,78,027,35,25,25-- Send QB4 Data OK......294

,052,14,32,75,255,26,34,01,069,,1*77
$BDGSV,6,5,21,37,44,241,32,38,19,192,26,39,71,355,33,40,11,169,,1*7F
$BDGSV,6,6,21,41,36,156,26,1*40
$BDGSV,2,1,06,20,26,316,30,23,78,027,35,32,75,255,32,38,19,192,23,3*76
$BDGSV,2,2,06,39,71,355,41,41,36,156,31,3*7B
$BDGLL,3904.60204,N,11721.24787,E,134105.00,A,A*7E
$BDTXT,01,01,01,ANTENNA OK*24

-- Build QB4 Data :2024,7,10 21-41-5   294


-- Send QB4 Data OK......294






$BDZDA,134106.00,10,07,2024,00,00*74
$BDRMC,134106.00,A,3904.60197,N,11721.24795,E,0.375,,100724,,,A,V*15
$BDGGA,134106.00,3904.60197,N,11721.24795,E,1,09,2.64,32.8,M,-4.9,M,,*62
$BDGSA,A,3,06,08,16,23,32,37,38,39,41,,,,5.50,2.64,4.83,4*0D
$BDGSV,6,1,21,01,36,141,,02,35,228,,03,44,191,,04,26,125,,1*71
$BDGSV,6,2,21,05,17,250,,06,68,316,30,07,13,180,,08,30,203,20,1*7D
$BDGSV,6,3,21,09,55,289,22,10,06,188,,16,68,319,34,20,26,316,12,1*7B
$BDGSV,6,4,21,23,78,027,34,25,25,052,15,32,75,255,26,34,01,069,,1*77
$BDGSV,6,5,21,37,44,241,31,38,19,192,26,39,71,355,29,40,11,169,,1*77
$BDGSV,6,6,21,41,36,156,25,1*43
$BDGSV,2,1,06,20,26,316,29,23,78,027,34,32,75,255,32,38,19,192,22,3*7E
$BDGSV,2,2,06,39,71,355,39,41,36,156,30,3*75
$BDGLL,3904.60197,N,11721.24795,E,134106.00,A,A*77
$BDTXT,01,01,01,ANTENNA OK*24

-- Build QB4 Data :2024,7,10 21-41-6   294






$BDZDA,134107.00,10,07,2024,00,00*75
$BDRMC,134107.00,A,3904.60192,N,11721.24806,E,0.227,,100724,,,A,V*12
$BDGGA,134107.00,3904.60192,N,11721.24806,E,1,09,2.64,32.9,M,-4.9,M,,*62
$BDGSA,A,3,06,08,16,23,32,37,38,39,41,,,,5.50,2.64,4.83,4*0D
$BDGSV,6,1,21,01,36,141,,02,35,228,,03,44,191,,04,26,125,,1*71
$BDGSV,6,2,21,05,17,250,,06,68,316,30,07,13,180,,08,30,203,20,1*7D
$BDGSV,6,3,21,09,55,289,22,10,06,188,,16,68,319,34,20,26,316,13,1*7A
$BDGSV,6,4,21,23,78,027,35,25,25,052,16,32,75,255,27,34,01,069,,1*74
$BDGSV,6,5,21,37,44,241,32,38,19,192,26,39,71,355,32,40,11,169,,1*7E
$BDGSV,6,6,21,41,36,156,26,1*40
$BDGSV,2,1,06,20,26,316,29,23,78,027,35,32,75,255,32,38,19,192,23,3*7E
$BDGSV,2,2,06,39,71,355,41,41,36,156,31,3*7B
$BDGLL,3904.60192,N,11721.24806,E,134107.00,A,A*76
$BDTXT,01,01,01,ANTENNA OK*24

-- Send QB4 Data OK......294


-- Build QB4 Data :2024,7,10 21-41-7   294






$BDZDA,134108.00,10,07,2024,00,00*7A
$BDRMC,134108.00,A,3904.60185,N,11721.24808,E,0.031,,100724,,,A,V*10
$BDGGA,134108.00,3904.60185,N,11721.24808,E,1,09,2.64,33.1,M,-4.9,M,,*6C
$BDGSA,A,3,06,08,16,23,32,37,38,39,41,,,,5.50,2.64,4.83,4*0D
$BDGSV,6,1,21,01,36,141,,02,35,228,,03,44,191,,04,26,125,,1*71
$BDGSV,6,2,21,05,17,250,,06,68,316,30,07,13,180,,08,-- Send QB4 Data OK......294

30,203,19,1*77
$BDGSV,6,3,21,09,55,289,21,10,06,188,,16,68,319,33,20,26,316,14,1*79
$BDGSV,6,4,21,23,78,027,34,25,25,052,17,32,75,255,26,34,01,069,,1*75
$BDGSV,6,5,21,37,44,241,31,38,19,192,25,39,71,355,32,40,12,169,,1*7D
$BDGSV,6,6,21,41,36,156,25,1*43
$BDGSV,2,1,06,20,26,316,29,23,78,027,34,32,75,255,31,38,19,192,22,3*7D
$BDGSV,2,2,06,39,71,355,39,41,36,156,30,3*75
$BDGLL,3904.60185,N,11721.24808,E,134108.00,A,A*71
$BDTXT,01,01,01,ANTENNA OK*24

-- Build QB4 Data :2024,7,10 21-41-8   294






$BDZDA,134109.00,10,07,2024,00,00*7B
$BDRMC,134109.00,A,3904.60182,N,11721.24813,E,0.067,,100724,,,A,V*1F
$BDGGA,134109.00,3904.60182,N,11721.24813,E,1,09,2.64,33.1,M,-4.9,M,,*60
$BDGSA,A,3,06,08,16,23,32,37,38,39,41,,,,5.50,2.64,4.82,4*0C
$BDGSV,6,1,21,01,36,141,,02,35,228,,03,44,191,,04,26,125,,1*71
$BDGSV,6,2,21,05,17,250,,06,68,316,31,07,13,180,,08,30,203,20,1*7C
$BDGSV,6,3,21,09,55,289,22,10,06,188,,16,68,319,34,20,26,316,15,1*7C
$BDGSV,6,4,21,23,78,027,35,25,25,052,17,32,75,255,27,34,01,069,,1*75
$BDGSV,6,5,21,37,44,241,32,38,19,192,26,39,71,355,33,40,12,169,,1*7C
$BDGSV,6,6,21,41,36,156,26,1*40
$BDGSV,2,1,07,20,26,316,29,23,78,027,35,32,75,255,32,37,44,241,23,3*75
$BDGSV,2,2,07,38,19,192,23,39,71,355,41,41,36,156,31,3*42
$BDGLL,3904.60182,N,11721.24813,E,134109.00,A,A*7D
$BDTXT,01,01,01,ANTENNA OK*24

-- Send QB4 Data OK......294


-- Build QB4 Data :2024,7,10 21-41-9   294






$BDZDA,134110.00,10,07,2024,00,00*73
$BDRMC,134110.00,A,3904.60177,N,11721.24819,E,0.036,,100724,,,A,V*13
$BDGGA,134110.00,3904.60177,N,11721.24819,E,1,09,2.64,33.2,M,-4.9,M,,*6B
$BDGSA,A,3,06,08,16,23,32,37,38,39,41,,,,5.50,2.64,4.82,4*0C
$BDGSV,6,1,21,01,36,141,,02,35,228,,03,44,191,,04,26,125,,1*71
$BDGSV,6,2,21,05,17,250,,06,68,316,31,07,13,180,,08,30,203,20,1*7C
$BDGSV,6,3,21,09,55,289,22,10,06,188,,16,68,319,35,20,26,316,15,1*7D
$BDGSV,6,4,21,23,78,027,35,25,25,052,18,32,75,255,27,34,01,069,,1*7A
$BDGSV,6,5,21,37,44,241,32,38,19,192,27,39,71,355,33,40,12,169,,1*7D
$BDGSV,6,6,21,41,36,156,26,1*40
$BDGSV,2,1,07,20,26,316,29,23,78,027,35,32,75,255,33,37,44,241,23,3*74
$BDGSV,2,2,07,38,19,192,23,39,71,355,41,41,36,156,31,3*42
$BDGLL,3904.60177,N,11721.24819,E,134110.00,A,A*75
$BDTXT,01,01,01,ANTENNA OK*24

-- Send QB4 Data OK......294


-- Build QB4 Data :2024,7,10 21-41-10   294






$BDZDA,134111.00,10,07,2024,00,00*72
$BDRMC,134111.00,A,3904.60172,N,11721.24822,E,0.134,,100724,,,A,V*1C
$BDGGA,134111.00,3904.60172,N,11721.24822,E,1,09,2.64,33.5,M,-4.9,M,,*60
$BDGSA,A,3,06,08,16,23,32,37,38,39,41,,,,5.50,2.64,4.82,4*0C-- Send QB4 Data OK......294


$BDGSV,6,1,21,01,36,141,,02,35,228,,03,44,191,,04,26,125,,1*71
$BDGSV,6,2,21,05,17,250,,06,68,316,31,07,13,180,,08,30,203,20,1*7C
$BDGSV,6,3,21,09,55,289,22,10,06,188,,16,68,319,35,20,26,316,16,1*7E
$BDGSV,6,4,21,23,78,027,35,25,25,052,18,32,75,255,27,34,01,069,,1*7A
$BDGSV,6,5,21,37,44,241,32,38,19,192,27,39,71,355,33,40,12,169,,1*7D
$BDGSV,6,6,21,41,36,156,26,1*40
$BDGSV,2,1,07,20,26,316,29,23,78,027,35,32,75,255,33,37,44,241,24,3*73
$BDGSV,2,2,07,38,19,192,23,39,71,355,40,41,36,156,31,3*43
$BDGLL,3904.60172,N,11721.24822,E,134111.00,A,A*79
$BDTXT,01,01,01,ANTENNA OK*24

-- Build QB4 Data :2024,7,10 21-41-11   294


-- Send QB4 Data OK......294






$BDZDA,134112.00,10,07,2024,00,00*71
$BDRMC,134112.00,A,3904.60168,N,11721.24835,E,0.444,,100724,,,A,V*10
$BDGGA,134112.00,3904.60168,N,11721.24835,E,1,09,2.64,33.6,M,-4.9,M,,*6D
$BDGSA,A,3,06,08,16,23,32,37,38,39,41,,,,5.50,2.64,4.82,4*0C
$BDGSV,6,1,21,01,36,141,,02,35,228,,03,44,191,,04,26,125,,1*71
$BDGSV,6,2,21,05,17,250,,06,68,316,30,07,13,180,,08,30,203,19,1*77
$BDGSV,6,3,21,09,55,289,20,10,06,188,,16,68,319,34,20,26,316,14,1*7F
$BDGSV,6,4,21,23,78,027,35,25,25,052,17,32,75,255,26,34,01,069,,1*74
$BDGSV,6,5,21,37,44,241,32,38,19,192,25,39,71,355,32,40,12,169,,1*7E
$BDGSV,6,6,21,41,36,156,24,1*42
$BDGSV,2,1,07,20,26,316,29,23,78,027,35,32,75,255,32,37,44,241,23,3*75
$BDGSV,2,2,07,38,19,192,21,39,71,355,41,41,36,156,30,3*41
$BDGLL,3904.60168,N,11721.24835,E,134112.00,A,A*77
$BDTXT,01,01,01,ANTENNA OK*24

-- Build QB4 Data :2024,7,10 21-41-12   294






$BDZDA,134113.00,10,07,2024,00,00*70
$BDRMC,134113.00,A,3904.60165,N,11721.24838,E,0.177,,100724,,,A,V*14
$BDGGA,134113.00,3904.60165,N,11721.24838,E,1,09,2.64,33.7,M,-4.9,M,,*6D
$BDGSA,A,3,06,08,16,23,32,37,38,39,41,,,,5.49,2.64,4.82,4*04
$BDGSV,6,1,21,01,36,141,,02,35,228,,03,44,191,,04,26,125,,1*71
$BDGSV,6,2,21,05,17,250,,06,68,316,31,07,13,180,,08,30,203,20,1*7C
$BDGSV,6,3,21,09,55,289,21,10,06,188,,16,68,319,35,20,26,316,15,1*7E
$BDGSV,6,4,21,23,78,027,35,25,25,052,18,32,75,255,27,34,01,069,21,1*79
$BDGSV,6,5,21,37,44,241,32,38,19,192,26,39,71,355,33,40,12,169,,1*7C
$BDGSV,6,6,21,41,36,156,25,1*43
$BDGSV,2,1,07,20,26,316,30,23,78,027,35,32,75,255,33,37,44,241,25,3*7A
$BDGSV,2,2,07,38,19,192,21,39,71,355,41,41,36,156,31,3*40
$BDGLL,3904.60165,N,11721.24838,E,134113.00,A,A*76
$BDTXT,01,01,01,ANTENNA OK*2-- Send QB4 Data OK......294

4

-- Build QB4 Data :2024,7,10 21-41-13   294






$BDZDA,134114.00,10,07,2024,00,00*77
$BDRMC,134114.00,A,3904.60159,N,11721.24842,E,0.071,,100724,,,A,V*16
$BDGGA,134114.00-- Send QB4 Data OK......294

,3904.60159,N,11721.24842,E,1,09,2.64,33.9,M,-4.9,M,,*66
$BDGSA,A,3,06,08,16,23,32,37,38,39,41,,,,5.49,2.64,4.82,4*04
$BDGSV,6,1,21,01,36,141,,02,35,228,,03,44,191,,04,26,125,,1*71
$BDGSV,6,2,21,05,17,250,,06,68,316,31,07,13,180,,08,30,203,20,1*7C
$BDGSV,6,3,21,09,55,289,21,10,06,188,,16,68,319,34,20,26,316,16,1*7C
$BDGSV,6,4,21,23,78,027,34,25,25,052,18,32,75,255,27,34,01,069,20,1*79
$BDGSV,6,5,21,37,44,241,32,38,19,192,26,39,71,355,33,40,12,169,,1*7C
$BDGSV,6,6,21,41,36,156,25,1*43
$BDGSV,2,1,07,20,26,316,29,23,78,027,35,32,75,255,33,37,44,241,26,3*71
$BDGSV,2,2,07,38,19,192,22,39,71,355,39,41,36,156,30,3*4D
$BDGLL,3904.60159,N,11721.24842,E,134114.00,A,A*73
$BDTXT,01,01,01,ANTENNA OK*24

-- Build QB4 Data :2024,7,10 21-41-14   294


-- Send QB4 Data OK......294






$BDZDA,134115.00,10,07,2024,00,00*76
$BDRMC,134115.00,A,3904.60163,N,11721.24845,E,0.027,,100724,,,A,V*1A
$BDGGA,134115.00,3904.60163,N,11721.24845,E,1,09,2.63,33.8,M,-4.9,M,,*6F
$BDGSA,A,3,06,08,16,23,32,37,38,39,41,,,,5.49,2.63,4.82,4*03
$BDGSV,6,1,21,01,36,141,,02,35,228,,03,44,191,,04,26,125,,1*71
$BDGSV,6,2,21,05,17,250,,06,68,316,30,07,13,180,,08,30,203,19,1*77
$BDGSV,6,3,21,09,55,289,21,10,06,188,,16,68,319,34,20,26,316,15,1*7F
$BDGSV,6,4,21,23,78,027,34,25,25,052,18,32,75,255,27,34,01,069,18,1*72
$BDGSV,6,5,21,37,44,241,31,38,19,192,26,39,71,355,32,40,12,169,,1*7E
$BDGSV,6,6,21,41,36,156,25,1*43
$BDGSV,2,1,07,20,26,316,30,23,78,027,35,32,75,255,33,37,44,241,26,3*79
$BDGSV,2,2,07,38,19,192,22,39,71,355,40,41,36,156,30,3*43
$BDGLL,3904.60163,N,11721.24845,E,134115.00,A,A*7C
$BDTXT,01,01,01,ANTENNA OK*24

-- Build QB4 Data :2024,7,10 21-41-15   294






$BDZDA,134116.00,10,07,2024,00,00*75
$BDRMC,134116.00,A,3904.60162,N,11721.24846,E,0.085,,100724,,,A,V*13
$BDGGA,134116.00,3904.60162,N,11721.24846,E,1,09,2.63,33.9,M,-4.9,M,,*6F
$BDGSA,A,3,06,08,16,23,32,37,38,39,41,,,,5.49,2.63,4.82,4*03
$BDGSV,6,1,21,01,36,141,,02,35,228,,03,44,191,,04,26,125,,1*71
$BDGSV,6,2,21,05,17,250,,06,68,316,30,07,13,180,,08,30,203,19,1*77
$BDGSV,6,3,21,09,55,289,22,10,06,188,,16,68,319,34,20,26,316,17,1*7E
$BDGSV,6,4,21,23,78,027,34,25,25,052,19,32,75,254,27,34,01,069,17,1*7D
$BDGSV,6,5,21,37,44,241,32,38,19,192,26,39,71,355,32,40,12,169,,1*7D
$BDGSV,6,6,21,41,35,156,25,1*40
$BDGSV,2,1,07,20,26,316,29,23,78,027,35,32,75,254,33,37,44,241,26,3*70
$BDGSV,2,2,07,38,19,192,22,39,71,355,41,41,35,156,30,3*41
$BDGLL,3904.60162,N,11721.24846,E,134116.00,A,A*7D
$BDTXT,01,01,01,ANTENNA OK*2-- Send QB4 Data OK......294

4

-- Build QB4 Data :2024,7,10 21-41-16   294


-- Send QB4 Data OK......294





$BDZDA,134117.00,10,07,2024,00,00*74
$BDRMC,134117.00,A,3904.60158,N,11721.24851,E,0.148,,100724,,,A,V*1D
$BDGGA,134117.00,3904.60158,N,11721.24851,E,1,09,2.63,34.0,M,-4.9,M,,*6F
$BDGSA,A,3,06,08,16,23,32,37,38,39,41,,,,5.49,2.63,4.81,4*00
$BDGSV,6,1,21,01,36,141,,02,35,228,,03,44,191,,04,26,125,,1*71
$BDGSV,6,2,21,05,17,250,,06,68,316,30,07,13,180,,08,30,203,20,1*7D
$BDGSV,6,3,21,09,55,289,21,10,06,188,,16,68,319,34,20,26,316,17,1*7D
$BDGSV,6,4,21,23,78,027,34,25,25,052,19,32,75,254,27,34,01,069,17,1*7D
$BDGSV,6,5,21,37,44,241,32,38,19,192,26,39,71,355,32,40,12,169,,1*7D
$BDGSV,6,6,21,41,35,156,25,1*40
$BDGSV,2,1,07,20,26,316,30,23,78,027,34,32,75,254,32,37,44,241,27,3*79
$BDGSV,2,2,07,38,19,192,22,39,71,355,39,41,35,156,30,3*4E
$BDGLL,3904.60158,N,11721.24851,E,134117.00,A,A*73
$BDTXT,01,01,01,ANTENNA OK*24

-- Build QB4 Data :2024,7,10 21-41-17   294






$BDZDA,134118.00,10,07,2024,00,00*7B
$BDRMC,134118.00,A,3904.60154,N,11721.24856,E,0.209,,100724,,,A,V*1F
$BDGGA,134118.00,3904.60154,N,11721.24856,E,1,09,2.63,34.1,M,-4.9,M,,*6A
$BDGSA,A,3,06,08,16,23,32,37,38,39,41,,,,5.49,2.63,4.81,4*00
$BDGSV,6,1,21,01,36,141,,02,35,228,,03,44,191,,04,26,125,,1*71
$BDGSV,6,2,21,05,17,250,,06,68,316,29,07,13,180,,08,30,203,20,1*75
$BDGSV,6,3,21,09,55,289,21,10,06,188,,16,68,319,34,20,26,316,16,1*7C
$BDGSV,6,4,21,23,78,027,34,25,25,052,17,32,75,254,27,34,01,069,16,1*72
$BDGSV,6,5,21,37,44,241,31,38,19,192,26,39,71,355,32,40,12,169,,1*7E
$BDGSV,6,6,21,41,35,156,25,1*40
$BDGSV,2,1,07,20,26,316,29,23,78,027,34,32,75,254,32,37,44,241,27,3*71
$BDGSV,2,2,07,38,19,192,21,39,71,355,40,41,35,156,29,3*4B
$BDGLL,3904.60154,N,11721.24856,E,134118.00,A,A*77
$BDTXT,01,01,01,ANTENNA OK*24

-- Send QB4 Data OK......294


